Insumo   ;Embalagem  ;Descricao  ;Quantidade ;Valor;Preco Medio;Ultimo Preco
1;PCT.      ;ABAIXADOR DE LINGUA ESPATULA DE MADEIRA DESC. PCT C/ 100 UND                              ;954;6186,96;6,485283;7,11
2;UM        ;SERINGA DESC.03ML S/AGULHA LUER LOCK                                                      ;62288;8752;0,140508;0,25
3;UM        ;MASCARA P/BALAO AUTO INFLAVEL SEMI TRANSPARENTE/TRANPARENTE                               ;0;0;0;10,27
4;UM        ;SERINGA DESC.05ML S/AGULHA LUER LOCK                                                      ;2584;343,04;0,132755;0,11
5;UM        ;SERINGA DESC.60ML S/AGULHA LUER LOCK                                                      ;76470;150240,6;1,964699;1,96
6;UM        ;SERINGA DESC.20ML S/AGULHA LUER LOCK                                                      ;0;0;0;0,47
7;UM        ;SERINGA DESC.10ML C/AGULHA LUER LOCK                                                      ;0;0;0;0,4
8;UM        ;SERINGA DESC.10ML S/AGULHA LUER LOCK                                                      ;0;0;0;0,2
11;UM        ;CUECA DESCARTAVEL, TECIDO TNT, COR BRANCA, TAM GG                                         ;16;157,44;9,84;9,84
12;UM        ;SABONETE LIQUIDO COM TRICLOSAN 0,3%, ANT-SEPTICO FRASCO COM 1000 ML EXCLUIDO (INATIVO)    ;0;0;0;7,9
13;UM        ;BRACADEIRA ESFIGMOMANOMETRO ANEROIDE ALGODAO/NYLON NEONATAL                               ;61;1321,13;21,657868;21,77
14;UM        ;BRACADEIRA ESFIGMOMANOMETRO ANEROIDE NYLON INFANTIL                                       ;80;1343,2;16,79;16,79
15;UM        ;BRACADEIRA ESFIGMOMANOMETRO ANEROIDE NYLON ADOLESCENTE/ADULTO                             ;316;5226,88;16,540759;15,33
16;UM        ;BRACADEIRA ESFIGMOMANOMETRO ANEROIDE NYLON ADULTO OBESO                                   ;3;80,25;26,75;26,75
17;UM        ;ELETRODO ADESIVO DE SUPERFICIE TAB ELETRONEUROMIOGRAFIA                                   ;0;0;0;1,74
19;UM        ;ALCOOL ISOPROPILICO 100% 1 LITRO                                                          ;1235;23749,05;19,23;19,23
20;UM        ;SABONETE LIQUIDO ERVA DOCE 5 LITROS                                                       ;0;0;0;19,56
21;UM        ;ACIDO CLORIDRICO 37% 5 LITROS                                                             ;41;7607,14;185,54;185,54
22;UM        ;DIGLICONATO DE CLOREXIDINA 0,12% EM GEL - BISNAGA 20 GRAMAS                               ;716;7002,48;9,78;9,78
23;UM        ;CUFOMETRO                                                                                 ;3;6458,58;2152,86;2152,86
24;UM        ;SACHE COMPRESSA UMEDECIDA DE ALCOOL 70%                                                   ;79200;3960;0,05;0,05
25;UM        ;FRASCO COLETOR DE PRODUTOS QUIMICOS E FARMACEUTICOS 20ML                                  ;0;0;0;0
26;FR.       ;DILATADOR CERVICAL DENNISTON KIT COM 5 DILATADORES:5-6MM,7-8MM, 9-10MM, 11-12MM E 13-14MM.;0;0;0;533,74
27;FR.       ;TUBO CRIOGENICO (5ML)                                                                     ;1000;1060;1,06;1,06
28;FR.       ;KIT ASPIRADOR UTERINO: ASPIRADOR + 8 CANULAS DIAMETROS DE 4 A 12 MM                       ;9;4803,66;533,74;533,74
37;UM        ;CONECTOR VALVULADO SISTEMA FECHADO PRESSAO NEUTRA                                         ;7000;18200;2,6;2,6
42;UM        ;(NEFRO)KIT CDL 07FR X 20 EM POLIURETANO - CATETER DUPLO LUMEN PEDIATRICO                  ;0;0;0;100
73;PCT.      ;AGULHA DE CORTE AUTOMATICA P/BIOPSIA DE MAMA SACN 1412                                    ;0;0;0;43
74;UM        ;AGULHA DESCARTAVEL (13 X 4.5)                                                             ;0;0;0;0,33
75;UM        ;AGULHA DESCARTAVEL (25 X 7.0)                                                             ;0;0;0;0,51
76;UM        ;AGULHA DESCARTAVEL (25 X 8.0)                                                             ;0;0;0;0,06
77;UM        ;AGULHA DESCARTAVEL (30 X 8.0) COM E SEM DISPOSITIVO DE SEGURANCA                          ;61500;15750;0,256097;0,25
78;UM        ;AGULHA DESCARTAVEL (30 X 7.0)                                                             ;0;0;0;0,17
79;UM        ;AGULHA DESCARTAVEL (40 X 12.0)COM OU SEM DISPOSITIVO DE SEGURANCA.                        ;85600;17120;0,2;0,2
80;UMA       ;AGULHA DESCARTAVEL (40 X 16)                                                              ;0;0;0;0,06
81;UM        ;AGULHA DESCARTAVEL COLETA A VACUO 25X0,8MM.                                               ;400;228;0,57;0,57
83;UM        ;AGULHA DESC.P/ANESTESIA RAQUIDIANA 27G X 3 1/2                                            ;3800;16036;4,22;4,22
87;UM        ;AGULHA DESC.P/ANESTESIA RAQUIDIANA 27G X 2 1/5                                            ;0;0;0;0
88;UM        ;AGULHA PERIDURAL N.16X3 1/2 DESCARTAVEL PARA ANESTESIA                                    ;1260;4488,75;3,5625;3,55
101;FR.       ;ALCOOL ETILICO ABSOLUTO 92,8% 1000ML                                                      ;0;0;0;8,46
102;FR.       ;ALCOOL 96% 1000ML                                                                         ;0;0;0;5,66
103;FR.       ;ALCOOL GEL 70% 500ML                                                                      ;0;0;0;3,815
104;FR.       ;ALCOOL 70% 1000ML                                                                         ;39582;233137,98;5,89;5,89
105;FR.       ;ALCOOL ABSOLUTO 1000ML                                                                    ;0;0;0;6,44
111;DZ.       ;ALGODAO ORTOPEDICO (15CM X 1MT)                                                           ;0;0;0;1
113;RL.       ;ALGODAO HIDROFILO 500G                                                                    ;0;0;0;11,11
114;DZ.       ;ALGODAO ORTOPEDICO (10CM X 1MT)                                                           ;0;0;0;0,1
116;UMA       ;ALMOTOLIA MARROM BICO RETO 250ML                                                          ;0;0;0;1,71
119;UMA       ;ALMOTOLIA TRANSPARENTE BICO CURVO 250ML                                                   ;552;1998,24;3,62;3,62
120;UMA       ;ALMOTOLIA MARROM BICO CURVO 250ML                                                         ;240;895,2;3,73;3,73
121;UMA       ;ALMOTOLIA TRANSPARENTE BICO RETO 250ML                                                    ;266;736,82;2,77;2,77
164;RL.       ;ITEM EXCLUIDO - USAR CODIGO 7311 PARA SOLICITACAO                                         ;0;0;0;0
165;UMA       ;BOTA IMOBILIZADORA BILATERAL M.                                                           ;0;0;0;0,3
166;RL.       ;(COLOS)PLACA DE BASE ADESIVA REF 18510, DE RESINA SINTETICA, CONCOVA, COM FORMATO DE ESTRE;50;4047,9;80,958;81,91
167;RL.       ;ATADURA DE CREPE 10CM                                                                     ;57396;26355,55;0,459187;0,9
169;RL.       ;ATADURA DE CREPE 20CM                                                                     ;143;128,7;0,9;0,9
170;RL.       ;ATADURA DE CREPE 30CM                                                                     ;0;0;0;0
172;RL.       ;ATADURA DE CREPE 15CM                                                                     ;892;7064,64;7,92;7,92
178;UM        ;AVENTAL EXCLUIDO - LANCAR NO CODIGO 10486                                                 ;0;0;0;2,08
179;UM        ;AVENTAL DESC.SEM MANGAS,EM TNT.                                                           ;0;0;0;0,77
181;UM        ;AVENTAL EM PLASTICO PROTETOR TAM.UNICO NAO ESTERIL C/MANGA                                ;218;647,46;2,97;2,97
182;UMA       ;AVENTAL DE CHUMBO 0,50MM COM ACABAMENTO EM NYLON LAVAVEL.                                 ;0;0;0;408,32
232;UMA       ;(COLOS)ANEL PROTETOR DE PELE (89602) FLEXIVEL CONVEXO OVALADO HOLLISTER.                  ;230;7790,1;33,87;33,87
233;UMA       ;(COLOS) PLACA PARA BOLSA REF 401612 RECORTAVEL 10-44MM                                    ;0;0;0;0
235;UMA       ;BOLSA PARA AGUA GELADA                                                                    ;0;0;0;24,33
239;UM        ;BOLSA TERMICA PARA AGUA QUENTE.                                                           ;566;11932,93245;21,082919;20,3
273;GL.       ;CAL SODADA EM PILULAS FORMATO LENTICULAR COM GRAU DE UMIDADEDE 14 A 16%                   ;0;0;0;175
291;UMA       ;CANETA PARA ELETROCARDIOGRAMA 3 CANAIS COMP. C/ MARCA DIXTAL                              ;55;1351,9;24,58;24,58
294;UMA       ;CANULA DE GUEDEL N.00                                                                     ;91;178,36;1,96;1,96
295;UMA       ;CANULA DE GUEDEL N.01                                                                     ;143;664,95;4,65;4,65
296;UMA       ;CANULA DE GUEDEL N.02                                                                     ;0;0;0;2,25
297;UMA       ;CANULA DE GUEDEL N.03                                                                     ;0;0;0;2,25
298;UMA       ;CANULA DE GUEDEL N.04                                                                     ;5353;22696,72;4,24;4,24
299;UMA       ;CANULA DE GUEDEL N.05                                                                     ;134;483;3,604477;3,13
300;UMA       ;CANULA DE GUEDEL N.06                                                                     ;37;185;5;5
301;UMA       ;CANULA DE TRAQUEOSTOMIA N.2.5 SEM BALAO                                                   ;0;0;0;12,2
302;UMA       ;CANULA DE TRAQUEOSTOMIA N.3.0 SEM BALAO                                                   ;211;3030,76;14,363791;14,11
303;UMA       ;CANULA DE TRAQUEOSTOMIA N.3.5 SEM BALAO                                                   ;215;3063,2;14,247441;16,66
304;UMA       ;CANULA DE TRAQUEOSTOMIA N.4.0 SEM BALAO                                                   ;0;0;0;16,66
305;UMA       ;CANULA DE TRAQUEOSTOMIA N.4.5 SEM BALAO                                                   ;3;49,98;16,66;16,66
306;UMA       ;CANULA DE TRAQUEOSTOMIA N.5.5 COM BALAO                                                   ;110;1621,4;14,74;14,74
307;UMA       ;CANULA DE TRAQUEOSTOMIA N.5.0 SEM BALAO                                                   ;3;49,98;16,66;16,66
308;UMA       ;CANULA DE TRAQUEOSTOMIA N.6.5 COM BALAO                                                   ;118;1734,48;14,698983;14,64
309;UMA       ;CANULA DE TRAQUEOSTOMIA N.7.0 COM BALAO                                                   ;130;2263,3;17,41;17,41
310;UMA       ;CANULA DE TRAQUEOSTOMIA N.7.5 COM BALAO                                                   ;156;2739,36;17,56;17,56
311;UMA       ;CANULA DE TRAQUEOSTOMIA N.8.0 COM BALAO                                                   ;420;7198,8;17,14;17,14
312;UMA       ;CANULA DE TRAQUEOSTOMIA N.8.5 COM BALAO                                                   ;1130;20249,6;17,92;17,92
313;UMA       ;CANULA DE TRAQUEOSTOMIA N.9.0 COM BALAO                                                   ;330;4844,4;14,68;14,68
314;UMA       ;CANULA DE TRAQUEOSTOMIA N.01 EM ACO INOXIDAVEL                                            ;104;7564,42;72,734807;81,98
315;UMA       ;CANULA DE TRAQUEOSTOMIA N.04 EM ACO INOXIDAVEL                                            ;20;1405,8;70,29;70,29
316;UMA       ;CANULA DE TRAQUEOSTOMIA N.02 EM ACO INOXIDAVEL                                            ;128;7596,5;59,347656;48
317;UMA       ;CANULA DE TRAQUEOSTOMIA N.03 EM ACO INOXIDAVEL                                            ;188;12629,85648;67,180087;80,51
318;UMA       ;CANULA DE TRAQUEOSTOMIA N.05 EM ACO INOXIDAVEL                                            ;46;2756,32;59,92;59,92
319;UMA       ;CANULA DE TRAQUEOSTOMIA N.06 EM ACO INOXIDAVEL                                            ;44;2964,28;67,37;67,37
320;UMA       ;CANULA DE TRAQUEOSTOMIA N.07 EM ACO INOXIDAVEL                                            ;0;0;0;120,4
321;UMA       ;CANULA DE TRAQUEOSTOMIA N.6.0 COM BALAO                                                   ;320;4684,8;14,64;14,64
322;UMA       ;CANULA DE TRAQUEOSTOMIA N.5.5 SEM BALAO                                                   ;7;116,62;16,66;16,66
344;UM        ;CATETER CENTRAL DE INSERCAO PERIFERICA EPICUTANEO 24G (PICC) FR 03 - 30CM                 ;0;0;0;232,3
345;UM        ;CATETER CENTRAL DE INSERCAO PERIFERICA EPICUTANEO 16G (PICC)                              ;0;0;0;0
349;UMA       ;CATETER PARA EMBOLECTOMIA ARTERIAL 6F (TIPO FOGART), (81CM)                               ;35;5016,55;143,33;143,33
353;UM        ;CATETER INTRAVENOSO 14 PARA ACESSO PERIFERICO                                             ;0;0;0;1,8
354;UM        ;CATETER INTRAVENOSO 16 PARA ACESSO PERIFERICO                                             ;90;73,8;0,82;0,82
355;UMA       ;CATETER INTRAVENOSO 18 PARA ACESSO PERIFERICO                                             ;500;900;1,8;1,8
356;UM        ;CATETER INTRAVENOSO 20 PARA ACESSO PERIFERICO                                             ;2400;3120;1,3;1,3
357;UM        ;CATETER INTRAVENOSO 22 PARA ACESSO PERIFERICO                                             ;1500;1950;1,3;1,3
358;UM        ;CATETER INTRAVENOSO 24 PARA ACESSO PERIFERICO                                             ;5400;7020;1,3;1,3
359;UM        ;CATETER INTRAVENOSO CENTRAL ADULTO 16G X 20CM DUPLO LUMEN (TECNICA DE SELDINGER)          ;0;0;0;48,2
360;UMA       ;CATETER NASAL P/OXIGENIO TIPO OCULOS N.12 ADULTO                                          ;16004;39252,12;2,452644;2,49
361;UMA       ;CATETER PARA EMBOLECTOMIA ARTERIAL 3F (TIPO FOGART), (81CM)                               ;70;7378;105,4;105,4
362;UMA       ;CATETER PARA EMBOLECTOMIA ARTERIAL 4F (TIPO FOGART), (81CM)                               ;40;3576,8;89,42;105,56
363;UMA       ;CATETER PARA EMBOLECTOMIA ARTERIAL 5F (TIPO FOGART), (81CM)                               ;20;2111,2;105,56;105,56
364;UMA       ;CATETER PARA EMBOLECTOMIA ARTERIAL 7F (TIPO FOGART), (81CM)                               ;30;4299,9;143,33;143,33
369;UMA       ;AGULHA PERIDURAL N.20G X 1/2 PEDIATRICA                                                   ;975;28068;28,787692;40,44
407;UM        ;CIRCUITO RESPIRATORIO INTER 5 INFANTIL/NEO.                                               ;28;9800;350;350
408;UM        ;CIRCUITO RESPIRATORIO DIXTAL ADULTO C/ PROXIMAL                                           ;18;6260,76;347,82;347,82
467;UM        ;COLCHAO DE AR TIPO CAIXA DE OVO TAMANHO 190 CM X 90 CM                                    ;992;184492,16;185,98;185,98
473;UM        ;COLETOR DE URINA EM SISTEMA ABERTO INFANTIL FEMININO 100ML                                ;0;0;0;0,32
474;UM        ;COLETOR DE URINA EM SISTEMA ABERTO INFANTIL MASCULINO 100M                                ;0;0;0;0,1
475;UM        ;COLETOR DE URINA EM SISTEMA FECHADO 2000 ML (TIPO BOLSA)                                  ;0;0;0;2,99
476;UMA       ;COLETOR P/MATERIAL PERFURO-CORTANTE 13L.                                                  ;449;2399,66;5,344454;5,26
477;UM        ;COLETOR P/MATERIAL PERFURO-CORTANTE 7L                                                    ;0;0;0;3,21
480;UM        ;COLETOR UNIVERSAL 80 ML PLASTICO DESCARTAVEL C/PA ESTERIL                                 ;21800;6976;0,32;0,32
481;UMA       ;COLETOR UNIVERSAL 80 ML PLASTICO DESCARTAVEL C/PA NAO ESTERIL                             ;7650;2601;0,34;0,34
487;ENV.      ;COMPRESSA NNEUROCIRURGICA COTTONOID 25 X 76 MM.                                           ;181;6852,58;37,859558;34,58
489;ENV.      ; COMPRESSA NEUROCIRURGICA COTTONOID 13 X 13 MM.                                           ;540;22680;42;42
490;PCT.      ;COMPRESSA TIPO CAMPO OPERATORIO 45CMX50CM - 30 A 35G                                      ;890;80100;90;90
497;KIT       ;CONJUNTO P/ NEBULIZACAO P/ OXIGENIO ADULTO                                                ;217;1670,9;7,7;7,7
499;CX.       ;COTONETE (HASTE FLEXIVEL P/ LIMPEZA DE OUVIDO) CX 75 UND                                  ;0;0;0;1,91
505;KIT       ;KIT CANULA NASAL N.0 CIRCUITO NASAL INFANTIL-CPAP.                                        ;111;7270,5;65,5;65,5
506;KIT       ;KIT CANULA NASAL N.1 CIRCUITO NASAL INFANTIL-CPAP.                                        ;1714;108487,5922;63,294977;63,15
507;KIT       ;KIT CANULA NASAL N.2 CIRCUITO NASAL INFANTIL-CPAP.                                        ;1469;97923,54;66,66;66,66
508;KIT       ;KIT CANULA NASAL N.3 CIRCUITO NASAL INFANTIL-CPAP.                                        ;2468;157976,68;64,01;64,01
509;KIT       ;KIT CANULA NASAL N.4 CIRCUITO NASAL INFANTIL-CPAP.                                        ;1058;67870,7;64,15;64,15
517;UM        ;CATETER URETERAL MODELO PIG TAIL 4FRX16CM                                                 ;0;0;0;213,68
527;KG.       ;DESINCROSTANTE 1KG                                                                        ;52;1764,88;33,94;33,94
532;FR.       ;DETERGENTE ENZIMATICO PARA LIMPEZA DE INSTRUMENTO CIRURGICO E ENDOSCOPIO 1000ML           ;0;0;0;0,000001
604;UM        ;DISPOSITIVO P/ INCONTINENCIA URINARIA N.05                                                ;0;0;0;2,19
605;UM        ;DISPOSITIVO P/ INCONTINENCIA URINARIA N.06                                                ;6999;8048,85;1,15;1,15
606;UM        ;DISPOSITIVO P/ INCONTINENCIA URINARIA N.04                                                ;0;0;0;1,49
620;UM        ;DRENO DE PENROSE N.01 - DIAMETRO 6 MM SILICONE                                            ;102;1323,96;12,98;12,98
621;UM        ;DRENO DE PENROSE N.02 - DIAMETRO 8 MM SILICONE                                            ;0;0;0;10,18
622;UM        ;DRENO DE PENROSE N.03 - DIAMETRO 10 MM SILICONE                                           ;0;0;0;18,91
623;UM        ;DRENO DE PENROSE N.04 - DIAMETRO 12 MM SILICONE                                           ;5;61,75;12,35;12,35
624;UM        ;DRENO PARA ASPIRACAO FECHADO (SUCCAO) N.6.4MM                                             ;157;3633,81;23,145286;22,83
627;UM        ;ELETRODO DESC.P/ MONITORACAO CARDIACA INFANTIL                                            ;0;0;0;20,38
633;UM        ;ELETRODO DESC.P/MONITORACAO CARDIACA C/PRE GEL E ESPUMA ADULTO                            ;232350;51604;0,222095;0,22
654;UM        ;EQUIPO MACROGOTAS PARA ADMINISTRACAO DE SOLUCOES PARENTERAIS1,20 MTS                      ;0;0;0;0,95
655;UM        ;EQUIPO MICROGOTAS                                                                         ;0;0;0;0,95
656;UM        ;EQUIPO MICROGOTAS S/ROSCA 1,4M                                                            ;0;0;0;0,97
657;UM        ;EQUIPO MICROGOTAS BURETA                                                                  ;14400;79230;5,502083;5,62
658;UM        ;EQUIPO POLIFIX 02 VIAS                                                                    ;1000;587,597;0,587597;0,587597
659;UM        ;EQUIPO MULTIVIAS COMPOSTO DE 02 VIAS NEONATAL                                             ;0;0;0;0
671;UM        ;ESCALPE N.23 COM E SEM DISPOSITIVO DE SEGURANCA                                           ;5600;1960;0,35;0,35
672;UM        ;ESCALPE N.25 COM E SEM DISPOSITIVO DE SEGURANCA                                           ;1370;479,5;0,35;0,35
673;UM        ;ESCALPE N.27 COM E SEM DISPOSITIVO DE SEGURANCA                                           ;0;0;0;0,35
679;UMA       ;ESCOVA PARA LAVAGEM DAS MAOS PRE-OPERATORIA(ESCOVA SECA)                                  ;18960;27681,6;1,46;1,46
688;UM        ;ESFIGMOMANOMETRO ANEROIDE COMPLETO ADULTO OBESO                                           ;0;0;0;37,05
689;UM        ;ESFIGMOMANOMETRO ANEROIDE COMPLETO ADOLECENTE                                             ;0;0;0;38,33
690;UM        ;ESFIGMOMANOMETRO ANEROIDE COMPLETO NEONATAL                                               ;84;6426,84;76,51;76,51
691;UM        ;ESFIGMOMANOMETRO ANEROIDE COMPLETO PRE ESCOLAR                                            ;0;0;0;0
692;UM        ;ESFIGMOMANOMETRO ANEROIDE COMPLETO ADULTO                                                 ;0;0;0;67,62
693;RL.       ;ESPARADRAPO IMPERMEAVEL 10CMX4,5M                                                         ;9834;78259,08;7,95801;7,95
696;UM        ;ESPECULO VAGINAL DESCARTAVEL TAMANHO MEDIO, GINECOLOGICO                                  ;1935;2225,25;1,15;1,15
697;UM        ;ESPECULO VAGINAL DESCARTAVEL TAMANHO GRANDE, GINECOLOGICO                                 ;0;0;0;1,07
698;UM        ;ESPECULO VAGINAL DESCARTAVEL TAMANHO PEQUENO, GINECOLOGICO                                ;0;0;0;1,07
701;UMA       ;ESPONJA HEMOSTATICA DE GELATINA TAM.(80X50X10MM) GEOFOAM    )                             ;0;0;0;70
708;UM        ;ESTETOSCOPIO CLINICO DUPLO RAPPAPORT NEO/ADULTO                                           ;167;9637,62;57,710299;42,09
710;UM        ;ESTETOSCOPIO CLINICO PEDIATRICO DUPLO                                                     ;177;3461,7;19,557627;19,56
749;CX.       ;FILME RADIOLOGICO 30 X 40 CAIXA COM 100 - DIGITAL                                         ;0;0;0;218,4
750;CX.       ;FILME RADIOLOGICO 35 X 35 CAIXA COM 100 - DIGITAL                                         ;0;0;0;230,63
751;CX.       ;FILME RADIOLOGICO 35 X 43 CAIXA COM 100 - DIGITAL                                         ;0;0;0;800
752;CX.       ;FILME RADIOLOGICO PARA MAMOGRAFIA 18 X 24 CX C/ 100FLS                                    ;0;0;0;0
753;CX.       ;FILME RADIOLOGICO 18 X 24 CAIXA COM 100                                                   ;0;0;0;0,61
754;CX.       ;FILME RADIOLOGICO 24 X 30 CAIXA COM 100                                                   ;0;0;0;119
755;UM        ;FILTRO HMEF INFANTIL.                                                                     ;1265;7590;6;6
756;UM        ;FILTRO HMEF ADULTO.                                                                       ;1195;5676,25;4,75;4,75
764;UM        ;FIO DE FIXACAO OSSEA INTERNA 1.0 X 300 MM TIPO KIRSCHNNER                                 ;0;0;0;11,7
766;UM        ;FIO DE FIXACAO OSSEA INTERNA 2.5 X 300 MM TIPO KIRSCHNNER                                 ;0;0;0;11,7
770;ENV.      ;FIO NYLON N.3-0 AG.3,0CM 3/8 TRIANGULAR.45CM                                              ;19128;35397,72;1,85057;13,92
772;ENV.      ;FIO POLIPROPILENO N.7-0 AG.1,3CM 3/8 CIRCULAR,COMP.75CM.                                  ;0;0;0;0
775;ENV.      ;FIO DE SUTURA DE SEDA 8-0 COM AGULHA 0,65CM 3/8 CIRCULAR, 45CM                            ;0;0;0;0,1
777;ENV.      ;FIO POLIPROPILENO N.6-0 AG.1,3CM 3/8 CIRCULAR,COMP.75CM.                                  ;0;0;0;0
781;ENV.      ;FIO POLIESTER ALGODAO(POLYCOT)N.3-0 AG.1,3CM 1/2 CIRCULAR,COMP.70CM.                      ;3;402;134;134
782;ENV.      ;FIO SEDA PRETO TRANCADO N.6-0 2AG 0,65CM ESPATULADA 3/8 COMP 45CM - OFTALMO.              ;720;14184;19,7;19,7
788;ENV.      ;FIO POLIESTER ALGODAO(POLYCOT)N.0 AG.3,1CM 3/8 CIRCULAR,COMP.70CM.                        ;0;0;0;4
790;ENV.      ;FIO DE SUTURA DE CATGUT CROMADO N.0 70CM FIO AG.1/2CIRC.CIL.6.5CM                         ;0;0;0;152,16
793;ENV.      ;PROTETOR AURICULAR TIPO CONCHA/ABAFADOR CONTRA RUIDOS                                     ;0;0;0;0
795;UM        ;FIO CATGUT CROMADO N.2-0 AG.2,5CM 1/2 CILINDRICA,COMP.75CM.                               ;4320;17107,2;3,96;3,96
799;ENV.      ;FIO POLIGLACTINA(VYCRIL)N.4-0 AG.2,0CM 1/2 CIRCULAR,COMP.70CM.                            ;0;0;0;0
802;ENV.      ;FIO CATGUT SIMPLES N.2-0 AG.4,0CM 1/2 CIRCULAR,COMP.75CM.                                 ;504;1975,68;3,92;3,92
803;ENV.      ;FIO CATGUT SIMPLES N.2-0 AG.3,0CM 3/8 CIRCULAR,70CM.                                      ;0;0;0;0
805;ENV.      ;FIO DE SUTURA DE CATGUT SIMPLES N.1 75CM FIO AG.1/2CIRC.CIL.3.0CM                         ;0;0;0;152,16
808;ENV.      ;FIO POLIGLACTINA(VYCRIL)N.2-0 AG.3,7CM 1/2 CIRCULAR,COMP.75CM.                            ;0;0;0;38,25
814;ENV.      ;FIO POLIGLACTINA(VYCRIL)N.0 AG.4,0CM 1/2 CIRCULAR,COMP.70CM.                              ;7699;73063,51;9,49;9,49
815;ENV.      ;FIO POLIGLACTINA(VYCRIL)N.1   AG 4,0CM 1/2 CIRCULAR,COMP.70CM.                            ;22808;148331;6,503463;6,52
820;ENV.      ;FIO POLIGLACTINA (VYCRIL) N.2-0 AG 2,6CM 1/2 CIRCULAR, COMP.70CM                          ;14074;88103,24;6,26;6,26
826;ENV.      ;FIO POLIGLACTINA(VYCRIL)N.3-0 AG.2,0CM 1/2 CIRCULAR PONTA CONICA, COMP.70CM.              ;0;0;0;17,35
827;ENV.      ;FIO DE SUTURA DE POLIGLACTINA N?3.0 70CM C/                 AGULHA 1/2 .2.6CM             ;0;0;0;0
830;ENV.      ;FIO POLIGLACTINA(VYCRIL)N.5-0 AG.1,7CM 1/2 CIRCULAR,COMP.70CM.                            ;0;0;0;13,53
831;ENV.      ;FIO DE SUTURA DE POLIGLACTINA 910 0 70CM AG.1/2 CILINDRICA  4,8CM 36 ENVELOPES            ;0;0;0;0
833;ENV.      ;FIO POLIPROPILENO N.2-0 AG.3,0CM 3/8 CIRCULAR CILINDRICA,COPM.75CM.                       ;936;1965,6;2,1;2,1
835;ENV.      ;FIO POLIPROPILENO N.2-0 AG.2,2CM 1/2 CIRCULAR,COMP.75CM.                                  ;0;0;0;4,27
836;ENV.      ;FIO POLIPROPILENO N.2-0 AG.2,5CM 1/2 CIRCULAR,COMP.75CM.                                  ;0;0;0;0
838;ENV.      ;FIO POLIPROPILENO N.3-0 AG.3,0CM 1/2 CIRC.75CM 2AG CARDIO                                 ;0;0;0;0,1
840;ENV.      ;FIO POLIPROPILENO N.4-0 AG.2,0CM 1/2 CIRCULAR,COMP.45CM.                                  ;0;0;0;0
843;ENV.      ;FIO DE SUTURA DE MONONYLON N.10 30CM FIO AG.3/8CIRC.CIL.0.65CM                            ;0;0;0;0
847;ENV.      ;FIO DE SUTURA DE MONONYLON N.0 45CM FIO AG.3/8CIRL.TRI.3.0CM                              ;0;0;0;0
849;ENV.      ;FIO POLIESTER ALGODAO N.3-0 S/AG,COMP.15X45CM                                             ;6878;14923,84;2,169793;3,04
850;ENV.      ;FIO DE SUTURA DE NYLON 6-0 COM AGULHA 2,0CM 3/8 CIRCULAR, 45CM                            ;0;0;0;0
854;UM        ;FIO GUIA (MANDRIL) PARA ENTUBACAO ENDOTRAQUEAL ADULTO 30CM                                ;0;0;0;32,58
855;ENV.      ;FIO DE SUTURA DE MONONYLON N.4 45CM FIO AG.3/8CIRC.TRI.2.4CM                              ;0;0;0;0
858;ENV.      ;FIO NYLON N.10-0 AG.0,55 1/2 CIRCULAR ESPATULADA,COMP.30CM.                               ;0;0;0;64
860;ENV.      ;FIO DE SUTURA DE MONONYLON N.3-0 COM AGULHA 3,0CM(30MM) 3/8 TRIANGULAR, 45CM              ;0;0;0;0
861;ENV.      ;FIO DE SUTURA DE MONONYLON N.4 45CM FIO AG.1/2CIRC.COR.1.5CM                              ;0;0;0;0
870;UM        ;FITA CARDIACA 0,3CM X 80CM ANATOMICA ALGODAO                                              ;1632;6789,12;4,16;4,16
884;UM        ;FIXADOR DE TUBO ORO-TRAQUEAL ADULTO                                                       ;0;0;0;17,63
886;UM        ;CURAT. ADESIVO P/FIXACAO DE CATETER E TUBO 3X4CM  NEONATAL                                ;1363;4908,39;3,601166;3,12
893;GL.       ;FIXADOR P/PROCESSADORA AUTOMATICA DE RAIOS-X,GALAO 38 LTS                                 ;0;0;0;173
894;GL.       ;FIXADOR PARA PROCESSADORA AUTOMATICA DE RAIOS-X INATIVO                                   ;0;0;0;140,99
904;UM        ;VALVULA REDUTORA P/REDE CANAL AR COMPRIMIDO                                               ;56;6859,68;122,494285;162
905;UM        ;VALVULA REDUTORA P/REDE CANAL DE OXIGENIO                                                 ;0;0;0;74,97
906;FR.       ;FORMALDEIDO - LIQUIDO INCOLOR, CONCENTRACAO DE 10%                                        ;0;0;0;0
923;UM        ;FRALDA DESCARTAVEL GERIATRICA TAM:M                                                       ;0;0;0;1,93
924;UM        ;FRALDA DESCARTAVEL ADULTO MEDIA (DE 45 A 70 KG)                                           ;0;0;0;1,93
926;UM        ;FRALDA DESCARTAVEL GERIATRICA EG                                                          ;69336;105390,72;1,52;1,52
927;UM        ;FRALDA DESCARTAVEL INFANTIL MEDIA                                                         ;1800;810;0,45;0,45
928;UM        ;FRALDA DESCARTAVEL INFANTIL PEQUENA                                                       ;34980;13642,2;0,39;0,39
930;UM        ;FRASCO DESCARTAVEL PARA DIETA ENTERAL 300ML                                               ;0;0;0;1
931;UM        ;FRASCO DESCARTAVEL PARA DIETA ENTERAL 500ML                                               ;0;0;0;0,71
933;UM        ;COLETOR SECRECOES DE VIAS AERIAS(BRONQUINHO) 40ML                                         ;0;0;0;9,88
934;UM        ;COLETOR DE URINA 24 HORAS 2000ML TIPO FRASCO COM TAMPA                                    ;2486;10730,04;4,316186;4,32
988;UM        ;CATETER TEMPORARIO BIPOLAR, ELETRODO DE ACO INOXIDAVEL, 6FR X 110 CM, 6CM C/ AGULHA       ;0;0;0;629,47
1000;UM        ;CATETER DIAGNOSTICO PERFORMA VERTEBRAL 5F 100CM 038                                       ;0;0;0;117,27
1001;UM        ;CATETER BALAO NC TREK RX 4.50X15MM BDC                                                    ;0;0;0;371,04
1002;UM        ;CATETER BALAO NC TREK RX 2.50X12MM BDC                                                    ;0;0;0;371,04
1003;UM        ;LACO DE CAPTURA CATETER ENDOVASCULAS EN SNARE MINI 120CM DIAMETRO DO LACO 12MM-20MM       ;0;0;0;1658,33
1004;UM        ;EXCHELON 10 MICRO CATETER                                                                 ;0;0;0;1171,34
1005;UM        ;(HEMO/NEURO) EXCHELON 10 PONTA 45 MICRO CATETER                                           ;69;10212;148;148
1006;UM        ;(HEMO/NEURO)MICRO CATETER ECHELON 14 PONTA 45 0.14X150CM                                  ;0;0;0;1468,5
1007;UM        ;EXCHELON 14 PONTA 45 MICRO CATETER                                                        ;0;0;0;1171,34
1008;UM        ;MICROCATETER MARATHON SEM ESTILETE                                                        ;0;0;0;1301,02
1009;UM        ;MOLA DESTACAVEL AXIUM HELIX 20X50                                                         ;0;0;0;1310,85
1010;UM        ;MOLA DESTACAVEL AXIUM PRIME ES HX/ APB-2-1-HX-ES                                          ;0;0;0;1310,85
1011;UM        ;MOLA DESTACAVEL AXIUM PRIME ES HX/ APB-3-8-HX-ES                                          ;0;0;0;1310,85
1012;UM        ;MOLA DESTACAVEL AXIUM PRIME ES HX/ APB-2-3-HX-ES                                          ;0;0;0;1310,85
1013;UM        ;MOLA DESTACAVEL AXIUM PRIME ES HX/ APB-2-2-HX-ES                                          ;0;0;0;1310,85
1014;UM        ;MOLA DESTACAVEL AXIUM PRIME ES HX/ APB-3-6-HX-ES                                          ;0;0;0;1310,85
1015;UM        ;MOLA DESTACAVEL AXIUM PRIME ES HX/ APB-2-6-HX-ES                                          ;0;0;0;1310,85
1016;UM        ;MOLA DESTACAVEL AXIUM PRIME ES HX 1,5X2/APB-1-5-2-HX-ES                                   ;0;0;0;1310,85
1017;UM        ;MOLA DESTACAVEL AXIUM PRIME ES HX 1,5X3/APB-1-5-3-HX-ES                                   ;0;0;0;1310,85
1018;UM        ;MOLA DESTACAVEL AXIUM PRIME ES HX 1,5X4/APB-1-5-4-HX-ES                                   ;0;0;0;1310,85
1019;UM        ;MOLA DESTACAVEL AXIUM PRIME ES HX 2,5X4/APB-2-5-4-HX-ES                                   ;0;0;0;1310,85
1020;UM        ;MOLA DESTACAVEL AXIUM PRIME ES HX 2,5X8/APB-2-5-8-HX-ES                                   ;0;0;0;1310,85
1021;UM        ;MOLA DESTACAVEL AXIUM PRIME ES HX 3/APB-3-10-HX-ES                                        ;0;0;0;1310,85
1022;UM        ;MOLA DESTACAVEL AXIUM PRIME ES 3D/APB-2-2-3D-ES                                           ;0;0;0;1310,85
1023;UM        ;MOLA DESTACAVEL AXIUM PRIME ES 3D/APB-3-6-3D-ES                                           ;0;0;0;1310,85
1024;UM        ;MOLA DESTACAVEL AXIUM PRIME ES 3D/APB-3-4-3D-ES                                           ;0;0;0;1310,85
1025;UM        ;(ESPEC.)MOLA DESTACAVEL AXIUM PRIME ES 3D/APB-3-8-3D-ES                                   ;0;0;0;1310,85
1026;UM        ;MOLA DESTACAVEL AXIUM PRIME ES 3D/APB-2-4-3D-ES                                           ;0;0;0;1310,85
1027;UM        ;MOLA DESTACAVEL AXIUM PRIME ES 3D 1.5X2/APB-1-5-2-3D-ES                                   ;0;0;0;1310,85
1028;UM        ;MOLA DESTACAVEL AXIUM PRIME ES 3D 1.5X3/APB-1-5-3-3D-ES                                   ;0;0;0;1310,85
1029;UM        ;MOLA DESTACAVEL AXIUM PRIME ES 3D 1.5X4/APB-1-5-4-3D-ES                                   ;0;0;0;1310,85
1030;UM        ;MOLA DESTACAVEL AXIUM PRIME ES 3D 2/APB-2-3-3D-ES                                         ;0;0;0;1310,85
1031;UM        ;MOLA DESTACAVEL AXIUM PRIME ES 3D 2.5X4/APB-2-5-4-3D-ES                                   ;0;0;0;1310,85
1032;UM        ;MOLA DESTACAVEL AXIUM PRIME ES 3D 3/APB-3-5-8-3D-ES                                       ;0;0;0;1310,85
1033;UM        ;MOLA DESTACAVEL AXIUM PRIME ES 3D 3.5X6/APB-3-5-6-3D-ES                                   ;0;0;0;1310,85
1034;UM        ;MOLA DESTACAVEL AXIUM PRIME ES 3D 4.X6 /APB-4-6-3D-SS                                     ;0;0;0;1310,85
1035;UM        ;MOLA DESTACAVEL AXIUM PRIME ES 3D 4.X8 /APB-4-8-3D-SS                                     ;0;0;0;1310,85
1037;RL.       ;MOLA DESTACAVEL AXIUM PRIME ES 3D 5.X10/APB-5-10-3D-SS                                    ;0;0;0;1310,85
1038;RL.       ;MOLA DESTACAVEL AXIUM PRIME ES 3D 5.X15/APB-5-15-3D-SS                                    ;0;0;0;1310,85
1039;RL.       ;MOLA DESTACAVEL AXIUM PRIME ES 3D 20X50/QC-20-50-3D                                       ;0;0;0;1310,85
1040;RL.       ;MOLA DESTACAVEL AXIUM PRIME ES 3D 25X50/QC-25-50-3D                                       ;0;0;0;1310,85
1041;UMA       ;INTEGRADOR QUIMICO - PARA CONTROLE DE ESTERILIZACAO A VAPOR SATURADO SOB PRESSAO          ;0;0;0;0
1042;UMA       ;STENT CAROTIDA ACCULINK 8X40                                                              ;0;0;0;1973,47
1043;UMA       ;FILTRO PRO.EMBOSHIELD NA V6.PQ.190                                                        ;0;0;0;2787,05
1044;UMA       ;MOLA DESTACAVEL AXIUM HELIX 10X20                                                         ;0;0;0;1310,85
1045;UMA       ;MOLA DESTACAVEL AXIUM HELIX 7X20                                                          ;0;0;0;1310,85
1046;UMA       ;MOLA DESTACAVEL AXIUM HELIX 8X30                                                          ;0;0;0;1310,85
1047;UMA       ;MOLA DESTACAVEL AXIUM HELIX 9X30                                                          ;0;0;0;1310,85
1048;UMA       ;MOLA DESTACAVEL AXIUM HELIX 5X15                                                          ;0;0;0;1310,85
1049;UMA       ;MOLA DESTACAVEL AXIUM HELIX 6X12                                                          ;0;0;0;1310,85
1050;UMA       ;MOLA DESTACAVEL AXIUM HELIX 3D 10X20                                                      ;0;0;0;1310,85
1051;UMA       ;MOLA DESTACAVEL AXIUM HELIX 3D 12X30                                                      ;0;0;0;1310,85
1052;UM        ;(ESPEC.)MOLA DESTACAVEL AXIUM 3D 9X20/QC-9-20-3D                                          ;0;0;0;1310,85
1053;UMA       ;MOLA DESTACAVEL AXIUM HELIX 3D 18X40                                                      ;0;0;0;1310,85
1054;UMA       ;MOLA DESTACAVEL AXIUM HELIX 3D 22X50                                                      ;0;0;0;1310,85
1055;UMA       ;MOLA DESTACAVEL AXIUM HELIX 3D 7X15                                                       ;0;0;0;1310,85
1056;FR.       ;MOLA DESTACAVEL AXIUM HELIX 3D 8X20                                                       ;0;0;0;1310,85
1057;FR.       ;MOLA DESTACAVEL AXIUM HELIX 3D 9X20                                                       ;0;0;0;1310,85
1058;FR.       ;MOLA PERIFERICA CONCERTO 10X30                                                            ;0;0;0;1310,85
1059;FR.       ;MOLA PERIFERICA CONCERTO 12X30                                                            ;0;0;0;1310,85
1060;FR.       ;MOLA PERIFERICA CONCERTO 14X30                                                            ;0;0;0;1310,85
1061;FR.       ;MOLA PERIFERICA CONCERTO 16X40                                                            ;0;0;0;1310,85
1062;FR.       ;MOLA PERIFERICA CONCERTO 18X40                                                            ;0;0;0;1310,85
1064;UMA       ;MOLA PERIFERICA CONCERTO 20X50                                                            ;0;0;0;1310,85
1065;UMA       ;MOLA PERIFERICA CONCERTO 5X15                                                             ;0;0;0;1310,85
1066;KIT       ;KIT PARA DRENAGEM DE TORAX N.20 C/FRASCO 2000ML                                           ;0;0;0;27,31
1067;KIT       ;MOLA PERIFERICA CONCERTO 7X30                                                             ;0;0;0;1310,85
1068;KIT       ;MOLA PERIFERICA CONCERTO 8X30                                                             ;0;0;0;1310,85
1069;KIT       ;MOLA PERIFERICA CONCERTO 9X30                                                             ;0;0;0;1310,85
1070;KIT       ;CAT DIAG BIOTEG COBRA 1-5F-80CM/BT-AC5-C1                                                 ;0;0;0;126,07
1071;KIT       ;EXCHELON 10 PONTA 90 MICRO CATETER                                                        ;0;0;0;1171,34
1072;KIT       ;INTRODUTOR FEMORAL 9CM 4F                                                                 ;0;0;0;81,22
1073;KIT       ;CATETER RADIOGRAFICO PIGTAIL 5F                                                           ;0;0;0;117,15
1074;KIT       ;GUIA SCW 0.035X260CM J PTFE                                                               ;0;0;0;80,11
1076;UM        ;(ESPEC.)MOLA DESTACAVEL AXIUM HELIX 3X4/QC-3-4-HELIX                                      ;0;0;0;1310,85
1079;UM        ;SISTEMA DE DRENAGEM DE TORAX USO UNICO,P/RECEM NASCIDO                                    ;0;0;0;341,04
1080;KIT       ;KIT PARA DRENAGEM DE TORAX N.10 C/FRASCO 2000ML                                           ;0;0;0;32,08
1081;KIT       ;KIT PARA DRENAGEM DE TORAX N.12 C/FRASCO 2000ML                                           ;0;0;0;28,06
1083;KIT       ;KIT PARA DRENAGEM DE TORAX N.14 C/FRASCO 2000ML                                           ;0;0;0;28,13
1084;KIT       ;KIT PARA DRENAGEM DE TORAX N.16 C/FRASCO 2000ML                                           ;0;0;0;27,75
1085;KIT       ;KIT PARA DRENAGEM DE TORAX N.22 C/FRASCO 2000ML                                           ;0;0;0;27,72
1086;KIT       ;KIT PARA DRENAGEM DE TORAX N.24 C/FRASCO 2000ML                                           ;0;0;0;27,72
1087;KIT       ;KIT PARA DRENAGEM DE TORAX N.26 C/FRASCO 2000ML                                           ;0;0;0;27,87
1088;KIT       ;KIT PARA DRENAGEM DE TORAX N.28 C/FRASCO 2000ML                                           ;0;0;0;28,12
1089;KIT       ;KIT PARA DRENAGEM DE TORAX N.30 C/FRASCO 2000ML                                           ;51;1371,39;26,89;26,89
1090;KIT       ;KIT PARA DRENAGEM DE TORAX N.32 C/FRASCO 1000ML                                           ;0;0;0;20,83
1091;KIT       ;KIT PARA DRENAGEM DE TORAX N.34 C/FRASCO 1000ML                                           ;0;0;0;20,83
1092;KIT       ;KIT PARA DRENAGEM DE TORAX N.36 C/FRASCO 2000ML                                           ;0;0;0;25,99
1093;KIT       ;KIT PARA DRENAGEM DE TORAX N.38 C/FRASCO 2000ML                                           ;0;0;0;26,19
1094;KIT       ;KIT PARA DRENAGEM DE TORAX N.40 C/FRASCO 1000ML                                           ;0;0;0;19,53
1095;KIT       ;KIT PARA DRENAGEM DE TORAX N.42                                                           ;30;18216,3;607,21;607,21
1099;KIT       ;TUBO PARA GASTRONOMIA AO NIVEL DA PELE TIPO BUTTON BALONADO -AA7143F07                    ;0;0;0;850
1100;KIT       ;SONDA PARA GASTROSTOMIA 22-2.5 (MIC-KEY)                                                  ;0;0;0;850
1101;KIT       ;COMPONENTE GLENOIDAL                                                                      ;0;0;0;178,35
1102;KIT       ;COMPONENTE CEFALICO                                                                       ;0;0;0;342,44
1103;KIT       ;COMPONENTE UMERAL CIMENTADOFISCAO BIOLOGIA                                                ;0;0;0;637,43
1104;UM        ;(ESPEC)SM-SYSTEN ETRINSA 8 DR-T PROMRI.MARCAPASSO CARDIACO MULTIPROGRAMAVEL DE CAMARA DUPL;0;0;0;5000
1105;UMA       ;LAMINA DE BISTURI DESCARTAVEL N.12                                                        ;17100;5130;0,3;0,3
1106;UMA       ;LAMINA DE BISTURI DESCARTAVEL N.15                                                        ;54900;22035,007;0,401366;0,36
1107;UMA       ;LAMINA DE BISTURI DESCARTAVEL N.22                                                        ;2600;4402;1,693076;2,09
1108;UMA       ;LAMINA DE BISTURI DESCARTAVEL N.23                                                        ;4500;900;0,2;0,2
1109;UMA       ;LAMINA DE BISTURI DESCARTAVEL N.24                                                        ;2600;572;0,22;0,22
1110;UMA       ;LAMINA DE BISTURI DESCARTAVEL N.21                                                        ;30900;10815;0,35;0,35
1111;UM        ;(ESPEC)PM-SYST. EVITY 6 DR-T.MARCAPASSO CARDIACO MULTIPROGRAMAVEL DE CAMARA DUPLA         ;0;0;0;5000
1112;UM        ;(ESPEC)SACO ESTERIL P/ ACONDICIONAMENTO DE ORGAOS 50CM X 70CM                             ;0;0;0;10,08
1113;UM        ;(ESPEC)INTRODUTOR LONGO 16F                                                               ;0;0;0;1400
1114;UM        ;(NEFRO)ULTRA FILTRO-FEIXE DE FIBRAS OCAS P/RESISTIR A PRESSOES DE 1,5KG F/CM2             ;0;0;0;400
1115;UM        ;(ESPEC)CATETER BALAO DE LATEX OU POLIURETANO COMPLACENTE P/ ACOMODACAO DE ENDOPROTESE 46MM;0;0;0;879,98
1116;UM        ;(ESPEC)TUBO CONECTOR DE BP ESPIRALADO P/ SERINGAS VAZIAS DE BOMBAS INJETORAS DE 200ML     ;0;0;0;5,2
1117;UM        ;(ESPEC)MICROCATETER NEUROLOGICO, TIPO FLUXO DIRIGIDO 150 A 170CM                          ;0;0;0;1171,03
1118;UM        ;(ESPEC)MICROMOLAS ESPIRAIS, TAMANHOS VARIADOS, CALIBRES 0,10 E 0,18 ESTERIL, DESCARTAVEL  ;0;0;0;1310,85
1119;CX.       ;(ESPEC)NAVALHA DESC. P/ MICROTOMO 80MM X 14MM X 0,35MM ACO INOX TEFLONADO ALTO PERFIL     ;0;0;0;152,88
1120;KIT       ;(ESPEC)CONJUNTO DE CORANTE PANOTICO PARA HEMATOLOGIA. RAGENTES: PANOTICO RAPIDO 1: TRIARIL;0;0;0;42
1121;UM        ;(ESPEC)STENT VENOSO AUTO EXPANSIVEL 16 X 40MM                                             ;0;0;0;21000
1122;UM        ;(ESPEC)EMBALAGEM TIPO TYVEK ROLO DE 100MM X 70M                                           ;0;0;0;208,33
1123;UM        ;(ESPEC)EMBALAGEM TIPO TYVEK ROLO DE 150MM X 70M                                           ;0;0;0;277,77
1124;UM        ;(ESPEC)EMBALAGEM TIPO TYVEK ROLO DE 200MM X 70M                                           ;0;0;0;395,83
1125;UM        ;(ESPEC)EMBALAGEM TIPO TYVEK ROLO DE 250MM X 70M                                           ;0;0;0;479,16
1126;UM        ;(ESPEC)EMBALAGEM TIPO TYVEK ROLO DE 350MM X 70M                                           ;0;0;0;666,66
1127;UM        ;(ESPEC)STENT REVESTIDO VIABAHN (ENDOPROTESE) 10MM X 10CM X 120CM 11FR                     ;0;0;0;35000
1128;UM        ;(ESPEC)ESCOVA PARA LIMPEZA DE INSTRUMENTAIS C/ LUMEN (CANULADOS) 450 X 15 X 2MM           ;0;0;0;48,37
1129;UM        ;(ESPEC)ESCOVA PARA LIMPEZA DE INSTRUMENTAIS C/ LUMEN (CANULADOS) 450 X 25 X 3MM           ;0;0;0;48,35
1130;UM        ;(ESPEC)ESCOVA PARA LIMPEZA DE INSTRUMENTAIS C/ LUMEN (CANULADOS) 300 X 45 X 10MM          ;0;0;0;46,23
1131;UM        ;(CPRE)STENT METALICO BILIAR 8MM X 80MM (COD.7046)                                         ;0;0;0;4166,66
1132;UM        ;(CPRE)STENT METALICO BILIAR 10MM X 40MM (COD.7047)                                        ;0;0;0;3623,26
1133;UM        ;(CPRE)STENT METALICO BILIAR 10MM X 60MM (COD.7048)                                        ;0;0;0;3623,26
1134;UM        ;(CPRE)STENT METALICO BILIAR 10MM X 80MM (COD.7049)                                        ;0;0;0;3623,26
1135;UM        ;(ESPEC)CATETER DE TOMOGRAFIA DE COERENCIA OPTICA                                          ;0;0;0;4900
1136;UM        ;(ESPEC)ESCOVA PARA LIMPEZA DE INSTRUMENTAIS C/ LUMEN (CANULADOS) 450 X 20 X 5MM           ;0;0;0;48,69
1137;UM        ;(COLOS) PLACA PARA BOLSA INFANTIL REF 125016 COM FLANGE DE 32MM.                          ;530;5787,6;10,92;10,92
1138;UM        ;(ESPEC)FIO GUIA HI-TORQUE  CROSS-IT 200XT PONTA  J3, 0,014X190CM REF:1003312HJ.           ;0;0;0;130
1139;UM        ;(ESPEC)FIO GUIA METALICO PARA ARTERIAS CORONARIAS 0,014 190(+/-5)CM EXTRA-SUPORTE         ;0;0;0;130
1140;UM        ;(ESPEC)FIO GUIA METALICO PARA OCLUSAO CRONICA DE CORONARIA 0,014 190(+/-5) C/AFILAMENTO DA;0;0;0;160
1141;UM        ;(ESPEC)CATETER PARA ANGIOGRAFIA CORONARIANA JL 5,0CM 5F 100 A 125CM. PONTA ATRAUMATICA E R;0;0;0;76,69
1142;UM        ;(ESPEC)KIT INSUFLADOR P/ ANGIOPLASTIA C/ RESERVATORIO DE 20ML 25 A 30ATM                  ;0;0;0;153
1143;UM        ;(ESPEC)KIT DE ESTIMULACAO CEREBRAL PROFUNDA COMPATIVEL COM EQUIPAMENTO DE RADIOFREQUENCIA ;0;0;0;33250
1144;UM        ;(ESPEC)BAINHA INTRODUTORA MULLINS 12X085CM (12F)                                          ;0;0;0;3500
1145;UM        ;(ESPEC)FIO GUIA TEFLONADO AMPLAZ ROSEN 0,035 X 260CM PONTA DE 1,5MM.                      ;0;0;0;390
1146;UM        ;(ESPEC)FIO GUIA 0,035 X 260CM LUNDERQUIST                                                 ;0;0;0;1700
1147;UMA       ;PROTETOR CUTANEO PELICULA SECAGEM RAPIDA FRASCO 50 ML(12020)                              ;0;0;0;38
1148;CN        ;(ESPEC)ENDOPROTESE ENDURANT II BIFURCADA 28X16X145                                        ;0;0;0;26970
1149;UM        ;(ESPEC)ENDOPROTESE ENDURANT II LIMB 16X24X124                                             ;0;0;0;16932
1150;UM        ;(ESPEC)ENDOPROTESE ENDURANT II BIFURCADA 25X16X166                                        ;0;0;0;26970
1151;UM        ;(ESPEC)ENDOPROTESE ENDURANT II CONTRALATERAL 16X13X93                                     ;0;0;0;16932
1152;UM        ;(ESPEC)INTRODUTOR SENTRAN 14F X 45                                                        ;0;0;0;1400
1153;UM        ;(ESPEC)INTRODUTOR LONGO 16F X 45CM                                                        ;0;0;0;1400
1154;UM        ;(ESPEC)BAINHA INTRODUTORA C/REVESTIMENTO HIDROFILICO 24X28CM                              ;0;0;0;1400
1155;UM        ;(ESPEC)ENDOPROTESE DE AORTA TORACICA RETA                                                 ;0;0;0;14000
1156;UM        ;(ESPEC)ENDOPROTESE ENDURANT II BIFURCADA 36X16X166                                        ;0;0;0;14000
1157;UM        ;(ESPEC)ENDOPROTESE ENDURANT II CONTRALATERAL 16X10X199                                    ;0;0;0;10200
1158;UM        ;(ESPEC)ENDOPROTESE ENDURANT II CONTRALATERAL 16X10X156                                    ;0;0;0;10200
1159;UM        ;(ESPEC)ENDOPROTESE ENDURANT II CONTRALATERAL 16X13X199                                    ;0;0;0;10200
1160;UM        ;(ESPEC)FIO GUIA METALICO PARA ARTERIAS CORONARIAS 0,014 300(+/-5)CM BAIXO SUPORTE         ;0;0;0;158
1161;UM        ;(ESPEC)FIO GUIA METALICO PARA ARTERIAS CORONARIAS 0,014 300(+/-5) MODERADO SUPORTE        ;0;0;0;120
1164;PAR       ;LUVA CIRURGICA ESTERIL N.7.0                                                              ;0;0;0;1,494
1165;PAR       ;LUVA CIRURGICA ESTERIL N.7.5                                                              ;31500;34965;1,11;1,11
1166;PAR       ;LUVA CIRURGICA ESTERIL N.8.0                                                              ;131900;145090;1,1;1,1
1167;PAR       ;LUVA CIRURGICA ESTERIL N.8.5                                                              ;23100;24255;1,05;1,05
1168;UM        ;DISPOSITIVO ANTI-PROTUSAO C/ ORIFICIOS PARA PARAFUSO (03.031-7)                           ;0;0;0;1774,66
1169;UM        ;REGULADOR DE CILINDRO COM FLUXOMETRO PARA O2.                                             ;52;13000;250;250
1170;UM        ;COMPONENTE FEMORAL DE REVISAO (EXTRA SUS)                                                 ;0;0;0;16790
1171;UM        ;INSERTO TIBIAL RESTRITO (EXTRA SUS)                                                       ;0;0;0;7600
1172;UM        ;HASTE DE EXTENSAO CIMENTADA (EXTRA SUS)                                                   ;0;0;0;12220
1173;CX.       ;LUVA PARA PROCEDIMENTO, NAO ESTERIL - TAMANHO G CX C/100 UNIDADES.                        ;17502;350040;20;20
1174;CX.       ;LUVA PARA PROCEDIMENTO, NAO ESTERIL - TAMANHO M CX C/100 UNIDADES.                        ;22296;445920;20;20
1175;CX.       ;LUVA PARA PROCEDIMENTO, NAO ESTERIL - TAMANHO P CX C/100 UNIDADES.                        ;15577;311540;20;20
1176;UM        ;HASTE OFF SET 3MM (EXTRA SUS)                                                             ;0;0;0;1580
1177;UM        ;CIMENTO ACRILICO EST. RADIOPACO C/ANTIBIOTICO (EXTRA SUS)                                 ;0;0;0;1500
1178;UM        ;LAMINA SAGITAL STD. 34,5 X 9 X 0,5MM (SK) L                                               ;0;0;0;610
1180;RL.       ;MALHA TUBULAR ORTOPEDICA 15CM X 20M.                                                      ;0;0;0;10,99
1181;RL.       ;MALHA TUBULAR ORTOPEDICA 20CM X 25M.                                                      ;73;2170,1;29,727397;29,96
1190;UMA       ;MANTA DE AQUECIMENTO ADULTO 152X100CM OU 135X101CM PARTE INFERIOR DO CORPO                ;626;83940,34;134,09;134,09
1191;UMA       ;MANTA DE AQUECIMENTO ADULTO 200X60CM OU 198X60CM PARTE SUPERIOR DO CORPO                  ;730;98550;135;135
1194;CX.       ;MASCARA DESC.FIXADA POR TIRAS ELASTICAS -CXA C/50 UND                                     ;7091;26203,8;3,69536;4,37
1195;UMA       ;MASCARA CIRURGICA DESCARTAVEL FIXADA POR 4 TIRAS                                          ;0;0;0;0
1196;UMA       ;MASCARA DE OXIGENIO ALTA CONCENTRACAO PEDIATRICO.                                         ;5;168,7;33,74;33,74
1197;UMA       ;MASCARA DE VENTURI INFANTIL (PEDIATRICO)                                                  ;1361;19410,65;14,262049;7,84
1198;UM        ;MASCARA DESCARTAVEL BICO DE PATO.                                                         ;0;0;0;1,17
1199;UMA       ;MASCARA LARINGEA REUSAVEL NR 1 RECEM-NASCIDO A LACTENTE ATE 6.5KG                         ;3;542,94;180,98;180,98
1200;UMA       ;MASCARA LARINGEA REUSAVEL NR 2.5 CRIANCA DE 20KG A 30 KG                                  ;24;3250,45;135,435416;194,09
1201;UMA       ;MASCARA LARINGEA REUSAVEL NR 2 LACTENTES 6.5KG ATE 20KG                                   ;0;0;0;177,36
1202;UMA       ;MASCARA LARINGEA REUSAVEL NR 3 CRIANCA 30KG ATE ADULTO PAQUENO                            ;0;0;0;120
1203;UMA       ;MASCARA LARINGEA REUSAVEL NR 4 TAMANHO ADULTO NORMAL                                      ;30;3600;120;120
1204;UMA       ;MASCARA LARINGEA REUSAVEL NR 5 ADULTO GRANDE                                              ;30;3600;120;120
1206;UMA       ;MASCARA PARA VENTILACAO NAO INVASIVA E ANESTESIA ADULTO                                   ;3;3390;1130;1130
1207;UMA       ;MASCARA PARA VENTILACAO NAO INVASIVA E ANESTESIA NEONATAL                                 ;14;3556;254;254
1208;UMA       ;MASCARA PARA VENTILACAO NAO INVASIVA E ANESTESIA PEDIATRICO                               ;0;0;0;109,64
1210;UMA       ;SONDA NASOGASTROJEJUNAL N.06 C/2 VIAS                                                     ;0;0;0;20,41
1211;UMA       ;CANETA PARA BISTURI ELETRONICO DESCARRTAVEL,COMANDO MANUAL.                               ;990;32175;32,5;32,5
1212;UM        ;(COLOS)BOLSA DE COLOSTOMIA ADULTO REF 17490 SISTEMA 1 PECA DE 70MM OPACA, DRENAVEL COM PLA;0;0;0;23,33
1213;UM        ;(ESPEC)INTRODUTOR FEMORAL 20F 30CM                                                        ;0;0;0;4200
1214;UM        ;(ESPEC.)KIT BALAO INTRA-AORTICO C/BALAO 34ML E/OU 40ML,COMPRIMENTO NOMINAL 221MM E/OU 258M;0;0;0;2593,56
1215;KIT       ;(ESPEC.)KIT INTRODUTOR LONGO 6F 90CM                                                      ;0;0;0;1186
1216;UM        ;(ESPEC)STENT AUTO EXPANSIVEL NITINOL DIAM.04 A 07 COMP.20 A 200MM  PULSAR-35 5/170/135 VAS;0;0;0;2034,5
1217;UM        ;(ESPEC.)BISTURI DESC.ANGULADO 15 GRAUS ESTERIL P/FACOEMULSIFICCACAO                       ;0;0;0;40,53
1218;UM        ;(ORT.PROT.)DISPOSITIVO PEDICULAR P/FIXACAO DE HASTE(INCLUI BLOQUEADOR)(COD.05.082-2)      ;0;0;0;437,2
1219;KIT       ;(ESPEC.)KIT DE LIGADURA ELASTICA P/ESOFAGO DESC.C/1 TAMBOR DE 06 DISPARO/ANEIS            ;0;0;0;486,67
1220;UM        ;(CARDIO)SISTEMA P/DRENAGEM MEDIASTINAL ADULTO 2000/38 (BRAILE)                            ;0;0;0;102,55
1221;UM        ;(ESPEC)CANULA PARA ASPIRACAO DE OSTIO CORONARIA DIREITA 45 GRAUS 10FR E 12FR              ;0;0;0;663,28
1222;UM        ;(ESPEC.)CANULA P/ASPIRACAO DE VENTRICULO N.08,12 E 18 C/PONTA SILICONIZADA                ;0;0;0;0
1223;UM        ;SONDA ENDOTRAQUEAL N.3,5 ARAMADA C/CUFF                                                   ;40;930,4;23,26;23,26
1224;UM        ;(NEURO)TUBO ENDOTRAQUEAL ARAMADO TAM.3,5MM                                                ;0;0;0;34,5
1225;UM        ;(ESPEC)TUBO ENDOTRAQUEAL ARAMADO TAM.5,5MM COM BALAO                                      ;0;0;0;34,5
1226;UM        ;(ESPEC)CABO DE CONEXAO 300CM P/ELETRODOS KARL STOR E OUTROS                               ;0;0;0;567,19
1227;UM        ;(ESPEC)INTRODUTOR LONGO CM 12 F                                                           ;0;0;0;3500
1228;UM        ;(ORT E PROT)TELA DE RECONSTRUCAO FEMORAL(03.129-1)                                        ;0;0;0;326,6
1229;UM        ;(ESPEC)CATETER URETERAL DUPLO J 5FR-26CM PONTA ABERTA HIDROFILICO                         ;0;0;0;203,7
1230;UM        ;(ESPEC)SONDA VESICAL TIPO FOLEY N.16 C/3VIAS                                              ;0;0;0;5,43
1231;UM        ;(NEFRO)LAMPADA ULTRAVIOLETA GERMICIDA 14W                                                 ;14;6599,88;471,42;471,42
1232;ENV.      ;(NEURO)FIO CIRURGICO MONONYLON 10.0 AG.5MM CILINDRICA ATRAUMATICA 3/8, FIO 13CM           ;0;0;0;55,55
1233;UM        ;(ESPEC)STENT VENOSO AUTO EXPANSIVEL 16 X 60MM                                             ;0;0;0;10000
1235;UM        ;(ESPEC)CATETER BALAO 12  X 40                                                             ;0;0;0;1200
1236;UM        ;(ESPEC)KIT INTRODUTOR LONGO 12F OU 11F X 85CM                                             ;0;0;0;1500
1237;UM        ;(ESPEC)STENT EXPANSIVEL POR BALAO COMPATIVEL C/GUIA 0,035 5MM A 10MM DE DIAMETRO          ;0;0;0;1850
1238;UM        ;(CARDIO)PROTESE BIOLOGICA AORTICA 21MM.N(BRAILE)                                          ;0;0;0;2305,83
1239;UM        ;(CARDIO)PROTESE VAL.ORG. BIOLOGICA PERIOCARDIO MITRAL 33MM                                ;0;0;0;1529
1240;UM        ;(URO)FIBRA LASER P/ LITOTRIPSIA  - 270 MICRONS                                            ;0;0;0;1250
1241;UM        ;(ESPEC)CATETER PARA ANGIOGRAFIA CORONARIANA JL 6,0CM 5F COMPRIMENTO DE 100 A 125CM        ;0;0;0;86,8
1242;UM        ;(ESPEC)CATETER PARA ANGIOGRAFIA AMPLATZ RIGHT (AR2) 5F 90CM                               ;0;0;0;66,66
1243;UM        ;(ESPEC)CATETER P/ANGIOGRAFIA CURVA (AL1) 5F 100(+/-10)CM                                  ;0;0;0;67
1244;UM        ;(ESPEC)CATETER P/ANGIOGRAFIA MAMARIA INTERNA 5F 100CM                                     ;0;0;0;70,83
1245;UM        ;(ESPEC)CATETER BALAO P/ANGIOPLASTIA CORONARIA DE BAIXA COMPLACENCIA (P/POS-DILATACAO) 4MM ;0;0;0;443,6
1246;UM        ;(ESPEC)PROTESE (STENT) CORONARIA DE ACO INOXIDAVEL OU LIGA CROMO-COBALTO 2,5MM X 12MM. COM;0;0;0;1000
1247;UM        ;(ESPEC)PROTESE (STENT) CORONARIA DE ACO INOXIDAVEL OU LIGA CROMO-COBALTO 2,5MM X 16MM. COM;0;0;0;916,66
1248;UM        ;(ESPEC)PROTESE (STENT) CORONARIA DE ACO INOXIDAVEL OU LIGA CROMO-COBALTO 2,5MM X 32MM. COM;0;0;0;1000
1249;UM        ;(ESPEC)PROTESE (STENT) CORONARIA DE ACO INOXIDAVEL OU LIGA CROMO-COBALTO 2,75MM X 12MM. CO;0;0;0;1000
1250;UM        ;(ESPEC)PROTESE (STENT) CORONARIA DE ACO INOXIDAVEL OU LIGA CROMO-COBALTO 2,75MM X 20MM. CO;0;0;0;1000
1251;UM        ;(ESPEC)PROTESE (STENT) CORONARIA DE ACO INOXIDAVEL OU LIGA CROMO-COBALTO 2,75MM X 24MM. CO;0;0;0;1000
1252;UM        ;(ESPEC)PROTESE (STENT) CORONARIA DE ACO INOXIDAVEL OU LIGA CROMO-COBALTO 2,75MM X 28MM. CO;0;0;0;1000
1253;UM        ;(ESPECIF) PROTESE (STENT) CORONARIA 3.00 X 24 BALAO EXPANSIVEL ACO OU CROMO-COBALTO OU PLA;0;0;0;1000
1254;UM        ;(ESPECIF) PROTESE (STENT) CORONARIA 3.00 X 32 BALAO EXPANSIVEL ACO OU CROMO-COBALTO OU PLA;0;0;0;1000
1255;UM        ;(ESPECIF) PROTESE (STENT) CORONARIA 3.50 X 28 BALAO EXPANSIVEL ACO OU CROMO-COBALTO OU PLA;0;0;0;800,16
1256;UM        ;(HEMO)SISTEMA STENT CORONARIO 3.50 X 32MM DE ELUICAO DE SIROLIMUS METAFOR. REF:MTR35032.  ;0;0;0;854,49
1257;UM        ;(NEFRO)AGULHA P/PUNCAO ARTERIAL E VENOSA 15G - AG.DE FISTULA(AVF)                         ;2640;6415,2;2,43;2,43
1258;UM        ;(URO)BAINHA DE ACESSO URETERAL 10.7FR X 45CM - FLEXOR                                     ;0;0;0;1400
1259;UM        ;(ESPEC)TRANSDUTOR DE PRESSAO INVASIVA                                                     ;0;0;0;180
1260;UM        ;(ESPEC)CATETER PARA ANGIOGRAFIA CORONARIANA JL 3,5CM 5F 100 A 125CM. PONTA ATRAUMATICA E R;0;0;0;70,27
1261;UM        ;(ESPEC)CATETER PARA ANGIOGRAFIA CORONARIANA JL 3,5CM 6F 100 A 125CM. PONTA ATRAUMATICA E R;0;0;0;74,07
1262;UM        ;(ESPEC)CATETER P/ANGIOGRAFIA CORONARIANA PIG TAIL, CURVO, 6F 110 A 125CM 145 GRAUS        ;0;0;0;75
1263;UM        ;(ESPEC)CONJUNTO INTRODUTOR VASCULAR CURTO FEMORAL 5F 11CM FIO GUIA 0,38                   ;0;0;0;750
1264;UM        ;(ESPEC)FIO GUIA METALICO PARA ARTERIAS CORONARIAS 0,014 300(+/-5)CM EXTRASUPORTE          ;0;0;0;120
1265;UM        ;(HEMO) CATETER PARA ANGIOGRAFIA CORONARIANA, PIG TAIL CURVO COM 5FR C/ANGULO DE 145 GRAUS ;0;0;0;87,43
1266;UM        ;(HEMO)SISTEMA STENT CORONARIO 3.50 X 24MM DE ELUICAO DE SIROLIMUS METAFOR. REF:MTR35024.  ;0;0;0;854,49
1267;UM        ;(ESPECIF) PROTESE (STENT) CORONARIA 4.00 X 12 BALAO EXPANSIVEL ACO OU CROMO-COBALTO OU PLA;0;0;0;1000
1268;UM        ;(ESPECIF) PROTESE (STENT) CORONARIA 4.00 X 16 BALAO EXPANSIVEL ACO OU CROMO-COBALTO OU PLA;0;0;0;1000
1269;FR.       ;MONITOR DE GLUTARALDEIDO 1,5% FRASCO COM 60 TIRAS TIPO 3M OUSIMILAR                       ;0;0;0;0
1270;UM        ;(ESPECIF) PROTESE (STENT) CORONARIA 4.00 X 20 BALAO EXPANSIVEL ACO OU CROMO-COBALTO OU PLA;0;0;0;1000
1271;UM        ;(HEMO)SISTEMA STENT CORONARIO 4.00 X 24MM DE ELUICAO DE SIROLIMUS METAFOR. REF:MTR40024.  ;0;0;0;854,49
1272;UM        ;(ESPECIF) PROTESE (STENT) CORONARIA 4.00 X 28 BALAO EXPANSIVEL ACO OU CROMO-COBALTO OU PLA;0;0;0;1000
1273;UM        ;(HEMO)SISTEMA STENT CORONARIO 4.00 X 32MM DE ELUICAO DE SIROLIMUS METAFOR. REF:MTR40032.  ;0;0;0;854,49
1274;UM        ;(CARDIO)ELETRODO ENDOCARDIACO DE FIXACAO ATIVA SOLIA S53 PARA RM.                         ;0;0;0;535,54
1275;UM        ;(CARDIO)INTRODUTOR PARA ELETRODO (LI-07 PLUS G)                                           ;0;0;0;400
1276;UM        ;(URO)TESOURA MONO/BIPOLAR PARA ELETROCIRURGIA               ∫                             ;0;0;0;2956,75
1277;UM        ;(ESPEC)FIO GUIA COBRA HIDROFILICO 150CM X 0,38 PONTA FLEXIVEL P/ CIRURGIA RENAL PERCUTANEA;0;0;0;123,1
1278;UM        ;(URO)FIO GUIA TEFLONADO EM ACO INOX 150CM X 0,38 PONTA FLE  XIVEL ACO C/ REVESTIMENTO PTFE;0;0;0;136
1279;UM        ;(URO)FIBRA LASER P/ LITOTRIPSIA - 600 MICRONS                                             ;0;0;0;10200
1280;UM        ;(URO)COLA BIOLOGICA CIRURGICA SINTETICA - USO INTERNO                                     ;0;0;0;2599
1281;UM        ;(CARDIO)VALVULA MECANICA DE DUPLO FOLHETO STD AORTICA N.19MM                              ;0;0;0;3822,73
1282;UM        ;(CARDIO)VALVULA MECANICA DE DUPLO FOLHETO STD AORTICA N.21MM                              ;0;0;0;5935
1283;UM        ;(CARDIO)VALVULA MECANICA DE DUPLO FOLHETO STD AORTICA N.23MM                              ;0;0;0;5935
1284;UM        ;(CARDIO)VALVULA MECANICA DE DUPLO FOLHETO STD AORTICA N.27MM                              ;0;0;0;5935
1285;UM        ;(CARDIO)VALVULA MECANICA DE DUPLO FOLHETO STD AORTICA N.29MM                              ;0;0;0;5935
1286;UM        ;(CARDIO)VALVULA CARDIACA MECANICA MITRAL 25MM                                             ;0;0;0;5935
1287;UM        ;(CARDIO)VALVULA CARDIACA MECANICA MITRAL 27MM                                             ;0;0;0;5935
1288;UM        ;(CARDIO)VALVULA CARDIACA MECANICA MITRAL 29 MM              ‚Í                            ;0;0;0;5935
1289;UM        ;(CARDIO)VALVULA CARDIACA MECANICA MITRAL 33MM                                             ;0;0;0;5935
1290;UM        ;(CARDIO)ENXERTO ARTERIAL TUBULAR GELSOFT PLUS RETO 60CMX08MM                              ;0;0;0;3952,58
1291;UM        ;(ESPEC)RIVACOR 5 DR-T CARDIOVENSOR DESFIBRILADOR - GERADOR                                ;0;0;0;18855,25
1292;UM        ;(CARDIO)CDI DE CAMARA TRIPLA RIVACOR  5HF-TDF4/15-1                                       ;0;0;0;26666,66
1293;UM        ;(CARDIO)C.D.I DE CAMERA DUPLA CONDICIONAL PARA RESSONANCIA MAGNETICA . ILIVIA NEO/INTICA N;0;0;0;20000
1294;UM        ;(ESPEC)ILIVIA NEO 7 HF-T DF-1 IS-1 CARDIODESFIBRILADOR COM MARCAPASSO MULTI-SITIO         ;0;0;0;38750
1295;KIT       ;(CARDIO)MARCAPASSO CARDIACO IMPLANTAVEL DE CAMARA TRIPLA (FULLBODY) EVITY 8HF-T BIOTRONIC ;0;0;0;11606,67
1296;UM        ;ANCORA 1,9MM(03.002-3)                                                                    ;0;0;0;197,52
1297;UM        ;(CARDIO)VALVULA CARDIACA MECANICA  MITRAL 31MM                                            ;0;0;0;5935
1298;UM        ;(ESPEC)CATETER URETERAL DUPLO J 5FR-28CM PONTA ABERTA HIDROFILICO                         ;0;0;0;249
1299;UM        ;(ESPEC)CATETER URETERAL DUPLO J 5FR-24CM PONTA ABERTA HIDROFILICO                         ;0;0;0;197,96
1300;UM        ;(CARDIO) CANULA DE VENT.INTRA-CARDIACA (PVC)18FRX15 (MEDITRONIK                           ;0;0;0;663,28
1301;UM        ;(CARDIO) ANEL PARA ANULOPLASTIA VALVAR RIGIDO 32MM (BRAILE)                               ;0;0;0;655,05
1302;UM        ;(CARDIO) ANEL PARA ANULIPLASTIA VALVAR RIGIDO N.24(BRAILE)                                ;0;0;0;655,05
1303;UM        ;(ESPEC)ANEL DE ANULOPLASTIA MITRAL CARPENTIER N.34                                        ;0;0;0;655,05
1304;UM        ;(CARDIO)ENXERTO CARDIOVASCULAR TUBOS RETOS 24MM X 30CM                                    ;0;0;0;3952,58
1305;UM        ;(CARDIO)ENXERTO CARDIOVASCULAR TUBOS RETOS 26MM X 30CM                                    ;0;0;0;3952,58
1306;UM        ;OCULOS COM LENTES PLUMBIFERA ARMACAO EM ACRILICO EM CHUMBO 0,05MM.                        ;0;0;0;376,66
1307;UM        ;OCULOS DE PROTECAO PROFISSIONAL (54MM) - ARMACAO EM NYLON.                                ;10;4450;445;445
1309;UM        ; (CARDIO)ENXERTO CARDIOVASCULAR TUBOS RETOS 28MM X 30CM                                   ;0;0;0;3952,58
1310;UM        ;(CARDIO)ENXERTO CARDIOVASCULAR TUBOS RETOS 30MM X 30CM                                    ;0;0;0;3952,58
1311;UM        ;(CARDIO)ENXERTO CARDIOVASCULAR TUBOS RETOS 32MM X 30CM                                    ;0;0;0;3952,58
1312;UM        ;(ESPEC)CANULA ARTERIAL ARAMADA PONTA ANGULAR 45 E DIFUSOR E CONECTOR DE 3/8 20FR          ;0;0;0;475,13
1313;UM        ;(ESPEC)CANULA ARTERIAL FEMORAL PARA CIRCUITO CEC ESTERIL N18                              ;0;0;0;521,7
1314;UM        ;(ESPEC)CANULA ARTERIAL FEMORAL PARA CIRCUITO CEC ESTERIL N20                              ;0;0;0;521,7
1315;UM        ;(CARDIO)CANULA ARTERIAL ARAMADA PONTA RETA C/FLANGE 22FR                                  ;0;0;0;521,7
1316;UM        ;(CARDIO) CANULA VENOSA ARAMADA UNICO ESTAGIO PONTA RETA 30FR                              ;0;0;0;489,47
1317;UM        ;(CARDIO)CANULA VENOSA ARAMADA UNICO ESTAGIO PONTA RETA 32FR                               ;0;0;0;489,47
1318;UM        ;(ESPEC)CANULA VENOSA UNICO ESTAGIO RETA COM CONECTOR DE 3/8 N 34FR                        ;0;0;0;489,47
1319;UM        ;(CARDIO) CANULA VENOSA ARAMADA UNICO ESTAGIO PONTA RETA 18FR                              ;0;0;0;548,25
1320;UM        ;(CARDIO)CANULA VENOSA ARAMADA UNICO ESTAGIO PONTA RETA 20FR                               ;0;0;0;548,25
1321;UM        ;(URO)CAMISA DE PROTECAO NORMAL H-TECH 15X250CM CAPA DE VIDEO                              ;0;0;0;4,01
1322;UM        ;(ESPEC)FILTRO VEIA CAVA OPTEASE 6F/55CM FEMORAL                                           ;0;0;0;3500,17
1323;UM        ;(ESPEC)FILTRO VEIA CAVA OPTEASE 6F/55CM JUGULAR                                           ;0;0;0;3500,17
1324;UM        ;(ESPEC)INTRODUTOR AVANTI TRANSRRADIAL 6F/11/21/21G                                        ;0;0;0;90
1325;UM        ;(ESPEC)CATETER GUIA VISTA BRITE 6FR 0,70 JL4.0                                            ;0;0;0;150
1326;UM        ;(ESPEC)CATETER GUIA VISTA BRITE 6FR 0,70 AL2                                              ;0;0;0;152,45
1327;UM        ;(ESPEC)CATETER GUIA VISTA BRITE 6FR 0,7 AL3                                               ;0;0;0;170
1328;UM        ;(ESPEC)CATETER GUIA VISTA BRITE 6FR 0,70 XB3 SH                                           ;0;0;0;150
1329;UM        ;(ESPEC)CATETER GUIA VISTA BRITE 6FR 0,70 XB4                                              ;0;0;0;152,45
1330;UM        ;(ESPEC)CATETER GUIA VISTA BRITE 6FR 0,70 JR4.0 SH                                         ;0;0;0;150
1331;UM        ;(ESPEC)CATETER GUIA VISTA BRITE 6FR 0,70 AR2                                              ;0;0;0;152,45
1332;UM        ;(ESPEC)CATETER GUIA VISTA BRITE 6FR 0,70 IM                                               ;0;0;0;150,5
1333;UM        ;(ESPEC)CATETER GUIA VISTA BRITE 6FR 0,70 MPA1                                             ;0;0;0;150,5
1334;UM        ;(ESPEC)CATETER GUIA VISTA BRITE 7F 078/JL3,5                                              ;0;0;0;150
1335;UM        ;(ESPEC)CATETER GUIA VISTA BRITE 7F 0,78 JL4.0 SH                                          ;0;0;0;150
1336;UM        ;(ESPEC)CATETER GUIA VISTA BRITE 7F 078 XB 3                                               ;0;0;0;170
1337;UM        ;(ESPEC)CATETER GUIA VISTA BRITE 7F 0,78 XB4 SH100                                         ;0;0;0;150
1338;UM        ;(ESPEC)CATETER GUIA VISTA BRITE 6F 078 XB4 SH100                                          ;0;0;0;170
1339;UM        ;(ESPEC)CATETER GUIA VISTA BRITE 7F 0,78 JR4.0                                             ;0;0;0;150,5
1340;UM        ;(URO)AGULHA TUOHY EPIDURAL 16X8CM - ACO INOX                                              ;0;0;0;4,56
1341;UM        ;(URO)AGULHA FLEXIVEL P/IMPLANTE 5FR                                                       ;0;0;0;5,65
1342;UM        ;(UROL)CATETER DUPLO J 4.7 X 26CM                                                          ;0;0;0;107,96
1343;UM        ;(NEFRO)CATETER PERITONEAL TENCKHOFF 15FR 02CUFFS 32CM PEDIATRICO                          ;0;0;0;145
1344;UM        ;PLACA EM L 2,7MM - INCLUI PARAFUSO ( 03.131-3 )                                           ;0;0;0;124,14
1345;UM        ;ANCORA 2,5MM(03.002-3)                                                                    ;0;0;0;197,52
1349;UM        ;ORTESE TIPO SARMIENTO PARA UMERO ( 02.027-0 )                                             ;0;0;0;159,58
1350;UM        ;(URO) DILATADORES URETRAIS MSB DE 6 A 12 FR                                               ;0;0;0;749,13
1351;UM        ;(ESPEC)INTRODUTOR(BAINHA)FEMORAL 7F                                                       ;0;0;0;71,78
1353;BOB.      ;ITEM EXCLUIDO USAR COD. 7705 (PAPEL GRAU 15X100)                                          ;0;0;0;56,62
1354;BOB.      ;PAPEL P/ELETROCARDIOGRAMA 58MM X 30M                                                      ;0;0;0;0,1
1355;RL.       ;PAPEL PARA ECG COMPATIVEL COM O APARELHO ECAFIX-12S 80 X 30M                              ;0;0;0;16,8
1356;BOB.      ;PAPEL P/ELETROCARDIOGRAMA 120MM X 20M                                                     ;0;0;0;0
1357;UM        ;(ESPEC)CATETER GUIA P/ANGIOPLASTIA CORONARIA CURVA PM2 6F 100 A 120 CM                    ;0;0;0;185,68
1358;UM        ;(ESPEC)CATETER GUIA P/ANGIOPLASTIA CORONARIA CURVA VL3 6F 100 A 120 CM.                   ;0;0;0;156,36
1359;UM        ;(URO)FIBRA LASER P/ LITOTRIPSIA - 400 MICRONS                                             ;0;0;0;3495
1360;UM        ;(ESPEC)TROCARTER DESCARTAVEL PARA LAPAROSCOPIA 10MMX10CM                                  ;0;0;0;178,7
1361;UM        ;(ESPEC)TROCARTER DESCARTAVEL PARA LAPAROSCOPIA 12MMX10CM                                  ;80;13200;165;165
1362;UM        ;(ESPEC)TROCARTER DESCARTAVEL PARA LAPAROSCOPIA 05MMX10CM                                  ;30;4950;165;165
1363;UM        ;PLACA BLOQUEADA RADIO DISTAL DIREITA 5X2 FUROS (EXTRA SUS)                                ;0;0;0;520,83
1364;UM        ;PLACA BLOQUEADA RADIO DISTAL ESQUERDA 5X2FUROS (EXTRA SUS)                                ;0;0;0;520,83
1365;UM        ;PLACA BLOQUEADA RADIO DISTAL DIREITA 5X3 FUROS (EXTRA SUS)                                ;0;0;0;520,83
1366;UM        ;PLACA BLOQUEADA RADIO DISTAL ESQUERDA 5X3FUROS (EXTRA SUS)                                ;0;0;0;520,83
1367;UM        ;PLACA BLOQUEADA RADIO DISTAL DIREITA 5X4 FUROS (EXTRA SUS)                                ;0;0;0;520,83
1368;UM        ;PLACA BLOQUEADA RADIO DISTAL ESQUERDA 5X4FUROS (EXTRA SUS)                                ;0;0;0;520,83
1369;UM        ;PLACA BLOQUEADA RADIO DISTAL DIREITA 6X2 FUROS (EXTRA SUS)                                ;0;0;0;520,83
1370;UM        ;PLACA BLOQUEADA RADIO DISTAL ESQUERDA 6X2FUROS (EXTRA SUS)                                ;0;0;0;520,83
1371;UM        ;PLACA BLOQUEADA RADIO DISTAL DIREITA 6X3 FUROS (EXTRA SUS)                                ;0;0;0;520,83
1372;UM        ;PLACA BLOQUEADA RADIO DISTAL ESQUERDA 6X3FUROS (EXTRA SUS)                                ;0;0;0;520,83
1373;UM        ;PLACA BLOQUEADA RADIO DISTAL DIREITA 6X4 FUROS (EXTRA SUS)                                ;0;0;0;520,83
1374;UM        ;PLACA BLOQUEADA RADIO DISTAL ESQUERDA 6X4FUROS (EXTRA SUS)                                ;0;0;0;520,83
1375;UM        ;PLACA BLOQUEADA P/ UMERO PROXIMAL DIREITO 9FUROS (EXTRA SUS)                              ;0;0;0;1428,57
1376;UMA       ;PERA PARA ESFIGMOMANOMETRO                                                                ;73;397,12;5,44;5,44
1377;UM        ;PLACA BLOQUEADA P/ UMERO PROXIMAL DIREITA 11FUROS (EXTRA SUS)                             ;0;0;0;1428,57
1378;UM        ;PLACA BLOQUEADA P/ UMERO PROXIMAL ESQUERDA 8FUROS(EXTRA SUS)                              ;0;0;0;1428,57
1379;UM        ;PLACA BLOQUEADA UMERO P/ PROXIMAL ESQUERDO 11FUROS (EXTRA SUS)                            ;0;0;0;1428,57
1380;UM        ;PLACA BLOQUEADA PILAO TIBIAL TITANIO 18F (EXTRA SUS)                                      ;0;0;0;1356,13
1381;UM        ;PLACA BLOQUEADA PILAO TIBIAL TITANIO 19F (EXTRA SUS)                                      ;0;0;0;1356,13
1382;UM        ;PLACA BLOQUEADA PILAO TIBIAL TITANIO 20F (EXTRA SUS)                                      ;0;0;0;1356,13
1384;UM        ;PLACA 4X2F BLOQUEADA RETA (EXTRA SUS)                                                     ;0;0;0;773,8
1385;UM        ;PLACA 4X4F BLOQUEADA RETA (EXTRA SUS)                                                     ;0;0;0;773,8
1386;UM        ;PLACA 6X6F BLOQUEADA RETA (EXTRA SUS)                                                     ;0;0;0;773,8
1387;UM        ;PLACA 8X6F BLOQUEADA RETA (EXTRA SUS)                                                     ;0;0;0;773,8
1388;UM        ;PLACA 6X4F BLOQUEADA RETA (EXTRA SUS)                                                     ;0;0;0;773,8
1389;UM        ;PLACA BLOQUEADA 1/3 TUBO 3.5X5 (EXTRA SUS)                                                ;0;0;0;654,76
1390;UM        ;PLACA BLOQUEADA 1/3 TUBO 3.5X6 (EXTRA SUS)                                                ;0;0;0;654,76
1391;UM        ;PLACA BLOQUEADA 1/3 TUBO 3.5X10(EXTRA SUS)                                                ;0;0;0;654,76
1392;UM        ;PLACA BLOQUEADA 1/3 TUBO 3.5X12(EXTRA SUS)                                                ;0;0;0;654,76
1393;UM        ;PLACA BLOQUEADA 1/3 TUBO 3.5X14(EXTRA SUS)                                                ;0;0;0;654,76
1394;UM        ;PLACA DE RECONSTRUCAO 3,5MM BLOQUEADA 4X4 (EXTRA SUS)                                     ;0;0;0;652,77
1395;UM        ;PLACA DE RECONSTRUCAO 3,5MM BLOQUEADA 2X2 (EXTRA SUS)                                     ;0;0;0;652,77
1396;UM        ;PLACA DE RECONSTRUCAO 3,5MM BLOQUEADA 6X6 (EXTRA SUS)                                     ;0;0;0;1900
1397;UM        ;PLACA DE RECONSTRUCAO 3,5MM BLOQUEADA 8X8 (EXTRA SUS)                                     ;0;0;0;1900
1398;UM        ;PARAFUSO AUTO ROSQUEAVEL 3.5MM 2,8X10 (EXTRA SUS)                                         ;0;0;0;35,89
1399;UM        ;PARAFUSO AUTO ROSQUEAVEL 3.5MM 2,8X12 (EXTRA SUS)                                         ;0;0;0;35,89
1400;UM        ;PARAFUSO AUTO ROSQUEAVEL 3.5MM 2,8X14 (EXTRA SUS)                                         ;0;0;0;35,89
1401;UM        ;PARAFUSO AUTO ROSQUEAVEL 3.5MM 2,8X16 (EXTRA SUS)                                         ;0;0;0;35,89
1402;UM        ;PARAFUSO AUTO ROSQUEAVEL 3.5MM 2,8X18 (EXTRA SUS)                                         ;0;0;0;35,89
1403;UM        ;PARAFUSO AUTO ROSQUEAVEL 3.5MM 2,8X20 (EXTRA SUS)                                         ;0;0;0;35,89
1404;UM        ;PARAFUSO AUTO ROSQUEAVEL 3.5MM 2,8X22 (EXTRA SUS)                                         ;0;0;0;35,89
1405;UM        ;PARAFUSO AUTO ROSQUEAVEL 3.5MM 2,8X24 (EXTRA SUS)                                         ;0;0;0;35,89
1406;UM        ;PARAFUSO AUTO ROSQUEAVEL 3.5MM 2,8X26 (EXTRA SUS)                                         ;0;0;0;35,89
1407;UM        ; PARAFUSO DE TITANIO BLOQUEADO 3.5 EXTRA SUS                                              ;0;0;0;35,89
1408;UM        ;PARAFUSO AUTO ROSQUEAVEL 3.5MM 10 (EXTRA SUS)                                             ;0;0;0;35,89
1409;UM        ;PARAFUSO AUTO ROSQUEAVEL 3.5MM 12 (EXTRA SUS)                                             ;0;0;0;35,89
1410;UM        ;PARAFUSO AUTO ROSQUEAVEL 3.5MM 14 (EXTRA SUS)                                             ;0;0;0;35,89
1411;UM        ;PARAFUSO AUTO ROSQUEAVEL 3.5MM 16 (EXTRA SUS)                                             ;0;0;0;35,89
1412;UM        ;PARAFUSO AUTO ROSQUEAVEL 3.5MM 18 (EXTRA SUS)                                             ;0;0;0;35,89
1413;UM        ;PARAFUSO AUTO ROSQUEAVEL 3.5MM 20 (EXTRA SUS)                                             ;0;0;0;35,89
1414;UM        ;PARAFUSO AUTO ROSQUEAVEL 3.5MM 22 (EXTRA SUS)                                             ;0;0;0;35,89
1415;UM        ;PARAFUSO AUTO ROSQUEAVEL 3.5MM 24 (EXTRA SUS)                                             ;0;0;0;35,89
1416;UM        ;PARAFUSO AUTO ROSQUEAVEL 3.5MM 26 (EXTRA SUS)                                             ;0;0;0;35,89
1417;UM        ;PARAFUSO AUTO ROSQUEAVEL 3.5MM 28 (EXTRA SUS)                                             ;0;0;0;35,89
1418;UM        ;PARAFUSO AUTO ROSQUEAVEL 3.5MM 30 (EXTRA SUS)                                             ;0;0;0;35,89
1419;UM        ;PARAFUSO AUTO ROSQUEAVEL 3.5MM 32 (EXTRA SUS)                                             ;0;0;0;35,89
1420;UM        ;PARAFUSO AUTO ROSQUEAVEL 3.5MM 34 (EXTRA SUS)                                             ;0;0;0;35,89
1421;UM        ;PARAFUSO AUTO ROSQUEAVEL 3.5MM 36 (EXTRA SUS)                                             ;0;0;0;35,89
1422;UM        ;PARAFUSO AUTO ROSQUEAVEL 3.5MM 38 (EXTRA SUS)                                             ;0;0;0;35,89
1423;UM        ;PARAFUSO AUTO ROSQUEAVEL 3.5MM 40 (EXTRA SUS)                                             ;0;0;0;35,89
1424;UM        ;PARAFUSO AUTO ROSQUEAVEL 3.5MM 42 (EXTRA SUS)                                             ;0;0;0;35,89
1425;UM        ;PARAFUSO AUTO ROSQUEAVEL 3.5MM 44 (EXTRA SUS)                                             ;0;0;0;35,89
1426;UM        ;PARAFUSO AUTO ROSQUEAVEL 3.5MM 46 (EXTRA SUS)                                             ;0;0;0;35,89
1427;UM        ;PARAFUSO AUTO ROSQUEAVEL 3.5MM 48 (EXTRA SUS)                                             ;0;0;0;35,89
1428;UM        ;PARAFUSO AUTO ROSQUEAVEL 3.5MM 50 (EXTRA SUS)                                             ;0;0;0;35,89
1429;UM        ;PARAFUSO AUTO ROSQUEAVEL 3.5MM 54 (EXTRA SUS)                                             ;0;0;0;35,89
1430;UM        ;PARAFUSO AUTO ROSQUEAVEL 3.5MM 56 (EXTRA SUS)                                             ;0;0;0;35,89
1431;UM        ;PARAFUSO AUTO ROSQUEAVEL 3.5MM 60 (EXTRA SUS)                                             ;0;0;0;35,89
1432;UM        ;PARAFUSO AUTO ROSQUEAVEL 3.5MM 4.0X10 (EXTRA SUS)                                         ;0;0;0;35,89
1433;UM        ;PARAFUSO AUTO ROSQUEAVEL 3.5MM 4.0X12 (EXTRA SUS)                                         ;0;0;0;35,89
1434;UM        ;PARAFUSO AUTO ROSQUEAVEL 3.5MM 4.0X14 (EXTRA SUS)                                         ;0;0;0;35,89
1435;UM        ;PARAFUSO AUTO ROSQUEAVEL 3.5MM 4.0X16 (EXTRA SUS)                                         ;0;0;0;35,89
1436;UM        ;PARAFUSO AUTO ROSQUEAVEL 3.5MM 4.0X18 (EXTRA SUS)                                         ;0;0;0;35,89
1437;UM        ;PARAFUSO AUTO ROSQUEAVEL 3.5MM 4.0X20 (EXTRA SUS)                                         ;0;0;0;35,89
1438;UM        ;PARAFUSO AUTO ROSQUEAVEL 3.5MM 4.0X22 (EXTRA SUS)                                         ;0;0;0;35,89
1439;UM        ;PARAFUSO AUTO ROSQUEAVEL 3.5MM 4.0X24 (EXTRA SUS)                                         ;0;0;0;35,89
1440;UM        ;PARAFUSO AUTO ROSQUEAVEL 3.5MM 4.0X26 (EXTRA SUS)                                         ;0;0;0;35,89
1441;UM        ;PARAFUSO AUTO ROSQUEAVEL 3.5MM 4.0X28 (EXTRA SUS)                                         ;0;0;0;35,89
1442;UM        ;PARAFUSO AUTO ROSQUEAVEL 3.5MM 4.0X30 (EXTRA SUS)                                         ;0;0;0;35,89
1443;UM        ;PARAFUSO AUTO ROSQUEAVEL 3.5MM 4.0X32 (EXTRA SUS)                                         ;0;0;0;35,89
1444;UM        ;PARAFUSO AUTO ROSQUEAVEL 3.5MM 4.0X34 (EXTRA SUS)                                         ;0;0;0;35,89
1445;UM        ;PARAFUSO AUTO ROSQUEAVEL 3.5MM 4.0X36 (EXTRA SUS)                                         ;0;0;0;35,89
1446;UM        ;PARAFUSO AUTO ROSQUEAVEL 3.5MM 4.0X38 (EXTRA SUS)                                         ;0;0;0;35,89
1447;UM        ;PARAFUSO AUTO ROSQUEAVEL 3.5MM 4.0X40 (EXTRA SUS)                                         ;0;0;0;35,89
1448;UM        ;PARAFUSO AUTO ROSQUEAVEL 3.5MM 4.0X42 (EXTRA SUS)                                         ;0;0;0;35,89
1449;UM        ;PARAFUSO AUTO ROSQUEAVEL 3.5MM 4.0X44 (EXTRA SUS)                                         ;0;0;0;35,89
1450;UM        ;PARAFUSO AUTO ROSQUEAVEL 3.5MM 4.0X46 (EXTRA SUS)                                         ;0;0;0;35,89
1451;UM        ;PARAFUSO AUTO ROSQUEAVEL 3.5MM 4.0X48 (EXTRA SUS)                                         ;0;0;0;35,89
1452;KIT       ;(ESPEC)KIT ELETRODOS QUADRIPULAR PARA ESTIMULACAO CEREBRAL COM STILOC                     ;0;0;0;4598,54
1453;UM        ;(ESPEC) CABO CONECTOR TIPO ROSCA                                                          ;0;0;0;1
1454;KIT       ;(ESPEC) KTI TUNELIZADOR DE 40CM                                                           ;0;0;0;1
1455;UM        ;(ESPEC)NEURO ESTIMULADOR IMPLANTAVEL ACTIVA (CANLA UNICO)                                 ;0;0;0;11496,85
1456;UM        ;(ESPEC) BOMBA DE INFUSAO IMPLANTAVEL SYNCHROMED (RESERVATORIO 40 ML.                      ;0;0;0;11497,85
1457;UM        ;(ESPEC) CATETER ASCENDA INTRATECAL CURTO (MANUAL ELETRONICO).                             ;0;0;0;1
1458;UM        ;(ESPEC)CABO EXTENSOR DE ESTIMULACAO DE 60CM.                                              ;0;0;0;1
1459;UM        ;PARAFUSO AUTO ROSQUEAVEL 3.5MM 4.0X50 (EXTRA SUS)                                         ;0;0;0;35,89
1460;UM        ;PARAFUSO AUTO ROSQUEAVEL 3.5MM 4.0X54 (EXTRA SUS)                                         ;0;0;0;35,89
1461;UM        ;PARAFUSO AUTO ROSQUEAVEL 3.5MM 4.0X56 (EXTRA SUS)                                         ;0;0;0;35,89
1462;PCT.      ;PARAFUSO AUTO ROSQUEAVEL 3.5MM 4.0X60 (EXTRA SUS)                                         ;0;0;0;35,89
1463;PAR       ;PROTETOR AURICULAR DE COPOLIMERO COM 3 FLANGES COM CORDAO                                 ;0;0;0;3,11
1465;PCT.      ;PROTETOR DE CABELOS (GORRO) FEMININO DESCARTAVEL (45CM)                                   ;0;0;0;0
1466;PCT.      ;PARAFUSO AUTO ROSQUEAVEL 3.5MM CORTICAL 10 (EXTRA SUS)                                    ;0;0;0;35,89
1467;UM        ;HASTE INTRA.FEMORAL PROXIMAL ESQUERDA 11X420 (03.049-0)                                   ;0;0;0;840,78
1468;UM        ;PARAFUSO AUTO ROSQUEAVEL 3.5MM CORTICAL 12 (EXTRA SUS)                                    ;0;0;0;72,08
1469;UM        ;PARAFUSO AUTO ROSQUEAVEL 3.5MM CORTICAL 14 (EXTRA SUS)                                    ;0;0;0;72,08
1470;UM        ;PARAFUSO AUTO ROSQUEAVEL 3.5MM CORTICAL 16 (EXTRA SUS)                                    ;0;0;0;72,08
1471;UM        ;PARAFUSO AUTO ROSQUEAVEL 3.5MM CORTICAL 18 (EXTRA SUS)                                    ;0;0;0;72,08
1472;UM        ;PARAFUSO AUTO ROSQUEAVEL 3.5MM CORTICAL 20 (EXTRA SUS)                                    ;0;0;0;72,08
1473;UM        ;PARAFUSO AUTO ROSQUEAVEL 3.5MM CORTICAL 22 (EXTRA SUS)                                    ;0;0;0;72,08
1474;UM        ;PARAFUSO AUTO ROSQUEAVEL 3.5MM CORTICAL 24 (EXTRA SUS)                                    ;0;0;0;35,89
1475;UM        ;PARAFUSO AUTO ROSQUEAVEL 3.5MM CORTICAL 26 (EXTRA SUS)                                    ;0;0;0;35,89
1476;UM        ;PARAFUSO AUTO ROSQUEAVEL 3.5MM CORTICAL 28 (EXTRA SUS)                                    ;0;0;0;35,89
1477;UM        ;PARAFUSO AUTO ROSQUEAVEL 3.5MM CORTICAL 30 (EXTRA SUS)                                    ;0;0;0;35,89
1478;UM        ;PARAFUSO AUTO ROSQUEAVEL 3.5MM CORTICAL 32 (EXTRA SUS)                                    ;0;0;0;35,89
1479;UM        ;PARAFUSO AUTO ROSQUEAVEL 3.5MM CORTICAL 34 (EXTRA SUS)                                    ;0;0;0;35,89
1480;UM        ;PARAFUSO AUTO ROSQUEAVEL 3.5MM CORTICAL 36 (EXTRA SUS)                                    ;0;0;0;35,89
1481;UM        ;PARAFUSO AUTO ROSQUEAVEL 3.5MM CORTICAL 38 (EXTRA SUS)                                    ;0;0;0;35,89
1482;UM        ;PARAFUSO AUTO ROSQUEAVEL 3.5MM CORTICAL 40 (EXTRA SUS)                                    ;0;0;0;35,89
1483;UM        ;PARAFUSO AUTO ROSQUEAVEL 3.5MM CORTICAL 42 (EXTRA SUS)                                    ;0;0;0;35,89
1484;UM        ;PARAFUSO AUTO ROSQUEAVEL 3.5MM CORTICAL 44 (EXTRA SUS)                                    ;0;0;0;35,89
1485;UM        ;PARAFUSO AUTO ROSQUEAVEL 3.5MM CORTICAL 46 (EXTRA SUS)                                    ;0;0;0;35,89
1486;UM        ;PARAFUSO AUTO ROSQUEAVEL 3.5MM CORTICAL 48 (EXTRA SUS)                                    ;0;0;0;35,89
1487;UM        ;PARAFUSO AUTO ROSQUEAVEL 3.5MM CORTICAL 50 (EXTRA SUS)                                    ;0;0;0;35,89
1488;UM        ;PARAFUSO AUTO ROSQUEAVEL 3.5MM CORTICAL 54 (EXTRA SUS)                                    ;0;0;0;35,89
1489;UM        ;PARAFUSO AUTO ROSQUEAVEL 3.5MM CORTICAL 56 (EXTRA SUS)                                    ;0;0;0;35,89
1490;UM        ;PARAFUSO AUTO ROSQUEAVEL 3.5MM CORTICAL 60 (EXTRA SUS)                                    ;0;0;0;35,89
1491;UM        ;(ESPEC)CATETER URETERAL DUPLO J 6FR-28CM PONTA ABERTA HIDROFILICO                         ;0;0;0;191,99
1492;UM        ;PARAFUSO AUTO ROSQUEAVEL 3.5MM CORTICAL 40X10 (EXTRA SUS)                                 ;0;0;0;35,89
1493;UM        ;PARAFUSO AUTO ROSQUEAVEL 3.5MM CORTICAL 40X12 (EXTRA SUS)                                 ;0;0;0;35,89
1494;UM        ;PARAFUSO AUTO ROSQUEAVEL 3.5MM CORTICAL 40X14 (EXTRA SUS)                                 ;0;0;0;35,89
1495;UM        ;PARAFUSO AUTO ROSQUEAVEL 3.5MM CORTICAL 40X16 (EXTRA SUS)                                 ;0;0;0;35,89
1496;UM        ;PARAFUSO AUTO ROSQUEAVEL 3.5MM CORTICAL 40X18 (EXTRA SUS)                                 ;0;0;0;35,89
1497;UM        ;PARAFUSO AUTO ROSQUEAVEL 3.5MM CORTICAL 40X20 (EXTRA SUS)                                 ;0;0;0;35,89
1498;UM        ;PARAFUSO AUTO ROSQUEAVEL 3.5MM CORTICAL 40X22 (EXTRA SUS)                                 ;0;0;0;35,89
1499;UM        ;PARAFUSO AUTO ROSQUEAVEL 3.5MM CORTICAL 40X24 (EXTRA SUS)                                 ;0;0;0;1428,57
1500;UM        ;PARAFUSO AUTO ROSQUEAVEL 3.5MM CORTICAL 40X26 (EXTRA SUS)                                 ;0;0;0;35,89
1501;UM        ;PARAFUSO AUTO ROSQUEAVEL 3.5MM CORTICAL 40X28 (EXTRA SUS)                                 ;0;0;0;35,89
1502;UM        ;PARAFUSO AUTO ROSQUEAVEL 4,0MM CORTICAL 30MM (EXTRA SUS)                                  ;0;0;0;35,89
1503;UM        ;REANIMADOR MANUAL ADULTO (AMBU) COM BALAO                                                 ;344;45982,48;133,67;133,67
1504;UM        ;PARAFUSO AUTO ROSQUEAVEL 4,0MM CORTICAL 34MM (EXTRA SUS)                                  ;0;0;0;35,89
1505;UM        ;REANIMADOR MANUAL INFANTIL (AMBU) COM BALAO                                               ;160;23680;148;148
1506;UM        ;REANIMADOR MANUAL NEONATAL (AMBU) COM BALAO                                               ;325;61079,24059;187,936124;186,6
1507;UM        ;PARAFUSO AUTO ROSQUEAVEL 3.5MM CORTICAL 40X38 (EXTRA SUS)                                 ;0;0;0;35,89
1508;UM        ;PARAFUSO AUTO ROSQUEAVEL 3.5MM CORTICAL 40X40 (EXTRA SUS)                                 ;0;0;0;35,89
1509;UM        ;PARAFUSO AUTO ROSQUEAVEL 3.5MM CORTICAL 40X42 (EXTRA SUS)                                 ;0;0;0;35,89
1510;UM        ;PARAFUSO AUTO ROSQUEAVEL 3.5MM CORTICAL 40X44 (EXTRA SUS)                                 ;0;0;0;35,89
1514;UM        ;PARAFUSO AUTO ROSQUEAVEL 3.5MM CORTICAL 40X46 (EXTRA SUS)                                 ;0;0;0;35,89
1515;GL.       ;REVELADOR P/PROCESSADORA AUTOMATICA DE RAIO-X, GALAO 38 LTS                               ;0;0;0;310,5
1516;UM        ;PARAFUSO AUTO ROSQUEAVEL 3.5MM CORTICAL 40X48 (EXTRA SUS)                                 ;0;0;0;35,89
1517;UM        ;PARAFUSO AUTO ROSQUEAVEL 3.5MM CORTICAL 40X50 (EXTRA SUS)                                 ;0;0;0;35,89
1518;GL.       ;PARAFUSO AUTO ROSQUEAVEL 3.5MM CORTICAL 40X54 (EXTRA SUS)                                 ;0;0;0;35,89
1519;UM        ;PARAFUSO AUTO ROSQUEAVEL 3.5MM CORTICAL 40X56 (EXTRA SUS)                                 ;0;0;0;35,89
1520;UM        ;PARAFUSO AUTO ROSQUEAVEL 4,0MM CORTICAL 60MM (EXTRA SUS)                                  ;0;0;0;35,89
1521;UM        ;PARAFUSO AUTO ROSQUEAVEL 3,5MM - CANULADO 4,0X20 (EXTRA SUS)                              ;0;0;0;35,89
1522;UM        ;PARAFUSO AUTO ROSQUEAVEL 3,5MM - CANULADO 4,0X25 (EXTRA SUS)                              ;0;0;0;35,89
1523;UM        ;PARAFUSO AUTO ROSQUEAVEL 3,5MM - CANULADO 4,0X30 (EXTRA SUS)                              ;0;0;0;35,89
1524;UM        ;PARAFUSO AUTO ROSQUEAVEL 3,5MM - CANULADO 4,0X35 (EXTRA SUS)                              ;0;0;0;35,89
1525;UM        ;PARAFUSO AUTO ROSQUEAVEL 3,5MM - CANULADO 4,0X40 (EXTRA SUS)                              ;0;0;0;35,89
1526;UM        ;PARAFUSO AUTO ROSQUEAVEL 3,5MM - CANULADO 4,0X45 (EXTRA SUS)                              ;0;0;0;35,89
1527;UM        ;PARAFUSO AUTO ROSQUEAVEL 3,5MM - CANULADO 4,0X50 (EXTRA SUS)                              ;0;0;0;35,89
1528;UM        ;PLACA CALCANEO BLOQUEADA (EXTRA SUS)                                                      ;0;0;0;2150
1529;UM        ;PLACA DE ENDOBUTTON 15 (EXTRA SUS)                                                        ;0;0;0;432,09
1530;UM        ;PLACA DE ENDOBUTTON 20 (EXTRA SUS)                                                        ;0;0;0;432,09
1531;UM        ;PLACA DE ENDOBUTTON 25 (EXTRA SUS)                                                        ;0;0;0;432,09
1532;UM        ;PLACA DE ENDOBUTTON 30 (EXTRA SUS)                                                        ;0;0;0;432,09
1533;UM        ;PLACA DE ENDOBUTTON 35 (EXTRA SUS)                                                        ;0;0;0;432,09
1534;UM        ;FIO GUIA PERFURADO 2.5X400 4F (EXTRA SUS)                                                 ;0;0;0;48,07
1535;UM        ;PARAFUSO INTERFERENCIA ABSORVIVEL 7X24 (EXTRA SUS)                                        ;0;0;0;718,49
1536;UM        ;PARAFUSO INTERFERENCIA ABSORVIVEL 8X24 (EXTRA SUS)                                        ;0;0;0;718,49
1537;UM        ;PARAFUSO INTERFERENCIA ABSORVIVEL 8X30 (EXTRA SUS)                                        ;0;0;0;718,49
1538;UM        ;PARAFUSO INTERFERENCIA ABSORVIVEL 9X24 (EXTRA SUS)                                        ;0;0;0;718,49
1539;UM        ;PARAFUSO INTERFERENCIA ABSORVIVEL 9X30 (EXTRA SUS)                                        ;0;0;0;718,49
1540;UM        ;PARAFUSO INTERFERENCIA ABSORVIVEL 10X30 (EXTRA SUS)                                       ;0;0;0;718,49
1541;UM        ;LAMINA DE SHAVER PARTES MOLES INC (EXTRA SUS)                                             ;0;0;0;223
1542;UM        ;LAMINAR DE SHAVER PARTES OSSEAS RB (EXTRA SUS)                                            ;0;0;0;236,66
1543;UM        ;LAMINA DE SHAVER PARTES OSSEAS OB (EXTRA SUS)                                             ;0;0;0;236,66
1544;UM        ;LAMINA DE SHAVER PARTES OSSEAS TB (EXTRA SUS)                                             ;0;0;0;236,66
1545;UM        ;PLACA PUDDU CORRETIVA TIBIAL 5.0 (EXTRA SUS)                                              ;0;0;0;830,55
1546;UM        ;PLACA PUDDU CORRETIVA TIBIAL 10.0(EXTRA SUS)                                              ;0;0;0;830,55
1547;UM        ;PLACA PUDDU CORRETIVA TIBIAL 12.5(EXTRA SUS)                                              ;0;0;0;830,55
1548;UM        ;PLACA PUDDU CORRETIVA TIBIAL 15.0(EXTRA SUS)                                              ;0;0;0;830,55
1549;UM        ;PLACA PUDDU CORRETIVA TIBIAL 17.5(EXTRA SUS)                                              ;0;0;0;830,55
1551;UM        ;PLACA PUDDU CORRETIVA TIBIAL 20.0(EXTRA SUS)                                              ;0;0;0;830,55
1552;UM        ;LAMINA DE SHAVER PARTES MOLES AMC (EXTRA SUS)                                             ;0;0;0;0
1553;UM        ;LAMINA DE SHAVER PARTES MOLES DMC (EXTRA SUS)                                             ;0;0;0;0
1554;UM        ;PLACA BLOQUEADA P/UMERO PROXIMAL ESQUERDO 10FUROS(EXTRA SUS)                              ;0;0;0;1428,57
1555;UM        ;MICRO PLACA LEFORT 11F AVANCO 4MM DIREITA                                                 ;0;0;0;343,72
1556;UM        ;MICRO PLACA LEFORT 11F AVANCO 0MM ESQUERDA                                                ;0;0;0;343,72
1557;UM        ;(BUCOMAXILO)PLACA LEFORT DIREITA E ESQUERDA (TODOS OS TAMANHOS)                           ;0;0;0;361,77
1561;UM        ;"SENSOR PARA OXIMETRO TIPO ""Y"" DIXTAL TIPO REF. 8791 INFANTIL                              ";0;0;0;0
1564;UM        ;SERINGA DESC.01ML C/AGULHA 13X4,5                                                         ;0;0;0;0,62
1566;UM        ;SERINGA DESC.03ML C/AGULHA 25X7,0 LUER SLIP                                               ;0;0;0;0,1
1567;UM        ;SERINGA DESC.05ML C/AGULHA 25X7,0                                                         ;0;0;0;0,357
1568;UM        ;SERINGA DESC.10ML C/AGULHA 25X7,0 SLIP                                                    ;0;0;0;0,53
1569;UM        ;SERINGA DESC.20ML C/AGULHA 25X7,0 LUER SLIP                                               ;0;0;0;0,28
1570;UMA       ;SERRA DE GIGLI MANUAL - 40CM                                                              ;160;1396,8;8,73;8,73
1572;UM        ;SERINGA DESC.60ML S/AGULHA LUER SLIP                                                      ;0;0;0;2,55
1573;UM        ;(ESPEC)CAMPO CIRURGICO C/ FITA ADESIVA 160CM X 150CM                                      ;0;0;0;12,57
1574;UM        ;PARAFUSO ESPONJOSO 6.0MM 30 (EXTRA SUS)                                                   ;0;0;0;0
1575;UM        ;PARAFUSO ESPONJOSO 6.0MM 35 (EXTRA SUS)                                                   ;0;0;0;0
1576;UM        ;EQUIPO DE 2 VIAS PARA ARTROSCOPIA (EXTRA SUS)                                             ;0;0;0;224,82
1577;UM        ;PLACA TUBO 135 GRAUS DHS 20 FUROS (03.081-3)                                              ;0;0;0;428,92
1578;UM        ;PLACA DE ENDOBUTTON 40 (EXTRA SUS)                                                        ;0;0;0;432,09
1581;UM        ;CAMPO CIRURGICO ESTERIL FENESTRADO 50 X 50 CM                                             ;275;1042,25;3,79;3,79
1582;UM        ;CATETER DIAGNOSTICO ANGIOGRAFICO HEMODINAMICA 4FR X 100CM                                 ;0;0;0;0
1583;UM        ;SISTEMA DE DERIVACAO ADULTO BAIXA PRESSAO                                                 ;0;0;0;0
1585;UM        ;SISTEMA DE DERIVACAO INFANTIL MEDIA PRESSAO                                               ;0;0;0;0
1586;UM        ;SISTEMA DE DERIVACAO INFANTIL BAIXA PRESSAO                                               ;0;0;0;0
1587;UM        ;CAMPO CIRURGICO FENESTRADO (NAO TECIDO) MEDINDO 50 X 50 CM                                ;0;0;0;3416,66
1589;UM        ;SISTEMA DE DRENAGEM EXTERNA ADULTO D.V.E.                                                 ;0;0;0;0
1591;UM        ;SISTEMA FECHADO DE ASPIRACAO TRAQUEAL N.10FR PEDIATRICO                                   ;1025;42081,75;41,055365;83,36
1592;UM        ;SISTEMA FECHADO DE ASPIRACAO TRAQUEAL N.14FR ADULTO                                       ;2840;197103;69,402464;47
1593;UM        ;SISTEMA FECHADO DE ASPIRACAO TRAQUEAL N.16FR ADULTO                                       ;0;0;0;68,26
1594;UM        ;SISTEMA FECHADO DE ASPIRACAO TRAQUEAL N.06FR                                              ;190;7113,6;37,44;37,44
1599;FR.       ;SOLUCAO DE CLOREXIDINA AQUOSA  0,2% FRASCO COM 1L.(1000ML)                                ;1029;5762,4;5,6;5,6
1600;FR.       ;SOLUCAO ANTI-SEPTICA DEGERMANTE 1000ML                                                    ;0;0;0;0
1602;PCT.      ;TUBO DE SILICONE N.203 LINHA VERDE 15 METROS                                              ;30;3588,6;119,62;119,62
1604;FR.       ;SOLUCAO DE CLOREXIDINA DEGERMANTE 2% COM 1 LITRO                                          ;1452;23043,24;15,87;15,87
1605;FR.       ;SONDA ENDOTRAQUEAL N.4,5 ARAMADA C/CUFF                                                   ;350;7885,8;22,530857;23,74
1606;FR.       ;SONDA ENDOTRAQUEAL N.4,0 ARAMADA C/CUFF                                                   ;80;1860,8;23,26;23,26
1607;FR.       ;ELETRODO MONOPOLAR PARA USO EM ELETRONEUROMIOGRAFIA                                       ;0;0;0;43
1630;UMA       ;SONDA DE FOLEY N.22 2 VIAS COM BALAO DE 5ML                                               ;0;0;0;2,71
1631;UMA       ;SONDA DE FOLEY N.08 2 VIAS (SILICONE)                                                     ;4450;46557,7;10,462404;11,63
1632;UMA       ;SONDA DE FOLEY N.10 2 VIAS (SILICONE).                                                    ;5280;55482,2;10,507992;11,58
1633;UMA       ;SONDA DE FOLEY N.12 3 VIAS (LATEX)                                                        ;0;0;0;0
1635;UMA       ;SONDA DE FOLEY N.18 2 VIAS COM BALAO DE 5ML                                               ;0;0;0;0,1
1636;UMA       ;SONDA DE FOLEY N.20 2 VIAS COM BALAO DE 5ML                                               ;0;0;0;3,5
1637;UMA       ;SONDA DE FOLEY N.16 3 VIAS (LATEX)                                                        ;1620;7176,6;4,43;4,43
1638;UMA       ;SONDA DE FOLEY N.18 3 VIAS (SILICONE)                                                     ;6430;81725,1;12,709968;13,29
1639;UMA       ;SONDA DE FOLEY N.20 3 VIAS (SILICONE).                                                    ;5400;69498;12,87;10,78
1640;UMA       ;SONDA DE FOLEY N.22 3 VIAS (SILICONE).                                                    ;36;470,16;13,06;13,06
1641;UMA       ;SONDA DE FOLEY N.16 2 VIAS COM BALAO DE 5ML                                               ;0;0;0;3,5
1642;UMA       ;"SONDA ESOFAGICA N.14 ""SENGSTAKEN-BLACKMORE""                                               ";53;17034,2;321,4;321,4
1643;UMA       ;"SONDA ESOFAGICA N.16 COM BALAO ""SENGSTAKEN-BLACKMORE""                                     ";0;0;0;372,26
1644;UMA       ;SONDA GASTRICA (NASOGASTRICA) N.06 CURTA.                                                 ;580;330,6;0,57;0,57
1645;UMA       ;SONDA GASTRICA (NASOGASTRICA) N.08 CURTA.                                                 ;1290;759,1;0,588449;0,59
1646;UMA       ;SONDA GASTRICA (NASOGASTRICA) N.12 CURTA                                                  ;2800;1848;0,66;0,66
1647;UMA       ;SONDA GASTRICA (NASOGASTRICA) N.14 CURTA.                                                 ;110;67,1;0,61;0,61
1649;UMA       ;SONDA GASTRICA (NASOGASTRICA) N.16 CURTA                                                  ;0;0;0;1
1651;UMA       ;SONDA GASTRICA (NASOGASTRICA) N.04 LONGA                                                  ;1145;1328,35;1,160131;0,83
1652;UMA       ;SONDA GASTRICA (NASOGASTRICA) N.06 LONGA                                                  ;100;83;0,83;0,83
1653;UMA       ;SONDA GASTRICA (NASOGASTRICA) N.08 LONGA                                                  ;0;0;0;0,83
1654;UMA       ;SONDA GASTRICA (NASOGASTRICA) N.10 LONGA.                                                 ;0;0;0;0,84
1655;UMA       ;SONDA GASTRICA (NASOGASTRICA) N.12 LONGA.                                                 ;242;205,7;0,85;0,85
1656;UMA       ;SONDA GASTRICA (NASOGASTRICA) N.14 LONGA.                                                 ;350;304,5;0,87;0,87
1657;UMA       ;SONDA GASTRICA (NASOGASTRICA) N.16 LONGA                                                  ;735;654,15;0,89;0,89
1658;UMA       ;SONDA GASTRICA (NASOGASTRICA) N.18 LONGA.                                                 ;307;325,42;1,06;1,06
1659;UMA       ;SONDA GASTRICA (NASOGASTRICA) N.20 LONGA.                                                 ;0;0;0;1,12
1660;UMA       ;SONDA GASTRICA (NASOGASTRICA) N.22 LONGA.                                                 ;0;0;0;1,3
1661;UMA       ;SONDA GASTRICA (NASOGASTRICA) N.24 LONGA.                                                 ;0;0;0;1,4
1662;UMA       ;SONDA P/ALIMENTACAO ENTERAL 08FR (POLIURETANO)                                            ;0;0;0;9,47
1663;UMA       ;SONDA NASO-ENTERAL 10FR                                                                   ;0;0;0;0,1
1664;UMA       ;SONDA P/ALIMENTACAO ENTERAL 12FR (POLIURETANO)                                            ;0;0;0;10,5
1665;UMA       ;SONDA P/ASPIRACAO TRAQUEAL DESCARTAVEL N.14                                               ;0;0;0;0,71
1666;UMA       ;SONDA P/ASPIRACAO TRAQUEAL DESCARTAVEL N.04                                               ;231;120,51;0,521688;0,52
1667;UMA       ;SONDA P/ASPIRACAO TRAQUEAL DESCARTAVEL N.06                                               ;0;0;0;0,57
1668;UMA       ;SONDA P/ASPIRACAO TRAQUEAL DESCARTAVEL N.08                                               ;6110;3604,9;0,59;0,59
1669;UMA       ;SONDA P/ASPIRACAO TRAQUEAL DESCARTAVEL N.10                                               ;6690;4214,7;0,63;0,63
1670;UM        ;SONDA P/ASPIRACAO TRAQUEAL DESCARTAVEL N.12                                               ;17754;11540,1;0,65;0,65
1671;UMA       ;SONDA P/ASPIRACAO TRAQUEAL DESCARTAVEL N.16                                               ;650;429;0,66;0,66
1672;UMA       ;SONDA P/ASPIRACAO TRAQUEAL DESCARTAVEL N.18                                               ;1280;832;0,65;0,65
1673;UMA       ;SONDA P/ASPIRACAO TRAQUEAL DESCARTAVEL N.20                                               ;880;774,4;0,88;0,88
1674;UMA       ;"SONDA PARA GASTRONOMIA TIPO FLEXIFLO COM ""BOTTOM"" N.14                                    ";0;0;0;0
1677;UMA       ;SONDA RETAL DESCARTAVEL NR 06 ESTERIL                                                     ;0;0;0;0,68
1678;UMA       ;SONDA RETAL DESCARTAVEL NR 04 ESTERIL                                                     ;2940;1771,6;0,602585;0,54
1679;UMA       ;SONDA RETAL DESCARTAVEL NR 08 ESTERIL                                                     ;0;0;0;0,72
1680;UMA       ;SONDA RETAL DESCARTAVEL NR 10 ESTERIL                                                     ;410;266,5;0,65;0,65
1681;UMA       ;SONDA RETAL DESCARTAVEL NR 12 ESTERIL                                                     ;0;0;0;0,69
1682;UMA       ;SONDA RETAL DESCARTAVEL NR 14 ESTERIL                                                     ;0;0;0;0,78
1683;UMA       ;SONDA RETAL DESCARTAVEL NR 16 ESTERIL                                                     ;0;0;0;0,85
1684;UMA       ;SONDA RETAL DESCARTAVEL NR 18 ESTERIL                                                     ;0;0;0;0,91
1685;UMA       ;SONDA RETAL DESCARTAVEL NR 20 ESTERIL                                                     ;640;679,2;1,06125;1,07
1686;UMA       ;SONDA RETAL DESCARTAVEL NR 22 ESTERIL                                                     ;0;0;0;1,03
1688;UMA       ;SONDA URETRAL DESCARTAVEL N.06                                                            ;225;126;0,56;0,56
1689;UMA       ;SONDA URETRAL DESCARTAVEL N.10                                                            ;0;0;0;0,52
1690;UMA       ;SONDA URETRAL DESCARTAVEL N.12                                                            ;0;0;0;0,63
1691;UMA       ;SONDA URETRAL DESCARTAVEL N.16                                                            ;305;195,15;0,639836;0,64
1692;UMA       ;SONDA URETRAL DESCARTAVEL N.04                                                            ;110;55,4;0,503636;0,54
1693;UMA       ;SONDA URETRAL DESCARTAVEL N.08                                                            ;1039;529,89;0,51;0,51
1694;UMA       ;SONDA URETRAL DESCARTAVEL N.14                                                            ;360;504;1,4;1,4
1695;UMA       ;SONDA URETRAL DESCARTAVEL N.18                                                            ;555;413,25;0,744594;0,75
1696;UMA       ;SONDA URETRAL DESCARTAVEL N.20                                                            ;370;303,4;0,82;0,82
1697;UMA       ;SONDA URETRAL DESCARTAVEL N.22                                                            ;700;616;0,88;0,88
1756;PCT.      ;TALCO NEUTRO PARA LUVAS 1KG                                                               ;0;0;0;39,59
1761;UMA       ;TELA CIRURGICA PLANA 100% PROLIPROPILENO 15CM X 15CM                                      ;343;11735,3;34,213702;34,3
1762;UMA       ;TELA CIRURGICA PLANA 100% PROLIPROPILENO 30CM X 30CM                                      ;198;9306,78;47,003939;32,5
1775;UM        ;TERMOMETRO CLINICO DIGITAL DE LEITURA DIRETA DE 32 C A 42 C VISOR DE CRISTAL LIQUIDO      ;3168;38016;12;12
1776;UM        ;TERMOMETRO CLINICO ANALOGICO                                                              ;136;1445,68;10,63;10,63
1809;UMA       ;TORNEIRA DESC.3 VIAS LUER SLIP                                                            ;7200;6120;0,85;0,85
1811;PCT.      ;TOUCA DESCARTAVEL EM ELASTICO, PACOTE 100UND                                              ;0;0;0;0,000001
1832;PCT.      ;TUBO DE LATEX N.200 PACOTE COM 15 METROS                                                  ;16;913,6;57,1;57,1
1834;PCT.      ;TUBO DE SILICONE N.201 - LINHA AMARELA OU LARANJA 15 METROS                               ;6;514,34;85,723333;88,59
1835;PCT.      ;TUBO DE SILICONE N.202 LINHA AMARELA OU LARANJA 15 METROS                                 ;0;0;0;109,66
1836;PCT.      ;TUBO DE SILICONE N.203 LINHA AMARELA / LARANJA / TRANSPARENTE 15 METROS                   ;0;0;0;117,79
1837;PCT.      ;TUBO DE SILICONE N.204 LINHA AMARELA/LARANJA OU TRANSPARENTE 15 METROS                    ;27;3969;147;147
1839;UM        ;TUBO ENDOTRAQUEAL N 6.0 C/CUFF (CANULA ENDOTRAQUEAL N.6.0 COM BALAO)                      ;83;456,5;5,5;5,5
1840;UM        ;TUBO ENDOTRAQUEAL N 6.5 C/CUFF (CANULA ENDOTRAQUEAL N. 6,5 COM BALAO)                     ;200;684;3,42;3,42
1841;UM        ;TUBO ENDOTRAQUEAL N 7.0 C/CUFF (CANULA ENDOTRAQUEAL N. 0.7 COM BALAO)                     ;1500;5908,2;3,9388;3,67
1842;UM        ;TUBO ENDOTRAQUEAL N 7.5 C/CUFF                                                            ;0;0;0;3,51
1843;UM        ;TUBO ENDOTRAQUEAL N 8.0 C/CUFF                                                            ;0;0;0;3,52
1844;UM        ;TUBO ENDOTRAQUEAL N 8.5 C/CUFF                                                            ;1635;6621,75;4,05;4,05
1845;UM        ;TUBO ENDOTRAQUEAL N 9.0 C/CUFF                                                            ;1410;5682,3;4,03;4,03
1846;UM        ;TUBO ENDOTRAQUEAL N 5.5 C/CUFF (CANULA ENDOTRAQUEAL N. 5,5 COM BALAO)                     ;180;928,8;5,16;5,16
1847;UM        ;TUBO ENDOTRAQUEAL N 2.0 S/CUFF                                                            ;2320;12335,8;5,317155;3,7
1848;UM        ;TUBO ENDOTRAQUEAL N 2.5 S/CUFF                                                            ;0;0;0;4,42
1849;UM        ;TUBO ENDOTRAQUEAL N 3.0 S/CUFF                                                            ;60;150;2,5;2,5
1850;UM        ;TUBO ENDOTRAQUEAL N 3.5 S/CUFF                                                            ;0;0;0;2,5
1851;UM        ;TUBO ENDOTRAQUEAL N 4.0 S/CUFF                                                            ;370;1002;2,708108;3,6
1852;UM        ;TUBO ENDOTRAQUEAL N 4.5 S/CUFF                                                            ;300;750;2,5;2,5
1853;UM        ;TUBO ENDOTRAQUEAL N 5.0 S/CUFF                                                            ;420;1617;3,85;3,75
1864;UM        ;UMIDIFICADOR P/OXIGENIO FRASCO DE 250ML.                                                  ;1033;13408,92;12,980561;13,5
1877;FR.       ;VASELINA LIQUIDA FARMACEUTICA 100% FRASCO COM 1000ML                                      ;267;9558,6;35,8;35,8
2136;UM        ;TUBO ENDOTRAQUEAL N 5.5 S/CUFF                                                            ;500;2270;4,54;4,54
2137;UM        ;(HEMO)CATETER BALAO PERIFERICO C/SIST. OTW,PASSEO-35 XEO 7 /80/170 BAIXO PERFIL DE CRUZAME;1;740,74;740,74;740,74
2139;UM        ;TUBO ENDOTRAQUEAL N 3.0 C/CUFF (CANULA ENDOTRAQUEAL N. 3.0 COM BALAO)                     ;920;5614,1;6,102282;9,65
2141;UM        ;(HEMO)CATETER BALAO PERIFERICO C/SIST. OTW,PASSEO-35 XEO 7 /80/130 BAIXO PERFIL DE CRUZAME;2;1481,48;740,74;740,74
2143;UM        ;TUBO ENDOTRAQUEAL N 5.0 C/CUFF (CANULA ENDOTRAQUEAL N. 5.0 COM BALAO)                     ;2855;17073,55;5,980227;5,33
2159;UM        ;FRALDA DESCARTAVEL GERIATRICA GRANDE                                                      ;27028;34325,56;1,27;1,27
2161;UM        ;FRALDA DESCARTAVEL GERIATRICA MEDIA                                                       ;1912;2413,28;1,262175;1,22
2219;PCT.      ;COMPRESSA PARA CURATIVO 15 X 30 CM ESTERIL - PCT C/ 1 UND                                 ;180;138,6;0,77;0,77
2276;UM        ;ABSORVENTE POS PARTO - MEDINDO APROXIMADAMENTE 54CM X 14CM                                ;0;0;0;0,72
2298;UMA       ;MASCARA LARINGEA REUSAVEL NR 6 ADULTO GRANDE                                              ;130;24600;189,230769;232,5
2300;UMA       ;TUBO ENDOTRAQUEAL N 3.5 C/CUFF (CANULA ENDOTRAQUEAL N. 3,5 COM BALAO)                     ;786;4013,72;5,106513;5,02
2301;UMA       ;TUBO ENDOTRAQUEAL N 9.5 C/ CUFF                                                           ;310;1724,2;5,561935;5,27
2303;UMA       ;SONDA NASO CURTA N 18                                                                     ;0;0;0;0,84
2305;UMA       ;TUBO ENDOTRAQUEAL N 6.5 S/ CUFF                                                           ;1020;4240;4,156862;4,2
2322;KIT       ;CONJUNTO P/ NEBULIZACAO P/ OXIGENIO INFANTIL                                              ;790;6083;7,7;7,7
2325;UM        ;CANULA DE TRAQUEOSTOMIA N.2.0 SEM BALAO                                                   ;0;0;0;1,4
2329;RL.       ;FITA PARA AUTOCLAVE 19MM X 30M                                                            ;15;84,3;5,62;5,62
2334;UM        ;UTLIZAR O CODIGO 8152 (ALTERADO EM 22.05.2023)REGINA.                                     ;0;0;0;16,6
2337;UM        ;SONDA P/ALIMENTACAO ENTERAL 14FR (POLIURETANO)                                            ;0;0;0;0,1
2338;UM        ;SONDA P/ALIMENTACAO ENTERAL 16FR (POLIURETANO)                                            ;0;0;0;0,1
2339;UM        ;SONDA P/ALIMENTACAO ENTERAL 18FR (POLIURETANO)                                            ;0;0;0;0,1
2342;ENV.      ;FIO DE SUTURA DE POLIGLACTINA 910 N.1 75CM FIO AG.1/2CIRC.CIL.4.0CM                       ;0;0;0;0
2346;ENV.      ;FIO POLIPROPILENO N.3-0 AG.2,0CM 1/2 CIRCULAR,COMP.75CM.                                  ;0;0;0;1,75
2348;ENV.      ;FIO POLIGLACTINA(VYCRIL)N.2-0 AG.3,7CM 1/2 CIRCULAR,COMP.70CM.                            ;0;0;0;31,5
2349;UM        ;KIT PARA DRENAGEM DE TORAX N.18 C/FRASCO 2000ML                                           ;0;0;0;28,18
2374;UM        ;TELA CIRURGICA SEPARADORA DE TECIDO 30,5 X 30,5 CM (PROCEED)                              ;27;235954,89;8739,07;8739,07
2426;UM        ;CANULA DE TRAQUEOSTOMIA N.4.5 COM BALAO                                                   ;108;1591,92;14,74;14,74
2428;PCT.      ;TUBO DE SILICONE N.200 LINHA AMARELA OU LARANJA 15 METROS                                 ;39;4244,17;108,824871;48,2
2429;UM        ;TUBO ENDOTRAQUEAL N 9.5 S/CUFF                                                            ;90;433,8;4,82;4,82
2431;UM        ;CANULA DE TRAQUEOSTOMIA N.4.0 COM BALAO                                                   ;253;2770,72;10,951462;10,08
2434;UMA       ;CANULA TRAQUEOSTOMIA N 26 C/ BALAO                                                        ;0;0;0;25,17
2435;UMA       ;PLACA OU FLANGE DA BOLSA DE 40MM(COD.10015)C/RESINA SINTETICA RECORTAVEL ATE 40MM         ;0;0;0;18,18
2436;UMA       ;SONDA P/ASPIRACAO TRAQUEAL C/ VALVULA N.04                                                ;0;0;0;3,85
2437;UMA       ;SONDA P/ASPIRACAO TRAQUEAL C/ VALVULA N.08                                                ;0;0;0;0,94
2438;UMA       ;SONDA P/ASPIRACAO TRAQUEAL C/ VALVULA N.14                                                ;0;0;0;2,44
2439;UMA       ;KIT DE ESCOVAS LIMPEZA DE AUTOCLAVE CONTENDO 3 PECAS: CABO +DUAS ESCOVAS.                 ;37;16515,69;446,37;446,37
2443;UMA       ;ACIDO PERACETICO EM PO 1,5KL                                                              ;0;0;0;178,44
2448;UM        ;ESCALPE N.21 COM E SEM DISPOSITIVO DE SEGURANCA                                           ;1670;584,5;0,35;0,35
2450;UM        ;BOLSA P/ OSTOMIA 10-70MM C/ FILTRO ABERTA OPACA ( 46116 )                                 ;0;0;0;0
2451;UM        ;CANULA TRAQUEOSTOMIA N 30 C/ BALAO                                                        ;0;0;0;0
2452;UMA       ;SONDA DE FOLEY N.24 3 VIAS (SILICONE).                                                    ;240;3254,4;13,56;13,56
2532;UM        ;(C.G)CATETER PARA DRENAGEM - KIT DE MICRO PUNCAO CATETER DE ACESSO PERCUTANEO AGULHA DE 21;48;33840;705;705
2537;ENV.      ;FIO POLIESTER ALGODAO(POLYCOT)N.0 S/AG,COMP.15X45CM.                                      ;5688;14323,44;2,518185;3,13
2573;ENV.      ;FIO POLIGLACTINA(VYCRIL)N.4-0 AG.2,0CM 3/8 CIRCULAR PONTA CIRCULAR, COMP.70CM.            ;0;0;0;0
2574;CX.       ;LUVA PARA PROCEDIMENTO, NAO ESTERIL - TAMANHO PP CX C/100 UNIDADES                        ;0;0;0;0,000001
2596;          ;(C.G)CLIP DOURADO XL EM POLIMERO                                                          ;435;108315;249;249
2614;UM        ;CANULA DE TRAQUEOSTOMIA N.5.0 COM BALAO                                                   ;90;1326,6;14,74;14,74
2615;UM        ;MASCARA DE VENTURI ADULTO CONJUNTO                                                        ;1017;12108,9;11,906489;30
2616;FR.       ;AGUA OXIGENADA VOL.10 DE 1000ML.                                                          ;568;3000,4;5,282394;5,17
2625;UM        ;BOBINA TUBULAR SEM FUNDO 0.8 MICRA 20KG P/SELADORA IMAP                                   ;0;0;0;0
2626;UM        ;AGULHA DESCARTAVEL (25 X 6.0)                                                             ;0;0;0;0
2627;UMA       ;AGULHA DESC.PARA RAQUI (20 X 3.5)                                                         ;0;0;0;4,61
2629;UM        ;AGULHA DESC.PARA RAQUI (22 X 3.5)                                                         ;0;0;0;2,29
2630;UM        ;"AGULHA DESC.P/ANESTESIA RAQUIDIANA 25G X 2"" PEDIATRICA                                    ";3775;16912;4,48;4,48
2631;UM        ;AGULHA DESC.P/ANESTESIA RAQUIDIANA 26G X 3 1/2                                            ;2500;9400;3,76;3,76
2632;RL.       ;ATADURA DE CREPE 06CM X 1.80M                                                             ;26957;8356,67;0,31;0,31
2633;DZ.       ;ALGODAO ORTOPEDICO (20CM X 1MT)                                                           ;0;0;0;0,1
2635;UMA       ;(COLOS)BOLSA DE COLOSTOMIA ADULTO, SISTEMA 02 PECAS(REF.10366)60MM DRENAVEL,PLASTICO ANTIO;0;0;0;15,63
2636;UMA       ;PLACA OU FLANGE DE RESINA SINTETICA 60MM (COD.10035)COM HIDROCOLOIDE, RECORTAVEL ATE 60MM ;0;0;0;15,96
2637;UM        ;TUBO ENDOTRAQUEAL N 7.5 S/CUFF                                                            ;220;891,6;4,052727;4,02
2638;UM        ;TUBO ENDOTRAQUEAL N 8.0 S/CUFF                                                            ;120;410,6;3,421666;4,08
2639;UM        ;TUBO ENDOTRAQUEAL N 4.0 C/CUFF (CANULA ENDOTRAQUEAL N. 4.0 COM BALAO)                     ;370;1803,2;4,873513;4,76
2640;UM        ;CANULA DE TRAQUEOSTOMIA N.6.0 SEM BALAO                                                   ;23;383,18;16,66;16,66
2654;UM        ;COLETOR DE URINA EM SISTEMA ABERTO 2000ML (SACO COLETOR)                                  ;183146;49449,42;0,27;0,27
2657;UM        ;EQUIPO P/NUTRICAO ENTERAL C/PINCA ROLETE                                                  ;0;0;0;1,55
2660;UM        ;FRALDA DESCARTAVEL INFANTIL GRANDE                                                        ;960;489,6;0,51;0,51
2661;UM        ;FRALDA DESCARTAVEL INFANTIL EXTRA GRANDE                                                  ;0;0;0;0,68
2664;FR.       ;FORMOL LIQUIDO 10% DE 1000ML                                                              ;0;0;0;8,78
2665;GL.       ;SOLUCAO DESINF. ESTER. DE ARTIGOS 14 DIAS GLUTARALDEIDO 2% 5000ML                         ;0;0;0;94,4
2667;UMA       ;LAMINA DE BISTURI DESCARTAVEL N.11                                                        ;7700;2164;0,281038;0,27
2668;RL.       ;MALHA TUBULAR ORTOPEDICA 06CM X 20M                                                       ;0;0;0;0
2671;UM        ;ESCALPE N.19 COM E SEM DISPOSITIVO DE SEGURANCA                                           ;19800;6832;0,34505;0,21
2673;UM        ;SONDA DE FOLEY N.24 2 VIAS (SILICONE).                                                    ;4065;45708,5;11,244403;8,07
2674;UM        ;SONDA GASTRICA (NASOGASTRICA) N.04 CURTA.                                                 ;0;0;0;0,51
2676;UM        ;SONDA GASTRICA (NASOGASTRICA) N.10 CURTA                                                  ;2370;1299,2;0,548185;0,54
2682;UM        ;SONDA P/ASPIRACAO TRAQUEAL DESCARTAVEL N.22                                               ;55;48,4;0,88;0,88
2683;UM        ;SONDA P/ASPIRACAO TRAQUEAL DESCARTAVEL N.24                                               ;170;146,2;0,86;0,86
2713;UM        ;CATETER INTRAVENOSO CENTRAL 16X12 AGULHA 14X2                                             ;0;0;0;28,77
2714;UM        ;CATETER INTRAVENOSO CENTRAL 19X08 AGULHA 17X2                                             ;0;0;0;29,42
2715;UM        ;CATETER INTRAVENOSO CENTRAL 22X08 AGULHA 19X2                                             ;0;0;0;28,82
2716;UM        ;CATETER PARA OXIGENIO N06                                                                 ;0;0;0;0
2717;UM        ;CATETER NASAL P/OXIGENIO TIPO OCULOS N.08                                                 ;370;891,7;2,41;2,41
2721;ENV.      ;FIO DE SUTURA DE POLIPROPILENO N.5 AG 3/8-1,9CM 45CM CIRC.COR.                            ;0;0;0;0
2723;ENV.      ;FIO DE SUTURA DE CATGUT CROMADO N.4 75CM FIO AG.1/2CM 2,0CM CIL.                          ;0;0;0;0
2724;ENV.      ;FIO CATGUT CROMADO N.5-0 AG.1,5CM 1/2 CILINDRICA,75CM.                                    ;1296;6130,08;4,73;4,73
2727;UM        ;CERA PARA OSSO 2,5G.                                                                      ;0;0;0;4,51
2733;UM        ;COLAR CERVICAL DE ESPUMA TAMANHO P                                                        ;67;558,11;8,33;8,33
2734;UM        ;COLAR CERVICAL DE ESPUMA TAMANHO M                                                        ;0;0;0;8,37
2735;UM        ;COLAR CERVICAL DE ESPUMA TAMANHO G                                                        ;88;736,56;8,37;8,37
2736;UM        ;(COLOS) BOLSA DE COLOSTOMI/ILEOSTOMIA REF 15580 SISTEMA SITEMA 2 PECAS, OPACA COM FITRO DE;2260;63506;28,1;28,1
2737;UM        ;COLAR CERVICAL TIPO PHILADELPHIA TAMANHO M                                                ;0;0;0;46,39
2738;UM        ;COLAR CERVICAL TIPO PHILADELPHIA TAMANHO GG                                               ;5;231,95;46,39;46,39
2751;RL.       ;FITA ADESIVA BRANCA PARA USO HOSPITALAR (25MMX50M)                                        ;0;0;0;2,68
2757;UM        ;BOLSA DE COLOSTOMIA INFANTIL 10-35MM SISTEMA 1 PECA DRENAVEL E TRANSPARENTE ( COD 8002)   ;0;0;0;7,49
2795;PAR       ;LUVA CIRURGICA ESTERIL N.6.0                                                              ;0;0;0;1,41
2805;UM        ;TUBO ENDOTRAQUEAL N 4.5 C/CUFF                                                            ;530;2840,8;5,36;5,36
2846;UM        ;FIO GUIA (MANDRIL) PARA ENTUBACAO ENDOTRAQUEAL INFANTIL                                   ;708;19056;26,915254;24
2848;ENV.      ;FIO DE SUTURA DE MONONYLON N.5 45CM FIO AG.3/8CIRC.TRI.2.0CM                              ;0;0;0;0
2851;UM        ;CANULA DE TRAQUEOSTOMIA N.08 - AJUSTAVEL                                                  ;125;58518,75;468,15;468,15
2869;UM        ;CANULA DE TRAQUEOSTOMIA N.3.0 COM BALAO                                                   ;0;0;0;13,85
2897;UM        ;CANULA DE TRAQUEOSTOMIA N.8.0 SEM BALAO                                                   ;79;1645,57;20,83;20,83
2901;ENV.      ;FIO DE SUTURA DE CATGUT SIMPLES N.0 C/AG 3.0                                              ;0;0;0;0
2988;ENV.      ;FIO DE SUTURA DE ALGODAO N.4 45CM SEM AGULHA                                              ;0;0;0;19,9
3004;UM        ;TELA CIRURGICA PLANA 100% PROLIPROPILENO 7.5CM X 15CM                                     ;199;5747,87;28,883768;24,5
3010;UM        ;EQUIPO MACROGOTAS BURETA                                                                  ;0;0;0;4,58
3051;UM        ;CANULA DE TRAQUEOSTOMIA N.00 EM ACO INOXIDAVEL                                            ;89;6301,2;70,8;65,9
3071;UM        ;AGULHA DE BIOPSIA 14G X 6CM MIELOGRAMA APIRATIVA EXTERNA (MEDULA OSSEA)                   ;145;5930,5;40,9;40,9
3119;UMA       ;LAMINA DE BISTURI DESCARTAVEL N.10                                                        ;0;0;0;0
3157;UM        ;CATETER INTRAVENOSO CENTRAL 19X12 AGULHA 17X2                                             ;0;0;0;31,1
3162;UM        ;SOLUCAO PARA DIALISE PERITONEAL(GLICOSE)(NEFRO)                                           ;0;0;0;0
3163;UM        ;SONDA DE FOLEY N.10 3 VIAS (LATEX)                                                        ;0;0;0;41,66
3166;UM        ;CATETER PERITONEAL 09FR 02 CUFFS 37CM                                                     ;33;6514,5;197,40909;171,5
3201;ENV.      ;FIO DE SUTURA DE CATGUT SIMPLES N.0 75CM FIO AG.1/2CIRC.CIL.2.5CM                         ;0;0;0;152,16
3202;ENV.      ;POLIGLACTINA 910 N.2  AG.1/2,4MM CIL, 70CM. (LOTE 9)                                      ;0;0;0;0
3203;ENV.      ;FIO POLIGLACTINA(VYCRIL)N.4-0 AG.2,2CM 1/2 CIRCULAR PONTA CONICA,COMP.70CM.               ;0;0;0;0
3210;          ;(FARMAC)BOLSA VAZIA PARA ACONDICIONAMENTO DE SOLU√Ä√∂O PARENTERAL EM EVA (ETILVINILACETATO;0;0;0;0
3258;ENV.      ;FIO POLIGLACTINA(VYCRIL)N.8-0 AG 6,5MM 3/8 ESPATULADAS ESTRIADAS,COMP.20CM, COM 2 AGULHAS ;1140;63163,8;55,406842;61,11
3265;ENV.      ;FIO CATGUT CROMADO N.0 AG.2,5CM 1/2 CILINDRICA,COMP.75CM.                                 ;0;0;0;2,15
3269;ENV.      ;FIO DE SUTURA DE MONONYLON N.4 75CM FIO AG.3.8CIRC.TRI.3.0CM                              ;0;0;0;0
3308;UM        ;COLETOR P/MATERIAL PERFURO-CORTANTE 1,5L.                                                 ;0;0;0;2,24
3325;UM        ;(EDA)KIT GASTROSTOMIA TUBO DE COLOCACAO INICIAL 24FR.                                     ;1;370,91;370,91;370,91
3374;ENV.      ;FIO DE SUTURA DE POLIPROPILENO N.6 AG 3/8-1,3MM 75CM. CIL. (LOTE 5)                       ;0;0;0;0
3375;ENV.      ;FIO POLIGLACTINA(VYCRIL)N.3-0 AG.3,64CM 5/8 CIRCULAR,COMP.70CM.                           ;0;0;0;0
3377;ENV.      ;FIO CATGUT CROMADO N.1-0 AG.9,0CM 1/2 CILINDRICA PONTA ROMBA,COMP.75CM.                   ;0;0;0;6,58
3379;UM        ;AGULHA DESC.PARA RAQUI (25 X 3.5)                                                         ;0;0;0;2,35
3385;UM        ;EQUIPO PARA MONITORACAO DA PRESAO VENOSA CENTRAL (PVC) CONSTITUIDO DE CAMARA GOTEJANTE FLE;1235;5483,4;4,44;4,44
3388;UM        ;AGULHA DE BIOPSIA P/ASPIRACAO 15G X 43CM                                                  ;0;0;0;0
3390;UM        ;AGULHA DE BIOPSIA P/EXAME DE MIELOGRAMA ASP 16X43                                         ;0;0;0;49,98
3410;ENV.      ;COMPRESSA DE GASE ESTERIL 10X10 PACOTE C/ 5 UND                                           ;0;0;0;0,59
3455;ENV.      ;ITEM EXLU√≠DO USAR O C√≥DIGO 8136                           FIO CATGUT CROMADO N.1-0 AG.4,;0;0;0;5,18
3456;ENV.      ;FIO CATGUT CROMADO N.1-0 AG.3,0CM 3/8 CIRCULAR ESTRIADA,COMP.75CM.                        ;0;0;0;0
3461;ENV.      ;FIO CATGUT CROMADO N.1-0 AG.8,0CM 1/2 CIRCULAR,COMP.70CM.                                 ;0;0;0;5,03
3463;ENV.      ;FIO CATGUT CROMADO N.0 AG.3,0CM 1/2 CIRCULAR ESTRIADA,COM.75CM.                           ;0;0;0;0,1
3464;ENV.      ;FIO DE SUTURA DE CATGUT CROMADO N.2 75CM FIO AG.1/2CIRC.CIL.2.0CM                         ;0;0;0;0
3467;UM        ;FRASCO DE VIDRO P/OXIGENIO C/ASPIRADOR E TAMPA.                                           ;0;0;0;98,24
3473;UMA       ;ALMOTOLIA TRANSPARENTE BICO RETO 500ML                                                    ;12;44,04;3,67;3,67
3475;PCT.      ;(NEURO)COMPRESSA NEUROCIRURGICA ESTERIL 7.5 X 7.5                                         ;0;0;0;42
3477;RL.       ;ESPARADRAPO IMPERMEAVEL 05CMX10M                                                          ;0;0;0;4,76
3479;UM        ;CATETER EPIDURAL N.18G                                                                    ;820;45665,8;55,69;55,69
3484;UMA       ;ESPONJA HEMOSTATICA DE GELATINA TAMANHO (7X5X0.1 CM)                                      ;0;0;0;88,51
3485;UM        ;CATETER INTRAVENOSO CENTRAL 1,7MM X 20,3CM AG.14GA(AMARELO)                               ;0;0;0;30,97
3486;UM        ;(JPII)HEMOSTATICO DE CELULOSE OXIDADA TAM.7X5CM REGENERADA ABSOLVIVEL C/ACAO BACTERICIDA S;0;0;0;157,32
3487;UMA       ;(JPII)ESPONJA HEMOSTATICA DE GELATINA PORCINA TAM.7X5X1CM TIPO GELFOAM,OXIDADA REGENERADA ;0;0;0;157,47
3488;UMA       ;(HEMOD)SISTEMA ENDOVASCULAR APOLO ENDOPROTESE RETA ILICA 18X25X075                        ;0;0;0;10200
3489;UMA       ;(HEMOD)SISTEMA ENDOVASCULAR APOLO ENDOPROTESE RETA UNI-ILICA 34X18X100                    ;0;0;0;14000
3490;UMA       ;(HEMOD)SISTEMA ENDOVASCULAR APOLO ENDOPROTESE RETA TORACICA 43X43X085                     ;0;0;0;14000
3491;UMA       ;(HEMOD)SISTEMA ENDOVASCULAR APOLO ENDOPROTESE BIFURCADA 34X16X16X165                      ;0;0;0;14000
3492;UMA       ;(HEMOD)SISTEMA ENDOVASCULAR APOLO ENDOPROTESE RETA ILIACA 16X16X090                       ;0;0;0;10200
3493;UMA       ;(HEMOD)SISTEMA ENDOVASCULAR APOLO ENDOPROTESE RETA TORACICA 43X180                        ;0;0;0;14000
3494;UMA       ;(HEMOD)FIO GUIA LUNDERQUIST 0.035X260CM EXTRA STIFF                                       ;0;0;0;700
3495;UMA       ;(HEMOD)MICROMOLAS TARGET 360 STANDARD 10.0MMX30CM                                         ;0;0;0;1296
3496;UMA       ;(HEMOD)MICROMOLAS TARGET 360 STANDARD 11.0MMX30CM                                         ;0;0;0;1296
3497;UMA       ;(HEMOD)MICROMOLAS TARGET 360 STANDARD 12.0MMX30CM                                         ;0;0;0;1296
3498;UMA       ;(HEMOD)MICROMOLAS TARGET 360 STANDARD 13.0MMX30CM                                         ;0;0;0;1296
3499;UMA       ;(HEMOD)MICROMOLAS TARGET 360 STANDARD 14.0MMX30CM                                         ;0;0;0;1296
3500;UMA       ;(HEMOD)MICROMOLAS TARGET 360 STANDARD  6.0MMX15CM                                         ;0;0;0;1296
3501;UMA       ;(HEMOD)MICROMOLAS TARGET 360 STANDARD  6.0MMX20CM                                         ;0;0;0;1296
3502;UMA       ;(HEMOD)MICROMOLAS TARGET 360 STANDARD  6.0MMX30CM                                         ;0;0;0;1296
3503;UMA       ;(HEMOD)MICROMOLAS TARGET 360 STANDARD  7.0MMX30CM                                         ;0;0;0;1296
3504;UMA       ;(HEMOD)MICROMOLAS TARGET 360 STANDARD  8.0MMX20CM                                         ;0;0;0;1296
3505;UMA       ;(HEMOD)MICROMOLAS TARGET 360 STANDARD  8.0MMX30CM                                         ;0;0;0;1296
3506;UMA       ;(HEMOD)MICROMOLAS TARGET 360 STANDARD  9.0MMX30CM                                         ;0;0;0;1296
3507;UMA       ;(HEMOD)MICROMOLAS TARGET 360 SOFT 12.0MMX30CM                                             ;0;0;0;1296
3508;UMA       ;(HEMOD)MICROMOLAS TARGET 360 SOFT 14.0MMX30CM                                             ;0;0;0;1296
3509;UM        ;(HEMO) MICROMOLAS TARGET 360 SOFT 6.0MMX10CM REF:547610                                   ;0;0;0;1296
3510;UMA       ;(HEMOD)MICROMOLAS TARGET 360 SOFT  6.0MMX15CM                                             ;0;0;0;1296
3511;UM        ;(HEMOD)MICROMOLAS TARGET 360 SOFT  6.0MMX30CM REF:547630                                  ;0;0;0;1296
3512;UMA       ;(HEMOD)MICROMOLAS TARGET 360 SOFT  8.0MMX30CM                                             ;0;0;0;1296
3513;UMA       ;(HEMOD)MICROMOLAS TARGET XL 360 STANDARD 24.0MMX50CM                                      ;0;0;0;1296
3514;UMA       ;(HEMOD)MICROMOLAS TARGET XL 360 SOFT 12.0MMX45CM                                          ;0;0;0;1296
3515;UMA       ;(HEMOD)MICROMOLAS TARGET XL 360 SOFT 20.0MMX50CM                                          ;0;0;0;1296
3516;UMA       ;(HEMOD)VALVULA HEMOSTATICA HONOR C/EXTENSOR DIAMETROS PEQUENOS 8 20CM 500 PSI, PASSADOR DE;0;0;0;73,72
3517;UMA       ;(HEMOD)INZONE SISTEMA DE DESTACAMENTO DE MICROMOLAS                                       ;0;0;0;0
3518;UMA       ;(HEMOD)MICROGUIA TRANSEND 0,014 EX STANDARD                                               ;0;0;0;813,4
3519;UMA       ;VALVULA EXPIRATORIA PARA CARRO DE ANESTESIA 3000 PLUS                                     ;0;0;0;174,5
3520;UMA       ;(HEMOD)MICROGUIA TRANSEND 0,014 EX SOFT TIP                                               ;0;0;0;813,4
3521;UMA       ;(HEMOD)MICROGUIA TRANSEND 0,014 EX FLOPPY                                                 ;0;0;0;1500
3522;UMA       ;(HEMOD)MICROGUIA TRANSEND 0,014 EX PLATINUM                                               ;0;0;0;1500
3523;UMA       ;(HEMOD)MICROGUIA TRANSEND 0,10                                                            ;0;0;0;813,4
3526;UM        ;(HEMOD)MICROGUIA TRANSEND 0,014/300CM FLOPPY                                              ;0;0;0;813,4
3527;UM        ;PLACA DCP 3,5MM - 14FUROS (03.089-9)                                                      ;0;0;0;121,31
3532;UM        ;VALVULA REGULADORA DE PRESAO P/AR COMPRIMIDO C/FLUXOMETRO                                 ;0;0;0;0
3533;ENV.      ;FIO POLIPROPILENO N.5.0 AG.1,7CM 1/2 CIRCULAR,COMP.75CM.                                  ;0;0;0;0
3537;FL.       ;INDICADOR QUIMICO CLASSE 6 INTEGRADOR                                                     ;17500;8925;0,51;0,51
3552;UM        ;AVENTAL DE CHUMBO PARA RAIO-X ODONTOLOGICO TAMANHO M                                      ;0;0;0;408,32
3554;ENV.      ;FIO POLIESTER ALGODAO N.1 AG.40MM CIL. 3/8 COMP 70CM.                                     ;0;0;0;1,75
3560;UM        ;(NEFRO)FILTRO DIALISADOR-ELISIO 21L USO UNICO,BAIXO FLUXO SUPEF.2,0 A 2,1.                ;0;0;0;42
3561;UM        ;(NEFRO)FILTRO DIALISADOR-ELISIO 21H USO UNICO,ALTO FLUXO SUPEF.2,0 A 2,1.                 ;10;391;39,1;39,1
3562;UM        ;(NEFRO)FILTRO DIALISADOR-ELISIO 190LR BAIXO FLUXO SUPEF.1,9.                              ;0;0;0;32
3565;RL.       ;ESPARADRAPO IMPERMEAVEL 05CMX4.5M                                                         ;0;0;0;4,76
3566;UM        ;CAPACETE P/OXINOTERAPIA EM ACRILICO CRISTAL TAM.MEDIO                                     ;1;20;20;20
3567;UM        ;CAPACETE P/OXINOTERAPIA EM ACRILICO CRISTAL TAM.GRANDE                                    ;0;0;0;0
3570;UM        ;LARINGOSCOPIO ADULTO COM DUAS LAMINAS RETAS E TRES LAMINAS CURVAS COM CABO E ESTOJO       ;0;0;0;0
3579;UMA       ;VALVULA REDUTORA P/CILINDRO DE OXIGENIO C/FLUXOMETRO                                      ;0;0;0;95,49
3581;ENV.      ;FIO SEDA PRETO, TRANCADO, DIAMETRO 2-0, 70CM, AGULHA 31MM, CURVATURA 3/8, CILINDRICA ESTRI;0;0;0;1,79
3582;UM        ;(NEFRO)FILTRO DIALISADOR-ELISIO 17H USO UNICO,ALTO FLUXO SUPEF.1,7                        ;0;0;0;62
3584;UM        ;(NEFRO)KIT CDL 11,5-12,5FR X 24CM TIPO PERMICATH, LONGA PERMANENCIA - CATETER DUPLO LUMEN ;0;0;0;1119,35
3586;KIT       ;(COLOS)BOLSA DE COLOSTOMIA ADULTA REF 402533 SISTEMA 02 PECAS, FLANGE 45MM OPACA COM BASE ;0;0;0;56,92
3587;KIT       ;(COLOS)BOLSA E PLACA (REF.BOLSA 401602,PLACA 401611) BOLSA DE COLOSTOMIA ADULTO 2 PECAS, F;0;0;0;57,9
3588;UM        ;(COLOS)REMOVEDOR DE ADESIVO EM AREOSSOL 50ML 423289 100% SILICONE (CONVATEC)              ;0;0;0;49,25
3589;UM        ;(NEFRO)FILTRO DIALISADOR BAIXO FLUXO - USO UNICO, SUP. 1,0                                ;0;0;0;0
3591;GL.       ;(NEFRO)HIPOCLORITO DE SODIO 10% A 12% 5 LITROS                                            ;0;0;0;0
3592;KIT       ;(NEFRO)KIT CDL 13,5FR-14,5FR X 30CM-33CM TIPO PERMICATH LONGA PERMANENCIA-CATETER DUPLO LU;0;0;0;1111,11
3593;KIT       ;(NEFRO)KIT CTL RETO 11,5FR-12FR X 24CM CATETER EM POLIURETANO-CATETER TRIPLO LUMEN        ;0;0;0;250
3594;KIT       ;(NEFRO)KIT CTL RETO 11,5FR X 20CM CATETER EM POLIURETANO-CATETER TRIPLO LUMEN             ;20;2999,2;149,96;149,96
3595;KIT       ;(NEFRO)KIT CTL CURVO 11,5FR-12FR X 15-16CM CATETER EM POLIURETANO-CATETER TRIPLO LUMEN    ;40;7760;194;194
3596;KIT       ;(NEFRO)KIT CDL RETO 11,5-14,5FR X 20-21CM CATETER EM POLIURETANO - CATETER DUPLO LUMEM    ;202;15988;79,148514;80
3598;KIT       ;CODIGO EXCLUIDO - USAR 3596 (NEFRO)                                                       ;0;0;0;148,38
3599;KIT       ;(NEFRO)KIT CDL RETO 11,5FR-12,5FR X 15-16CM CATETER EM POLIURETANO - CATETER DUPLO LUMEN  ;139;11616;83,568345;82
3600;KIT       ;(NEFRO)KIT CDL CURVO 12FR X 21CM CATETER EM POLIURETANO-CATETER DUPLO LUMEN               ;0;0;0;227,44
3601;KIT       ;(NEFRO)KIT CDL CURVO 12FR X 16CM CATETER EM POLIURETANO-CATETER DUPLO LUMEN               ;0;0;0;161,86
3602;KIT       ;(NEFRO)KIT CDL RETO  11,5FR X 24CM CATETER EM POLIURETANO-CATETER DUPLO LUMEN             ;0;0;0;120
3603;KIT       ;(NEFRO)KIT CDL RETO 14,5FR X 20CM CATETER EM POLIURETANO-CATETER DUPLO LUMEN              ;0;0;0;225,4
3610;KIT       ; CATETER DE DRENAGEM EXTERNA LCR (DVE) NEONATAL P/ DERIVACAODO LIQUIDO CEFALO-RAQUIDIANO. ;0;0;0;374
3611;UM        ;(NEFRO)FILTRO DIALISADOR-ELISIO 19L USO UNICO,BAIXO FLUXO                                 ;0;0;0;56
3612;UM        ;(ESPEC)ENDOPROTESE DE AORTA TORACICA 40MM X 40MM X 150MM                                  ;0;0;0;448
3613;UM        ;(ESPEC)ENDOPROTESE DE AORTA TORACICA 40MM X 40MM X 200MM                                  ;0;0;0;12000
3614;UM        ;(ESPEC)ENDOPROTESE DE AORTA TORACICA RETA 40MM X 40MM X 150MM                             ;0;0;0;12000
3615;UM        ;(NEFRO)KIT CDL 15FR X 24CM TIPO PERMICATH,LONGA PERMANECIA  -CATETER DUPLO LUMEM          ;0;0;0;1745
3616;UM        ;(NEFRO)KIT CDL 15FR X 28CM TIPO PERMICATH,LONGA PERMANECIA-CATETER DUPLO LUMEN            ;0;0;0;1745
3617;UM        ;(NEFRO)KIT CDL 15FR X 32CM TIPO PERMICATH,LONGA PERMANECIA-CATETER DUPLO LUMEN            ;0;0;0;1745
3618;UM        ;(NEFRO)KIT CDL 15FR X 55CM TIPO PERMICATH,LONGA PERMANECIA-CATETER DUPLO LUMEN            ;0;0;0;1745
3619;UM        ;(NEFRO)KIT CDL 12FR X 16CM TIPO PERMICATH,LONGA PERMANECIA-CTETER DUPLO LUMEN             ;1;119,04;119,04;119,04
3620;UM        ;(NEFRO)KIT CDL 14,5 FR X 36CM PERMICATH,LONGA PERMANECIA - 19 CM DA PONTA AO CUFF         ;0;0;0;1234,1
3621;UM        ;(ESPEC)PINCA DE BIOPSIA MANDIBULA CAPACIDADE STANDARD COM AG.DESC 2.2 160CM 2.8MM         ;0;0;0;38,02
3622;CX.       ;(ESPEC)COADOR DE PAPEL (FILTRO) GRANDE N.103                                              ;0;0;0;3,37
3623;UM        ;(ESPEC)FILME FENESTRADO P/CATETER ESTERIL DE 9CM X 12CM                                   ;0;0;0;7,21
3624;UM        ;(ESPEC) WRAPS EMBALAGM P/ESTERILIZACAO TAM.APROX. 90CM X 90 CM                            ;0;0;0;1,3
3625;UM        ;(ESPEC)FIO POLIDIOXANONA N.1 AG.4,8CM 1/2 CIL.ESTR.90CM FECHAMENTO GERAL.(+OU-5CM)        ;0;0;0;27,87
3626;UM        ;(ESPEC)FIO POLIDIOXANONA N.3-0 AG.2,6CM 1/2 CIL.ESTRI.USO EM APAR.DIGESTIVO.(+OU- 5CM)    ;0;0;0;19,62
3627;UM        ;(ESPEC)PATCH VASCULAR DE CAROTIDA 8MM X 75 MM                                             ;0;0;0;2517,5
3628;KIT       ;(NEFRO)KIT CDL 15FR X 36CM TIPO PERMICATH,LONGA PERMANECIA -CATETER DUPLO LUMEM           ;0;0;0;1745
3629;UM        ;(ESPEC)CONTRASTE IODADO NAO IONICO BAIXO PESO MOLECULAR 100ML                             ;0;0;0;62
3630;UM        ;PLACA EM L 4,5 - DIREITA 11 FUROS (03.097-0)                                              ;0;0;0;274,27
3631;UM        ;(ESPEC)INTRODUTOR PARA CATETER COM E SEM VALVULA 12F X 45CM                               ;0;0;0;2968,05
3632;UM        ;(ESPEC)INTRODUTOR PARA CATETER COM E SEM VALVULA 12F X 80CM                               ;0;0;0;2598,25
3634;UM        ;PARAFUSO CANULADO 3,5 10MM (03.062-7)                                                     ;0;0;0;70,77
3635;UM        ;(ESPEC)FIO NYLON N.3-0 AG.2,4CM 3/8 TRIAN.ESTRI.COMP.45CM(+/-5CM) USO EM CIR. PLASTICAS E ;0;0;0;2,17
3636;UM        ;MANTA DE AQUECIMENTO NEONATAL 92X85CM U 95X62CM PARA USO SOB O CORPO INTEIRO              ;190;30713,5;161,65;161,65
3637;UM        ;(ESPEC)OLEO DE IMERSAO P/ MICROSCOPIA - 100ML                                             ;0;0;0;15,63
3638;UM        ;PLACA 1/3 TUBULAR 3,5 MM (INCLUI PARAFUSOS)COD.SUS(03.083-0)                              ;0;0;0;130,59
3639;UM        ;PLACA EM T 3,5 MM (INCLUI PARAFUSOS) COD. SUS (03.099-6)                                  ;0;0;0;228,65
3640;UM        ;PARAFUSO MALEOLAR 4,5 26MM (03.074-0)                                                     ;0;0;0;18,61
3641;UM        ;PARAFUSO MALEOLAR 4,5 28MM (03.074-0)                                                     ;0;0;0;18,61
3642;UM        ;PARAFUSO MALEOLAR 4,5 32MM (03.074-0)                                                     ;0;0;0;18,61
3643;UM        ;PARAFUSO MALEOLAR 4,5 34MM (03.074-0)                                                     ;0;0;0;18,61
3644;UM        ;PARAFUSO MALEOLAR 4,5 36MM (03.074-0)                                                     ;0;0;0;18,61
3645;UM        ;PARAFUSO MALEOLAR 4,5 38MM (03.074-0)                                                     ;0;0;0;18,61
3646;UM        ;PARAFUSO CANULADO 4,5 X 16 (03.063-5)                                                     ;0;0;0;66,9
3647;UM        ;PARAFUSO CANULADO 4,5 X 18 (03.063-5)                                                     ;0;0;0;66,9
3648;UM        ;PARAFUSO CANULADO 4,5 X 20 (03.063-5)                                                     ;0;0;0;66,9
3649;UM        ;PARAFUSO CANULADO 4,5 X 22 (03.063-5)                                                     ;0;0;0;66,9
3650;UM        ;PARAFUSO CANULADO 4,5 X 24 (03.063-5)                                                     ;0;0;0;66,9
3651;UM        ;PARAFUSO CANULADO 4,5 X 26 (03.063-5)                                                     ;0;0;0;66,9
3652;UM        ;PARAFUSO CANULADO 4,5 X 28 (03.063-5)                       Í                             ;0;0;0;66,9
3653;UM        ;PARAFUSO CANULADO 4,5 X 30 (03.063-5)                                                     ;0;0;0;66,9
3654;UM        ;PARAFUSO CANULADO 4,5 X 32 (03.063-5)                                                     ;0;0;0;66,9
3655;UM        ;PARAFUSO CANULADO 4,5 X 38 (03.063-5)                                                     ;0;0;0;66,9
3656;UM        ;PARAFUSO CANULADO 3,5 28MM (03.062-7)                                                     ;0;0;0;70,77
3657;UM        ;PARAFUSO CANULADO 4,5 X 56 (03.063-5)                                                     ;0;0;0;66,9
3658;UM        ;PARAFUSO CANULADO 4,5 X 58 (03.063-5)                                                     ;0;0;0;66,9
3659;UM        ;PARAFUSO CANULADO 4,5 X 64 (03.063-5)                                                     ;0;0;0;66,9
3660;UM        ;PARAFUSO CANULADO 4,5 X 66 (03.063-5)                                                     ;0;0;0;66,9
3661;UM        ;PARAFUSO CANULADO 4,5 X 68 (03.063-5)                                                     ;0;0;0;66,9
3662;UM        ;PARAFUSO CANULADO 4,5 X 70 (03.063-5)                                                     ;0;0;0;66,9
3663;UM        ;PARAFUSO CANULADO 3,5 30MM (03.062-7)                                                     ;0;0;0;70,77
3664;UM        ;(ESPEC) ALCOOL 96% 1000ML                                                                 ;0;0;0;6,2
3665;CX.       ;(ESPEC) MASCARA DESCARTAVEL INFANTIL C/ELASTICO NAS LATERAIS - CAIXA/PACOTE C/ 50 UNIDADES;0;0;0;16,33
3666;UM        ;CATETER DE DRENAGEM EXTERNA LCR (DVE) PEDIATRICO P/ DERIVACAO DO LIQUIDO CEFALO-RAQUIDIANO;48;17754,72;369,89;369,89
3667;UM        ;CONJUNTO DE VALVULA P/HIDROCEFALIA NEONATAL ALTA PRESSAO.                                 ;0;0;0;600
3668;UM        ;CONJUNTO DE VALVULA P/HIDROCEFALIA ADULTO ALTA PRESSAO                                    ;69;45581,48;660,601159;1071
3669;UM        ;CONJUNTO DE VALVULA P/HIDROCEFALIA INFANTIL ALTA PRESSAO                                  ;71;43893,5;618,218309;1071
3670;UM        ;CONJUNTO DE VALVULA P/HIDROCEFALIA ADULTO MEDIA PRESSAO                                   ;14;9276,75;662,625;1071
3671;UM        ;CONJUNTO DE VALVULA P/HIDROCEFALIA INFANTIL MEDIA PRESSAO                                 ;269;67582,56;251,236282;1,07
3672;UM        ;CATETER DE DRENAGEM EXTERNA LCR (DVE) ADULTO P/ DERIVACAO DO LIQUIDO CEFALO-RAQUIDIANO    ;163;61443;376,95092;305,15
3673;UM        ;(ESPEC) ESTETOSCOPIO ADULTO DUPLO (TIPO DUO)                                              ;0;0;0;71,4
3674;UM        ;AGULHA DESCARTAVEL (25 X 8.0) C/ DISPOSITIVO DE SEGURANCA                                 ;0;0;0;0,21
3675;UM        ;APLICADOR DE CLIPS DE TITANIO 10MM X 36CM                                                 ;1;100;100;100
3676;UM        ;FIO POLIESTER TRANCADO N.5 C/COBERTURA POLIBUTILATO C/ 4 FIOS COMP.75CM(+/-5CM) AG. TRIANG;12;325,56;27,13;27,13
3677;UM        ;LAMINA PARA FACA DERMATONO 6 TIPO RICHTER                                                 ;645;69408,45;107,61;107,61
3678;UM        ;BATERIA CR2032 DE 3V P/ APARELHO DE MEDIDOR DE GLICEMIA                                   ;375;401,25;1,07;1,07
3679;UM        ;SONDA ENDOTRAQUEAL N.3,0 ARAMADA C/CUFF                                                   ;130;2965,3;22,81;22,81
3680;UM        ;CUECA DESCARTAVEL TAMANHO GG                                                              ;0;0;0;1,66
3681;UM        ;ESFIGMOMANOMETRO ANEROIDE NEONATAL SEM ESTETOSCOPIO                                       ;124;10119,49;81,60879;101,8
3682;ENV.      ;FIO POLIGLACTINA(VYCRIL)N.4-0 AG.1,5CM 1/2 CILINDRICA ESTRIADA, COMP.70CM.(VARIACAO DE +/-;0;0;0;10,29
3683;BOB.      ;PAPEL P/ELETROCARDIOGRAMA 110MM X 30M                                                     ;0;0;0;0
3684;BOB.      ;PAPEL GRAU CIRURGICO 25CM X 100M                                                          ;0;0;0;0
3685;UM        ;AGULHA DESCARTAVEL (40 X 12)C/ DISPOSITIVO SE SEGURANCA     0 X 1,2                       ;0;0;0;0,26
3728;UM        ;(URO)CONJUNTOS DE INTRODUTORES URETRAL 9FR X 45CM BAINHA 2CM                              ;0;0;0;4078,33
3729;UM        ;(HEMO)CATETER GUIA P/ANGIOPLASTIA CORONARIA XB, VODA OU SIMILAR  VL4 7F 100 A 120CM. ORIFI;0;0;0;150
3730;UM        ;(ESPEC) MICROCATETER APT 1.9X150CM 1MR - RETO                                             ;0;0;0;1699
3731;UM        ;(NEURO) SUBSTITUTO DURAL ABSORVIVEL BASE DE COLAGENO 7,5X7,5CM                            ;0;0;0;1933,6
3732;UM        ;(NEFRO)FILTRO DIALISADOR BAIXO FLUXO,SUPERFICIE DE 0,7 A 0,8USO UNICO                     ;0;0;0;170
3733;UM        ;(HEMO) EMBOESFERAS - MICROPARTICULAS P/EMBOLIZACAO 2ML 300-500 MICRAS                     ;0;0;0;1850
3734;UM        ;(CIR. VASCULAR) PROTESE VASCULAR DE PTFE 6MMX60CM LISA                                    ;0;0;0;2520
3735;UM        ;(CIR. VASCULAR) PROTESE VASCULAR DE PTFE 6MMX70CM LISA                                    ;0;0;0;2520
3736;UM        ;(CIR. VASCULAR) PROTESE VASCULAR DE PTFE 6MMX70CM ARAMADA                                 ;0;0;0;2520
3737;UM        ;(CIR. VASCULAR) PROTESE VASCULAR DE PTFE 8MMX70CM LISA                                    ;0;0;0;2520
3738;UM        ;(CIR. VASCULAR) PROTESE DACRON BIFURCADA 6MM/12                                           ;0;0;0;3700
3739;UM        ;(CIR. VASCULAR) PROTESE DACRON BIFURCADA 8MM/16                                           ;0;0;0;3700
3740;UM        ;(CIR. VASCULAR) PROTESE DACRON BIFURCADA 9MM/18                                           ;0;0;0;3700
3741;UM        ;(CIR. VASCULAR) PROTESE DACRON BIFURCADA 10MM/20                                          ;0;0;0;3700
3742;UM        ;(ESPEC)SHUNT DE CAROTIDA DESCARTAVEL 10FR, 31CM X 15CM                                    ;0;0;0;2620
3743;UM        ;(CARDIO) FIO POLIESTER ALGODAO N.2-0 AG.3,1CM 3/8 CIL.ESTRI.COMP.70CM NO MINIMO           ;0;0;0;2,11
3744;UM        ;(CARDIO)FIO POLIGLACTINA(VYCRIL)N.0 0,70CM AG.3,60-3,64 CIR. CARDIOVASCULAR               ;0;0;0;5,27
3745;UM        ;(CARDIO)FIO POLIPROPILENO N.3-0 AG.2,6CM 1/2 CIRCUL.CIL. 2 AG. CARDIO                     ;0;0;0;7,11
3746;UM        ;(CARDIO)FIO POLIPROPILENO N.4-0 AG.2,2CM 1/2 CIRC.CILIND. 75CM 2 AGULHAS CARDIO           ;0;0;0;7,32
3747;UM        ;(UROLOGIA)ELETRODO BIPOLAR P/ RESSECCAO ENDOSCOPICA TIPO ALCA BOLA E FACA                 ;0;0;0;902,77
3748;UM        ;(HEMOD)BAINHAS FEMORAIS LONGAS DE 90 CM                                                   ;0;0;0;985
3749;UM        ;(UROL)KIT P/CIRURGIA DE SLING TRANSOBTURATORIO:FITA DE DIFLUORETO POLIVINILIDENO P/ O TRAT;0;0;0;1427,08
3750;UM        ;(UROLOGIA)PROTESE PENIANA MALEAVEL MODELO ARTICULAVEL DIAMETRO 10MM E COMP 24,5CM REDUCAO ;0;0;0;1808,33
3751;UM        ;(COLOS)BOLSA DE COLOSTOMIA ADULTA REF 10364 COM FLANGE 40MM COM BASE 10-35MM COM FILTRO DE;0;0;0;50
3752;UM        ;(COLOS)BARREIRA DE RESINA REF 12050 DE RESINA SINTETICA PROTETORA SEM ALCOOL C/ TUBO 60 OU;1095;82011,92;74,89673;74,89
3753;UM        ;(COLOS)ADESIVO P/PROTECAO E TRATAMENTO TAM.10X10 (REF.3210)DA PELE PERISTOMA ABSORCAO DA U;20;540,4;27,02;27,02
3754;UM        ;(COLOS)ADESIVO P/PROTECAO E TRATAMENTO TAM.15X15CM (REF.3215),DA PELE PERISTOMA E A BSORCA;15;622,5;41,5;41,5
3755;UM        ;(COLOS)BOLSA NEONATAL REF 14682 SITEMA 1 PECA COM FLANGE 27MM RECORTAVEL 0-25MM, TRANSPARE;0;0;0;26,6
3756;UM        ;(COLOS)BOLSA DE COLOSTOMIA ADULTO REF 14379 02 PECAS COM FANGE 90MM RECORTAVEL 10-88MM OPA;0;0;0;91,23
3757;UM        ;(COLOS)BOLSA DE COLOSTOMIA ADULTA REF 10365 2 PECAS DRENAVEL PLASTICO ANTIODOR COM OU SEM ;850;20697;24,349411;25,1
3758;UM        ;(COLOS)BOLSA COLOSTOMIA ADULTA REF 10366 COM 2 PECAS, FLANGE 60MM, COM FILTO DE CARVAO ATI;3095;87071;28,132794;28,3
3759;UM        ;(COLOS)BOLSA DE UROSTOMIA ADULTA REF 11855 SITEMA DUAS PECAS FLANGE 50 A 57MM COM BASE 10-;10;523;52,3;52,3
3760;UM        ;(CIR.VASCULAR)CATETER PARA EMBOLECTOMIA ARTERIAL 4F (TIPO FOGART), (81CM)                 ;0;0;0;290
3761;UM        ;(HEMOD)ENDOPROTESE DE AORTA ABDOMINAL BIFURCADA 34MM                                      ;0;0;0;14000
3762;UM        ;(HEMOD)ENDOPROTESE-EXTENSAO CONTRA LATERAL 20X120(AORTO ILIACO BIFURCADO)                 ;0;0;0;10200
3763;UM        ;(HEMOD)ENDOPROTESE-EXTENSAO IPSILATERAL 24X100(AORTO ILIACO BIFURCADO)                    ;0;0;0;10200
3764;UM        ;(HEMOD)ENDOPROTESE VASCULAR STENT INTRACRANIANO AUTOEXPANSIVEL, DIVERSOR DE FLUXO 4,0MM X ;0;0;0;43375
3765;UM        ;(HEMOD)ENDOPROTESE VASCULAR STENT INTRACRANIANO AUTOEXPANSIVEL, 3.0MM X 15MM  2 CONECTORES;0;0;0;11760
3766;UM        ;(HEMOD)ENDOPROTESE VASCULAR STENT INTRACRANIANO AUTOEXPANSIVEL, 3.0MM X 21MM 2 CONECTORES ;0;0;0;11760
3767;UM        ;(HEMOD)ENDOPROTESE VASCULAR STENT INTRACRANIANO AUTOEXPANSIVEL, 4.0MM X 15MM 2 CONECTORES ;0;0;0;11760
3768;UM        ;(HEMOD)ENDOPROTESE VASCULAR STENT INTRACRANIANO AUTOEXPANSIVEL, 4.0MM X 24MM 2 CONECTORES ;0;0;0;11760
3769;UM        ;(HEMOD)ENDOPROTESE VASCULAR STENT INTRACRANIANO AUTOEXPANSIVEL, 4.5MM X 30MM 2 CONECTORES ;0;0;0;11760
3770;UM        ;(HEMOD)CATETER GUIA P/ANGIOPLASTIA CORONARIA (AL1)AMPLATZ LEFT 1 6FR. REF:H74938969190    ;0;0;0;156,36
3771;UM        ;(UROL)CATETER URETRAL DUPLO J 6FR/2MM-24CM SILICONE REF. AJ4263                           ;0;0;0;1150
3772;UM        ;(ESPEC) FITA CREPE BRANCA DE USO HOSPITALAR 19MMX50M                                      ;0;0;0;2,65
3773;UMA       ;PERA PARA ECG PARA ELETRODO CARDIOLOGICO                                                  ;0;0;0;18,93
3774;ENV.      ;FIO NYLON N.3-0 AG.2,0CM 3/8 CIRCULAR,COMP.45CM.                                          ;0;0;0;2,17
3775;UM        ;(ESPEC)PINCA DE BIOPSIA MANDIBULA CAPACIDADE STANDARD C/AG. DESCARTAVEL 22MM X 240CM      ;0;0;0;28,47
3776;UM        ;(ESPEC)FIO DE SUTURA PDS PLUS 6-0 AG.1,3CM 3/8 75CM ANTIBACTERIAL                         ;0;0;0;39,74
3777;UM        ;MANTA DE AQUECIMENTO ADULTO 213X91CM OU 234X127CM PARA O CORPO TODO                       ;0;0;0;142,27
3778;UM        ;(ESPEC)SHUNT DE CAROTIDA DESCARTAVEL 08FR, 31CM X 15CM                                    ;0;0;0;2600
3780;UM        ;(ESPECIF)ESPACADOR EM PLASTICO P/ MEDICAMENTOS EM AEROSOL CAMARA ENTRE 145 E 300ML. TAM AD;0;0;0;135
3781;UM        ;(ESPECIF)FILTRO DE GAS DESC. MTP C/MANGUEIRA DE SILICONE 3MT INSUFLADORES DE 50L/MIN COMPA;0;0;0;187,92
3782;UM        ;(ESPECIF)FILTRO DE GAS DESCARTAVEL MTP P/USO INSUFLADORES DE 50L/MIN COMPATIVEL COM TORRE ;0;0;0;56,95
3783;UM        ;(ESPECIF) KIT CIRURGICO DE LAPAROTOMIA C/CAMPOS CIRURGICO E COBERTURA IMPERMEAVEL         ;0;0;0;92
3784;UM        ;(ESPECIF)FIO CIRURGICO MONONYLON 2.0 AGULHA CORTANTE 3,7CM                                ;0;0;0;2,35
3785;UM        ;(ESPECIF)FIO CIRURGICO MONONYLON 3.0 AGULHA CORTANTE 3,7CM                                ;0;0;0;2,35
3786;UM        ;(ESPECIF)DISPOSITIVO P IRRIGACAO P USO EM FRASCOS DE SOLUCAO EM SISTEMA FECHADO. PONTA PER;6500;42250;6,5;6,5
3787;KIT       ;(ESPECIF)SISTEMA DE DRENAGEM EXTERNA III ADULTO TIPO CODMAN OU SIMILIAR                   ;0;0;0;690,4
3788;UM        ;(ESPECIF) FIO POLIESTER C/ ALGODAO N. 2-0 S/AG. 15X45CM                                   ;0;0;0;1,18
3790;UM        ;(OFTAL)GAS HEXAFLORETO DE ENXOFRE 100% (SF6) CILINDRO DE 125G                             ;0;0;0;3716,65
3791;UM        ;(ESPEC)DRENO TORACICO 32FR TUBO DE PVC FLEXIVEL C/ TARJA RADIOPACA, MULTIPERFURADO C/ CONE;0;0;0;5,55
3792;UM        ;(ESPEC) FITA MICROPOROSA 10CM X 10M                                                       ;0;0;0;6,64
3793;UM        ;(ESPEC)FIO POLIPROPILENO N.4-0 AG.1,7CM 1/2 CILI.ESTR.QUAD.90CM C/2AG CARDIOVASCULAR      ;0;0;0;19,54
3794;UM        ;(ESPEC)FIO POLIDIOXANONA(PDS)N.2-0 AG.2,6CM 1/2 CIL. ESTRIADA 70CM USO EM APAR. DIGESTIVO ;0;0;0;33,55
3795;UM        ;(ESPEC) FORRO P/ CAIXA CIRURGICA ABSORVENTE 50CM X 63CM                                   ;0;0;0;2,94
3796;UM        ;(ESPEC)FIO NYLON N.2-0 AG.3,64MM 1/2 E/OU 3/8 TRIANG. CORTANTE ESTRIADA 45CM FECHAMENTO DE;0;0;0;1,73
3797;UM        ;(ESPEC)FIO POLIESTER ALGODAO N.2-0 AG. 3,1CM 3/8 CILIND. ESTRI. 70CM NO MINIMO USO EM APAR;0;0;0;1,79
3798;PAR       ;LUVA DE SEGURANCA ANTIDERRAPANTE NA PALMA E DEDOS TAMANHO M                               ;26;230,1;8,85;8,85
3799;UM        ;(ESPEC)FIO NYLON N.2-0 AG.2,5CM 1/2 E/OU 3/8 TRIAN.ESTR.COMP.DE NO MINIMO 45CM USO EM NEUR;0;0;0;1,61
3800;UM        ;(ESPEC)FIO NYLON N.2-0 AG.2,0CM 3/8 TRIAN.CORTAN.ESTRI.COMP. 45CM(+/-5CM) FECHAMENTO DE PE;0;0;0;1,14
3801;UM        ;(ESPEC)FIO NYLON N.3-0 AG.1,5CM 1/2 TRIAN.CORTAN.ESTRI.COMP. 45CM(+/-5CM)PROCEDIMENTOS PED;0;0;0;2,35
3802;UM        ;(ESPEC)FIO POLIPROPILENO N.0 AG.4,0CM 1/2 CILI.EST.COMP.70CM (+/-5CM)FECHAMENTO GERAL/OBGI;0;0;0;1,96
3803;UM        ;(ESPEC)FIO POLIPROPILENO N.2-0 AG.3,0CM 3/8 CILI.ESTRI. 70CM (+/-5CM) APARELHO DIGESTIVO. ;0;0;0;1,9
3804;UM        ;(ESPEC)FIO POLIPROPILENO N.3-0 AG.3,0CM 1/2 CILI.ESTR.90CM,C/2AG(CARDIOVASCULAR).         ;0;0;0;6,17
3805;UM        ;(ESPEC)FIO POLIPROPILENO N.3-0 AG.2,5CM 1/2 CILI.ESTR.70CM (+/-5CM)USO EM APARELHO DIGESTI;0;0;0;1,9
3806;UM        ;(ESPEC)FIO POLIESTER ALGODAO N.0 AG.3,0CM CILI.ESTRI. COMP.70CM(+/-5CM) USO EM APAR.DIGEST;0;0;0;2,85
3807;UM        ;(ESPEC)FIO POLIESTER ALGODAO N.2-0 AG.3,0CM 3/8 CIRCULO TRIANGULAR ESTRIADA COMP.45CM(+/-5;0;0;0;2,85
3808;UM        ;(ESPEC)FIO POLIESTER ALGODAO N.0 S/AGULHA COMP.45CM(+/-5CM) 15 FIOS POR ENVELOPE.         ;0;0;0;1,54
3809;UM        ;(ESPEC)FIO NYLON N.3-0 AG.3,0CM 3/8 TRIAN.CORTAN.ESTRI.COMP. 45CM(+/-5CM)FECHAMENTO DE PEL;0;0;0;1,21
3810;UM        ;(ESPEC)FIO NYLON N.4-0 AG.1,5CM 1/2 TRIAN.CORTAN.ESTRI.COMP. 45CM(+/-5CM)PROCEDIMENTOS PED;0;0;0;2,22
3812;UM        ;(CME)ENVELOPE AUTO-SELANTE 140MM X 290MM.                                                 ;0;0;0;0,26
3813;UM        ;(ESPEC)PAPEL GRAU CIRURGICO 12CM X 100M                                                   ;0;0;0;55,68
3814;UM        ;(ESPEC)FIO NYLON N.4-0 AG.1,9CM 3/8 TRIAN.CORTAN.ESTRI.COMP .45CM CORPO QUADRADO          ;0;0;0;2,28
3815;UM        ;(ESPEC)FIO POLIPROPILENO N.4-0 AG.1,7CM 1/2 CILI.ESTR.QUAD.70 A 75CM RETANG.USO EM PROC.CA;0;0;0;14,39
3816;UM        ;(ESPEC)FIO POLIESTER ALGODAO N.2-0 S/AG,15 FIOS COMP.45CM(VARIACAO +/- 5CM                ;0;0;0;1,49
3817;UM        ;(OFTAL)RETRATOR DE IRIS MATERIAL ACO INOXIDAVEL,EMBALAGEM ESTERIL,CAIXA COM 4 UNIDADES    ;0;0;0;419
3990;UM        ;VALVULA REDUTORA P/CILINDRO DE AR COMPRIMIDO                                              ;0;0;0;168,35
3991;UM        ;KIT TRANSDUTOR DE PRESSAO UTHA CONNETOR.                                                  ;0;0;0;49,5
3992;UM        ;FLUXOMETRO AR COMPRIMIDO C/ ESCALA 0-15 L/MIN.                                            ;96;4704;49;49
4029;UM        ;UMIDIFICADOR P/AR COMPRIMIDO FRASCO DE 250ML.                                             ;56;1904;34;34
4048;UM        ;PLACA 1/3 TUBO 03 FUROS                                                                   ;0;0;0;131,98
4049;UM        ;PLACA 1/3 TUBO 04 FUROS                                                                   ;0;0;0;131,98
4050;UM        ;PLACA 1/3 TUBO 05 FUROS                                                                   ;0;0;0;131,98
4051;UM        ;PLACA 1/3 TUBO 06 FUROS                                                                   ;0;0;0;131,98
4058;UM        ;PARAFUSO CORTICAL 3,5 MM X 10 MM.                                                         ;0;0;0;10,44
4059;UM        ;PARAFUSO CORTICAL 3,5 MM X 12 MM.                                                         ;0;0;0;10,44
4060;UM        ;PARAFUSO CORTICAL 3,5 MM X 14 MM.                                                         ;0;0;0;16,09
4061;UM        ;PARAFUSO CORTICAL 3,5 MM X 16 MM.                                                         ;0;0;0;10,44
4062;UM        ;PARAFUSO CORTICAL 3,5 MM X 22 MM.                                                         ;0;0;0;16
4063;UM        ;PARAFUSO CORTICAL 3,5 MM X 20 MM.                                                         ;0;0;0;15,91
4064;UM        ;PARAFUSO CORTICAL 3,5 MM X 24 MM.                                                         ;0;0;0;15,91
4065;UM        ;PARAFUSO CORTICAL 3,5 MM X 26 MM.                                                         ;0;0;0;15,9
4066;UM        ;PARAFUSO CORTICAL 3,5 MM X 28 MM.                                                         ;0;0;0;16,07
4067;UM        ;PARAFUSO CORTICAL 3,5 MM X 30 MM.                                                         ;0;0;0;15,91
4068;UM        ;PARAFUSO CORTICAL 3,5 MM X 32 MM.                                                         ;0;0;0;10,44
4070;UM        ;PARAFUSO CORTICAL 3,5 MM X 36 MM.                                                         ;0;0;0;10,44
4071;UM        ;PARAFUSO CORTICAL 3,5 MM X 40 MM.                                                         ;0;0;0;10,44
4076;UM        ;PARAFUSO ESPONJOSO RC 4,00 MM X 10 MM.                                                    ;0;0;0;20,09
4077;UM        ;PARAFUSO ESPONJOSO RC 4,00 MM X 12 MM.                                                    ;0;0;0;20,09
4078;UM        ;PARAFUSO ESPONJOSO RC 4,00 MM X 14 MM.                                                    ;0;0;0;25,77
4079;UM        ;PARAFUSO ESPONJOSO RC 4,00 MM X 16 MM.                                                    ;0;0;0;20,09
4080;UM        ;PARAFUSO ESPONJOSO RC 4,00 MM X 18 MM.                                                    ;0;0;0;20,09
4081;UM        ;PARAFUSO ESPONJOSO RC 4,00 MM X 20 MM.                                                    ;0;0;0;20,09
4082;UM        ;PARAFUSO ESPONJOSO RC 4,00 MM X 22 MM.                                                    ;0;0;0;20,09
4083;UM        ;PARAFUSO ESPONJOSO RC 4,00 MM X 24 MM.                                                    ;0;0;0;20,09
4084;UM        ;PARAFUSO ESPONJOSO RC 4,00 MM X 26 MM.                                                    ;0;0;0;20,09
4085;UM        ;PARAFUSO ESPONJOSO RC 4,00 MM X 28 MM.                                                    ;0;0;0;20,09
4086;UM        ;PARAFUSO ESPONJOSO RC 4,00 MM X 30 MM.                                                    ;0;0;0;25,77
4087;UM        ;PARAFUSO ESPONJOSO RC 4,00 MM X 35 MM.                                                    ;0;0;0;25,77
4088;UM        ;PARAFUSO ESPONJOSO RC 4,00 MM X 40 MM.                                                    ;0;0;0;20,09
4090;UM        ;PARAFUSO ESPONJOSO RT EXTRA LONGO 4,00 MM X 12 MM.                                        ;0;0;0;69
4113;UM        ;PLACA DE COMPRESSAO DINAMICA 4,5MM LARGA INCLUI PARAFUSO ( 03.091-0 )                     ;0;0;0;257,63
4120;UM        ;PLACA ANGULADA INFANTIL 3,5X30 90 GRAUS(ADOLECENTE)                                       ;0;0;0;779,16
4129;UM        ;PLACA EM L DIREITA 03 MM.                                                                 ;0;0;0;92
4135;UM        ;PLACA EM L ESQUERDA 03 MM.                                                                ;0;0;0;92
4141;UM        ;MICRO PLACA LEFORT 11F AVANCO 4MM ESQUERDA                                                ;0;0;0;343,72
4142;UM        ;PARAFUSO CORTICAL 4,5 MM X 16 MM.                                                         ;0;0;0;16,25
4143;UM        ;PARAFUSO CORTICAL 4,5 MM X 18 MM.                                                         ;0;0;0;16,25
4144;UM        ;PARAFUSO CORTICAL 4,5 MM X 20 MM.                                                         ;0;0;0;12,6
4145;UM        ;PARAFUSO CORTICAL 4,5 MM X 22 MM.                                                         ;0;0;0;12,6
4146;UM        ;PARAFUSO CORTICAL 4,5 MM X 24 MM.                                                         ;0;0;0;12,6
4147;UM        ;PARAFUSO CORTICAL 4,5 MM X 26 MM.                                                         ;0;0;0;12,6
4148;UM        ;PARAFUSO CORTICAL 4,5 MM X 28 MM.                                                         ;0;0;0;12,6
4149;UM        ;PARAFUSO CORTICAL 4,5 MM X 38 MM.                                                         ;0;0;0;12,6
4150;UM        ;PARAFUSO CORTICAL 4,5 MM X 42 MM.                                                         ;0;0;0;12,6
4151;UM        ;PARAFUSO CORTICAL 4,5 MM X 44 MM.                                                         ;0;0;0;16,25
4152;UM        ;PARAFUSO CORTICAL 4,5 MM X 46 MM.                                                         ;0;0;0;16,25
4153;UM        ;PARAFUSO CORTICAL 4,5 MM X 30 MM.                                                         ;0;0;0;12,6
4154;UM        ;PARAFUSO CORTICAL 4,5 MM X 32 MM.                                                         ;0;0;0;12,6
4155;UM        ;PARAFUSO CORTICAL 4,5 MM X 34 MM.                                                         ;0;0;0;12,6
4156;UM        ;PARAFUSO CORTICAL 4,5 MM X 36 MM.                                                         ;0;0;0;12,6
4157;UM        ;PARAFUSO CORTICAL 4,5 MM X 40 MM.                                                         ;0;0;0;12,6
4158;UM        ;PARAFUSO CORTICAL 4,5 MM X 48 MM.                                                         ;0;0;0;16,25
4159;UM        ;PARAFUSO CORTICAL 4,5 MM X 52 MM.                                                         ;0;0;0;16,25
4160;UM        ;PARAFUSO CORTICAL 4,5 MM X 56 MM.                                                         ;0;0;0;16,25
4161;UM        ;PARAFUSO CORTICAL 4,5 MM X 60 MM.                                                         ;0;0;0;16,25
4164;UM        ;PARAFUSO CORTICAL 4,5 MM X 25 MM.                                                         ;0;0;0;16,25
4165;UM        ;PARAFUSO CORTICAL 4,5 MM X 35 MM.                                                         ;0;0;0;19,7
4166;UM        ;PARAFUSO CORTICAL 4,5 MM X 45 MM.                                                         ;0;0;0;19,7
4167;UM        ;PARAFUSO CORTICAL 4,5 MM X 50 MM.                                                         ;0;0;0;16,25
4168;UM        ;PARAFUSO CORTICAL 4,5 MM X 55 MM.                                                         ;0;0;0;19,7
4174;UM        ;PARAFUSO CORTICAL 4,5 MM X 85 MM.                                                         ;0;0;0;12,74
4175;UM        ;PARAFUSO CORTICAL 4,5 MM X 90 MM.                                                         ;0;0;0;12,74
4177;UM        ;PARAFUSO ESPONJOSO COM ROSCA 16 MM X 35 MM.                                               ;0;0;0;19,44
4207;UM        ;PLACA DHS 135 GRAUS DE 2 A 16 ORIFICIOS.                                                  ;0;0;0;501,15
4208;UM        ;PLACA DCS 95 GRAUS DE 4 A 17 ORIFICIOS.                                                   ;0;0;0;572,44
4211;UM        ;HASTE INTRAMEDULAR BLOQUEADA DE FEMUR 11 X 360MM NAO FRESADA COM PARAFUSO BLOQUEADOR EM AC;0;0;0;913,55
4212;UM        ;HASTE INTRAMEDULAR BLOQUEADA DE FEMUR 09 X 320MM NAO FRESADA COM PARAFUSO BLOQUEADOR EM AC;0;0;0;685,36
4218;UM        ;HASTE INTRAMEDULAR BLOQUEADA DE FEMUR 10 X 320MM NAO FRESADA COM PARAFUSO BLOQUEADOR EM AC;0;0;0;894,19
4219;UM        ;HASTE INTRAMEDULAR BLOQUEADA DE FEMUR 10 X 340MM NAO FRESADA COM PARAFUSO BLOQUEADOR EM AC;0;0;0;913,55
4220;UM        ;HASTE INTRAMEDULAR BLOQUEADA DE FEMUR 10 X 360MM NAO FRESADA COM PARAFUSO BLOQUEADOR EM AC;0;0;0;913,55
4221;UM        ;HASTE INTRAMEDULAR BLOQUEADA DE FEMUR 10 X 380MM NAO FRESADA COM PARAFUSO BLOQUEADOR EM AC;0;0;0;913,55
4222;UM        ;HASTE INTRAMEDULAR BLOQUEADA DE FEMUR 10 X 400MM NAO FRESADA COM PARAFUSO BLOQUEADOR EM AC;0;0;0;846,67
4223;UM        ;HASTE INTRAMEDULAR BLOQUEADA DE FEMUR 11 X 320MM NAO FRESADA COM PARAFUSO BLOQUEADOR EM AC;0;0;0;890,82
4224;UM        ;HASTE INTRAMEDULAR BLOQUEADA DE FEMUR 11 X 340MM NAO FRESADA COM PARAFUSO BLOQUEADOR EM AC;0;0;0;913,55
4226;UM        ;HASTE INTRAMEDULAR BLOQUEADA DE FEMUR 11 X 380MM NAO FRESADA COM PARAFUSO BLOQUEADOR EM AC;0;0;0;913,55
4227;UM        ;HASTE INTRAMEDULAR BLOQUEADA DE FEMUR 11 X 400MM NAO FRESADA COM PARAFUSO BLOQUEADOR EM AC;0;0;0;913,55
4231;UM        ;HASTE INTRAMEDULAR BLOQUEADA DE FEMUR 12 X 380MM NAO FRESADA COM PARAFUSO BLOQUEADOR EM AC;0;0;0;913,55
4232;UM        ;HASTE INTRAMEDULAR BLOQUEADA DE FEMUR 12 X 400MM NAO FRESADA COM PARAFUSO BLOQUEADOR EM AC;0;0;0;913,55
4234;UM        ;HASTE INTRAMEDULAR BLOQUEADA DE FEMUR 09 X 340MM NAO FRESADA COM PARAFUSO BLOQUEADOR EM AC;0;0;0;150,11
4235;UM        ;HASTE INTRAMEDULAR BLOQUEADA DE FEMUR 09 X 320MM COM PARAFUSO BLOQUEADOR EM ACO INOX E OU ;0;0;0;848,77
4236;UM        ;HASTE INTRAMEDULAR BLOQUEADA DE FEMUR 09 X 340MM COM PARAFUSO BLOQUEADOR EM ACO INOX E OU ;0;0;0;846,67
4238;UM        ;HASTE INTRAMEDULAR BLOQUEADA DE FEMUR 09 X 380MM COM PARAFUSO BLOQUEADOR EM ACO INOX E OU ;0;0;0;442,91
4240;UM        ;HASTE INTRAMEDULAR BLOQUEADA DE FEMUR 10 X 320MM COM PARAFUSO BLOQUEADOR EM ACO INOX E OU ;0;0;0;890,82
4241;UM        ;HASTE INTRAMEDULAR BLOQUEADA DE FEMUR 10 X 340MM COM PARAFUSO BLOQUEADOR EM ACO INOX E OU ;0;0;0;846,67
4242;UM        ;HASTE INTRAMEDULAR BLOQUEADA DE FEMUR 10 X 360MM COM PARAFUSO BLOQUEADOR EM ACO INOX E OU ;0;0;0;913,55
4243;UM        ;HASTE INTRAMEDULAR BLOQUEADA DE FEMUR 10 X 380MM COM PARAFUSO BLOQUEADOR EM ACO INOX E OU ;0;0;0;913,55
4245;UM        ;HASTE INTRAMEDULAR BLOQUEADA DE FEMUR 11 X 320MM COM PARAFUSO BLOQUEADOR EM ACO INOX E OU ;0;0;0;913,55
4246;UM        ;HASTE INTRAMEDULAR BLOQUEADA DE FEMUR 11 X 340MM COM PARAFUSO BLOQUEADOR EM ACO INOX E OU ;0;0;0;913,55
4256;UM        ;HASTE INTRAMEDULAR BLOQUEADA PARA FEMUR PROXIMAL.                                         ;0;0;0;843,82
4257;UM        ;HASTE INTRAMEDULAR BLOQUEADA PARA FEMUR RETROGADA.                                        ;0;0;0;711,45
4265;UM        ;HASTE INTRAMEDULAR BLOQUEADA DE TIBIA 09 X 315MM NAO FRESADA COM PARAFUSO BLOQUEADOR EM AC;0;0;0;890,82
4266;UM        ;HASTE INTRAMEDULAR BLOQUEADA DE TIBIA 09 X 330MM NAO FRESADA COM PARAFUSO BLOQUEADOR EM AC;0;0;0;890,82
4267;UM        ;HASTE INTRAMEDULAR BLOQUEADA DE TIBIA 09 X 345MM NAO FRESADA COM PARAFUSO BLOQUEADOR EM AC;0;0;0;890,82
4268;UM        ;HASTE INTRAMEDULAR BLOQUEADA DE TIBIA 09 X 360MM NAO FRESADA COM PARAFUSO BLOQUEADOR EM AC;0;0;0;656,12
4270;UM        ;HASTE INTRAMEDULAR BLOQUEADA DE TIBIA 10 X 300MM NAO FRESADA COM PARAFUSO BLOQUEADOR EM AC;0;0;0;656,12
4271;UM        ;HASTE INTRAMEDULAR BLOQUEADA DE TIBIA 10 X 315MM NAO FRESADA COM PARAFUSO BLOQUEADOR EM AC;0;0;0;890,82
4272;UM        ;HASTE INTRAMEDULAR BLOQUEADA DE TIBIA 10 X 330MM NAO FRESADA COM PARAFUSO BLOQUEADOR EM AC;0;0;0;656,12
4273;UM        ;HASTE INTRAMEDULAR BLOQUEADA DE TIBIA 10 X 345MM NAO FRESADA COM PARAFUSO BLOQUEADOR EM AC;0;0;0;890,82
4287;UM        ;HASTE INTRAMEDULAR BLOQUEADA DE TIBIA 09 X 300MM COM PARAFUSO BLOQUEADOR EM ACO INOX E OU ;0;0;0;656,12
4288;UM        ;HASTE INTRAMEDULAR BLOQUEADA DE TIBIA 09 X 315MM COM PARAFUSO BLOQUEADOR EM ACO INOX E OU ;0;0;0;656,12
4289;UM        ;HASTE INTRAMEDULAR BLOQUEADA DE TIBIA 09 X 330MM COM PARAFUSO BLOQUEADOR EM ACO INOX E OU ;0;0;0;656,12
4290;UM        ;HASTE INTRAMEDULAR BLOQUEADA DE TIBIA 09 X 345MM COM PARAFUSO BLOQUEADOR EM ACO INOX E OU ;0;0;0;656,12
4291;UM        ;HASTE INTRAMEDULAR BLOQUEADA DE TIBIA 09 X 360MM COM PARAFUSO BLOQUEADOR EM ACO INOX E OU ;0;0;0;656,12
4293;UM        ;HASTE INTRAMEDULAR BLOQUEADA DE TIBIA 10 X 300MM COM PARAFUSO BLOQUEADOR EM ACO INOX E OU ;0;0;0;656,12
4294;UM        ;HASTE INTRAMEDULAR BLOQUEADA DE TIBIA 10 X 315MM COM PARAFUSO BLOQUEADOR EM ACO INOX E OU ;0;0;0;656,12
4295;UM        ;HASTE INTRAMEDULAR BLOQUEADA DE TIBIA 10 X 330MM COM PARAFUSO BLOQUEADOR EM ACO INOX E OU ;0;0;0;890,82
4296;UM        ;HASTE INTRAMEDULAR BLOQUEADA DE TIBIA 10 X 345MM COM PARAFUSO BLOQUEADOR EM ACO INOX E OU ;0;0;0;656,12
4297;UM        ;HASTE INTRAMEDULAR BLOQUEADA DE TIBIA 10 X 360MM COM PARAFUSO BLOQUEADOR EM ACO INOX E OU ;0;0;0;656,12
4298;UM        ;HASTE INTRAMEDULAR BLOQUEADA DE TIBIA 10 X 375MM COM PARAFUSO BLOQUEADOR EM ACO INOX E OU ;0;0;0;656,12
4304;ENV.      ;FIO POLIESTER(ETHIBOND)N.5-0 AG.4,8CM 1/2 CIRCULAR ESTRIADA,COMP.75CM,CARDIOVASCULAR.     ;0;0;0;34
4362;UM        ;(ESPEC)ENXERTO VASCULAR ARTERIAL DACRON                                                   ;0;0;0;3820,62
4363;UM        ;PROTESE VASCULAR HEMASHIELD MALHA MICROVEL DUP VEL                                        ;0;0;0;3597,65
4365;UMA       ;CONJUNTO DOSADOR ORAL (DOSADOR + ADAPTADOR + ETIQUETA DE INDENTIFICACAO) 10ML             ;0;0;0;26,3422
4367;RL.       ;PINCA DE AGARRA, TIPO JACARE C/DENTE DE RATO PARA CORPO ESTRANHO COMPRIMENTO UTIL 165 MM, ;0;0;0;1566,6
4372;UM        ;CATETER DE PIC VENTRICULAR COM TEMPERATURA                                                ;0;0;0;3666,66
4374;UM        ;SISTEMA P/ANESTESIA TIPO BARAKA (PEDIATRICO) 1000 ML                                      ;210;31651,5;150,721428;149,25
4919;UM        ;DOSADOR ORAL 05ML                                                                         ;15550;5348;0,343922;0,32
4924;UM        ;DESINCROSTANTE GL 5000ML                                                                  ;0;0;0;40,64
4939;UM        ;DRENO PARA ASPIRACAO FECHADO (SUCCAO) N.3.2MM                                             ;432;8177,29;18,928912;18,62
4940;UM        ;DRENO PARA ASPIRACAO FECHADO (SUCCAO) N.4.8MM                                             ;47;1141,63;24,29;24,29
4960;ENV.      ;FIO POLIGLACTINA(VYCRIL)N.5-0 AG.2,0CM 3/8 CIRCULAR TRIANGULAR, COMP.70CM.                ;0;0;0;0
4963;ENV.      ;FIO POLIPROPILENO N.3-0 AG.1,5CM 1/2 CIRCULAR PONTA CONICA,COMP.75CM.                     ;0;0;0;0
4986;GL.       ;HIPOCLORITO DE SODIO A 1% DE CLORO ATIVO GALAO 5 LITROS                                   ;0;0;0;12,3
5070;UM        ;ESCOVA LIMPEZA INSTRUMENTAIS CANULADOS 80CM X 1.5MM X 15MM                                ;55;1367,3;24,86;24,86
5071;UM        ;KIT DE ESCOVAS PARA LIMPEZA DE ENDOSCOPIO.                                                ;4;210,52;52,63;52,63
5072;UM        ;ESCOVA DE MAO CERDAS FLEXIVEIS NILON 7,8-8,1CM X 19MM X 20MM                              ;9;93,87;10,43;10,43
5074;UM        ;ESCOVA LIMPEZA INSTRUMENTAIS CANULADOS 230CM X 12.5MM X 50MM                              ;0;0;0;46,13
5087;UM        ;"SENSOR PARA OXIMETRO REUTILISAVEL TIPO""Y"" ADULTO TIPO REF 8791                            ";0;0;0;0
5143;UM        ;APARELHO DE GLICEMIA BREEZE                                                               ;0;0;0;30
5150;UM        ;COLCHAO PARA CAMA HOSPITALAR ADULTO DENSIDADE 28, MEDINDO 190 CM COMPRIMENTO, 90 CM LARGUR;0;0;0;130
5156;UM        ;REGULADOR DE CILINDRO SAIDA E PRESSAO 3,5KGF/CM PARA O2.                                  ;37;8440,81;228,13;228,13
5163;UM        ;HASTE INTREMEDULAR BLOQUEADA PARA FEMUR PROXIMAL N 10                                     ;0;0;0;894,19
5164;UM        ;HASTE INTRAMEDULAR BLOQUEADA PARA FEMUR PROXIMAL N 11                                     ;0;0;0;894,19
5165;ENV.      ;FIO NYLON N.2-0 AG.2,0CM(APROX)1/2 CIRCULAR,45CM.                                         ;0;0;0;6,28
5166;ENV.      ;FIO POLIGLACTINA(VYCRIL)N.2-0 AG 3,64CM 5/8 CILINDRICA ESTRIADA,COMP.70CM.                ;648;4244,4;6,55;6,55
5167;ENV.      ;CODIGO EXCLUIDO-USAR 6546                                                                 ;0;0;0;4,33
5171;ENV.      ;FIO DE SUTURA DE POLIPROPILENO N.4 AG 1/2-1,0CM 60CM CIR. CIL.                            ;0;0;0;72
5174;UM        ;(ESPEC)CATETER ANGIOGRAFICO HEAD-HUNTER 5FR 100 CM                                        ;0;0;0;54,6
5175;UM        ;(HEMO)CATETER ANGIOGRAFICO RADIFOCUS OPTITORQUE COBRA II 5FRX80CM                         ;0;0;0;54,6
5179;KIT       ;CONJUNTO P/ NEBULIZACAO P/ AR COMPRIMIDO ADULTO                                           ;0;0;0;15
5198;UM        ;PLACA 1/3 TUBO 07 FUROS                                                                   ;0;0;0;131,98
5199;UM        ;PLACA 1/3 TUBO 08 FUROS                                                                   ;0;0;0;102,51
5204;UM        ;PLACA A/C ESTREITA 12 FUROS                                                               ;0;0;0;212,29
5205;UM        ;PLACA A/C ESTREITA 14 FUROS                                                               ;0;0;0;212,29
5206;UM        ;PLACA DE COMP. DINAMICA 4,5MM ESTREITA INCLUI PARAF. 3 A 20 FUROS (03.090-2)              ;40;5600;140;140
5207;UM        ;PLACA EM T 6 FUROS                                                                        ;0;0;0;247,93
5210;UM        ;(URO)SONDA DUPLO LUMEM 7FR                                                                ;0;0;0;9,27
5214;UM        ;PARAFUSO CORTICAL 3,5 MM X 18 MM.                                                         ;0;0;0;15,9
5217;CX.       ;HEMOSTATICO ABSORVIVEL-ESPONJA-OXIDADA ESTERIL EM TIRAS DE  10X20CM                       ;0;0;0;164
5218;UM        ;PARAFUSO ESPONJOSO R 16 6.5 X 40MM                                                        ;0;0;0;19,44
5219;UM        ;PARAFUSO ESPONJOSO R 16 6.5X100MM                                                         ;0;0;0;19,44
5225;ENV.      ;ITEM EXCLU√≠DO - USAR O C√≥DIGO 833                         FIO POLIPROPILENO N.2-0 AG.3,0;0;0;0;1,75
5226;ENV.      ;FIO DE SUTURA DE POLIGLACTINA 910 N.4 75CM FIO AG.1.5CM 75CM                              ;0;0;0;0
5229;UM        ;PLACA DCP PEQ FRAG 8 FUROS                                                                ;0;0;0;61,01
5231;UM        ;PLACA EM T PEQ FRAG 4+4                                                                   ;0;0;0;192,78
5234;UM        ;PARAFUSO TAMPAO TIBIAL                                                                    ;0;0;0;756,06
5239;UMA       ;AGULHA PARA PUNCAO EM CATETER TOTALMENTE IMPLANTAVEL                                      ;0;0;0;17
5241;RL.       ;ESPARADRAPO IMPERMEAVEL 10CMX10                                                           ;0;0;0;8,99
5243;UM        ;SACO DE POLIETILENO PARA ACONDICIONAMENTO DE RESIDUOS HOSPITALARES 100 LITROS BRANCO LEITO;0;0;0;0,3
5247;UM        ;SONDA DE NUTRICAO ENTERAL NR06                                                            ;0;0;0;22,62
5248;UM        ;SONDA DE NUTRICAO ENTERAL NR08                                                            ;0;0;0;12,21
5249;UM        ;SONDA P/ALIMENTACAO ENTERAL 10FR (POLIURETANO)                                            ;0;0;0;18,53
5250;ENV.      ;FIO SEDA PRETO TRANCADO N.3-0 S/AG. 15 FIOS 45CM.                                         ;552;4261,44;7,72;7,72
5251;ENV.      ;FIO VICRYL 6.0 1/4 45CM                                                                   ;0;0;0;100
5252;ENV.      ;FIO VICRYL 8.0 BIOAGULHADO                                                                ;0;0;0;0,1
5255;UM        ;(OFTAL) BISTURI 15 GRAUS TRADICIONAL                                                      ;0;0;0;34,77
5262;ENV.      ;FIO POLIESTER ALGODAO(POLYCOT)N.0 AG.3,5CM CIRCULAR,COMP.45CM.                            ;0;0;0;7,74
5266;UMA       ;SONDA ENDOBRONQUIAL DUPLO LUMEN, DIREITA,TAM.28                                           ;10;2861,9;286,19;286,19
5267;UMA       ;SONDA ENDOBRONQUIAL DUPLO LUMEN, ESQUERDA,TAM.28.                                         ;17;4164,66;244,98;244,98
5268;UMA       ;SONDA ENDOBRONQUIAL DUPLO LUMEN, DIREITA,TAM.35                                           ;10;2744;274,4;274,4
5269;UMA       ;SONDA ENDOBRONQUIAL DUPLO LUMEN, ESQUERDA,TAM.35                                          ;0;0;0;315,01
5271;UM        ;EQUIPO PARA BOMBA DE INFUSAO SANTRONIC S/ FILTRO(AZUL).                                   ;0;0;0;0,000001
5276;UM        ;PLACA COMP.DIN. 3,5MM 10F                                                                 ;0;0;0;165,43
5277;UM        ;AGULHA DE BIOPSIA 14G X 12CM - DE MAMA COM PISTOLA/DISPARADOR EM COMODATO.                ;0;0;0;48,51
5278;UM        ;AGULHA DE BIOPSIA 14G X 20CM - TECIDO MOLE COM PISTOLA/DISPARADOR EM COMODATO.            ;0;0;0;23,1
5279;UM        ;AGULHA DE BIOPSIA 16G X 20CM - TECIDO MOLE COM PISTOLA/DISPARADOR EM COMODATO.            ;185;8900;48,108108;48
5280;UM        ;FILTRO UMIDIFICADOR C/BARREIRA ADULTO HME                                                 ;0;0;0;7,41
5282;UM        ;PLACA COMP.DIN. 3,5MM 05F                                                                 ;0;0;0;128,52
5283;UM        ;PLACA COMP.DIN. 3,5MM 06F                                                                 ;0;0;0;128,52
5284;UM        ;PLACA COMP.DIN. 3,5MM 08F                                                                 ;0;0;0;128,52
5286;UM        ;PARAFUSO ESPONJOSO R16 6.5MM X 45MM                                                       ;0;0;0;19,44
5287;UM        ;PARAFUSO ESPONJOSO R16 6.5MM X 50MM                                                       ;0;0;0;19,44
5288;UM        ;PARAFUSO ESPONJOSO R16 6.5MM X 55MM                                                       ;0;0;0;19,44
5289;UM        ;PARAFUSO ESPONJOSO R16 6.5MM X 60MM                                                       ;0;0;0;19,44
5290;UM        ;PARAFUSO ESPONJOSO R16 6.5MM X 65MM                                                       ;0;0;0;19,44
5291;UM        ;PARAFUSO ESPONJOSO R16 6.5MM X 70MM                                                       ;0;0;0;19,44
5292;UM        ;TALA METALICA PARA IMOBILIZACAO DE MEMBROS 10X15                                          ;0;0;0;8,93
5293;L.        ;SOLUCAO DE CLOREXIDINA HIDROALCOOLICA 0,5% COM 1L(1000ML)                                 ;3636;40468,68;11,13;11,13
5294;UM        ;CLAMP UMBILICAL                                                                           ;1300;728;0,56;0,56
5295;UM        ;CAPACETE P/OXINOTERAPIA EM ACRILICO CRISTAL TAM.PEQUENO                                   ;0;0;0;206,99
5296;FR.       ;GEL PARA ULTRASSONOGRAFIA FRASCO COM 1L                                                   ;291;1972,98;6,78;6,78
5302;ENV.      ;FIO CATGUT SIMPLES N.2-0 AG.2,0CM 3/8 CIRCULAR,COMP.75CM.                                 ;0;0;0;3,24
5303;UM        ;LENCOL DESCARTAVEL EM TNT 2M X 90CM APROXIMADAMENTE                                       ;0;0;0;1,04
5304;RL.       ;PAPEL KRAFT PARA EMBALAGEM DE ESTERELIZACAO DE MATERIAIS                                  ;0;0;0;3,44
5305;RL.       ;LENCOL DESC.(CELULOSE) ROLO 70CM X 50M APROXIMADAMENTE                                    ;0;0;0;10
5306;UMA       ;PULSEIRA PARA INDENTIFICACAO ADULTO BRANCA                                                ;0;0;0;0,41
5308;UM        ;PRESERVATIVO MASCULINO EM LATEX LUBRIFICADO                                               ;0;0;0;0,47
5310;UM        ;PLACA ALTA COMPRESSAO 09 FUROS                                                            ;0;0;0;128,52
5311;UM        ;PLACA 1/3 TUBO 09 FUROS                                                                   ;0;0;0;0
5314;UM        ;CHASSI 18X24, FABRICADO EM ALUMINIO COM CANTOS EM NYLON ALTO IMPACTO , TRAVAS PLASTICAS CO;0;0;0;105
5315;UM        ;CHASSI 24X30, FABRICADO EM ALUMINIO COM CANTOS EM NYLON ALTO IMPACTO , TRAVAS PLASTICAS CO;0;0;0;128,6
5316;UM        ;CHASSI 30X40, FABRICADO EM ALUMINIO COM CANTOS EM NYLON ALTO IMPACTO , TRAVAS PLASTICAS CO;0;0;0;178
5317;UM        ;CHASSI 35X35, FABRICADO EM ALUMINIO COM CANTOS EM NYLON ALTO IMPACTO , TRAVAS PLASTICAS CO;0;0;0;176
5318;UM        ;CHASSI 35X43, FABRICADO EM ALUMINIO COM CANTOS EM NYLON ALTO IMPACTO , TRAVAS PLASTICAS CO;0;0;0;180
5319;UM        ;DIVISORES DE CHASSI, LONGITUDINAL , 24X30, CONTRUIDO COM QUADRO DE ACO INOXIDAVEL, FILTRO ;0;0;0;243,33
5320;UM        ;DIVISORES DE CHASSI, LONGITUDINAL , 30X40, CONTRUIDO COM QUADRO DE ACO INOXIDAVEL, FILTRO ;0;0;0;237,33
5321;UM        ;DIVISORES DE CHASSI, LONGITUDINAL , 35X43, CONTRUIDO COM QUADRO DE ACO INOXIDAVEL, FILTRO ;0;0;0;350,56
5323;UM        ;DIVISORES DE CHASSI, TRANSVERSAL,30X40, CONTRUIDO COM QUADRODE ACO INOXIDAVEL, FILTRO DE C;0;0;0;279,66
5326;UM        ;ECRAN BASE VERDE 18X24                                                                    ;0;0;0;206,66
5327;UM        ;ECRAN BASE VERDE 24X30                                                                    ;0;0;0;316,66
5328;UM        ;ECRAN BASE VERDE 30X40                                                                    ;0;0;0;490
5329;UM        ;ECRAN BASE VERDE 35X35                                                                    ;0;0;0;552,8
5330;UM        ;ECRAN BASE VERDE 35X43                                                                    ;0;0;0;650
5333;UM        ;DISPOSITIVO P/ INCONTINENCIA URINARIA TAM.35MM                                            ;0;0;0;6,99
5334;UM        ;LUVAS PLUMBIFERA DE PROTECAO EMBORRACHADA C/EQUIVALENCIA 0,50MM EM CHUMBO.                ;0;0;0;346,66
5335;UM        ;AVENTAL PADRAO PROTECAO RADIOLOGICA, TAMANHO 110 X60 CM NAS CORES CINZA OU VINHO.         ;0;0;0;410
5336;UM        ;PROTETOR DE TIREOIDE EM BORRACHA PLUMBIFERA, ACABAMENTO DEBLDEBLUN.                       ;0;0;0;76,98
5337;UM        ;SAIOTE PARA PROTECAO REGIAO GENITAL, EQUIV. CHUMBO 0,50MMPB,COM FECHO E CINTO REGULAVEL PA;0;0;0;171,66
5338;UM        ;CATETER URETRAL HIDROFILO N.08, DESC. FEM.                                                ;2190;24462,01327;11,169869;11,18
5340;UM        ;CATETER URETRAL HIDROFILO N.10, DESC. MASC.                                               ;8445;94452,00793;11,18437;11,18
5341;UM        ;CATETER URETRAL HIDROFILO N.12, DESC. MASC.                                               ;11420;140889,9;12,337119;12,33
5342;KIT       ;SONDA PARA GASTROSTOMIA 24-1.2 (MIC-KEY)                                                  ;0;0;0;600
5344;UM        ;EQUIPO MACROGOTAS C/INJ LATERAL S/ROSCA 1,20                                              ;0;0;0;0,97
5345;UMA       ;CATETER NASAL P/OXIGENIO TIPO OCULOS N.04                                                 ;0;0;0;3,24
5346;UMA       ;CATETER NASAL TIPO OCULOS INFANTIL                                                        ;0;0;0;1,12
5347;UMA       ;CATETER EPIDURAL N 16G                                                                    ;470;22527,1;47,93;47,93
5348;UM        ;CATETER NASAL P/OXIGENIO TIPO OCULOS N.06                                                 ;0;0;0;1,1
5349;UMA       ;SONDA ENDOTRAQUEAL SEM BALAO N.3,0                                                        ;0;0;0;205,55
5350;UMA       ;SONDA ENDOTRAQUEAL SEM BALAO N.3,5                                                        ;0;0;0;205,55
5351;UMA       ;ESPATULA AYRES                                                                            ;0;0;0;4,13
5352;RL.       ;FITA MICROPOROSA 10CM X 10M                                                               ;804;6584,76;8,19;8,19
5353;UM        ;EQUIPO ADULTO 2 VIAS CLAMP                                                                ;0;0;0;0,51
5354;PCT.      ;COMPRESSA TIPO CAMPO OPERATORIO 23CMX25CM - 12G                                           ;0;0;0;30
5355;UMA       ;CODIGO EXCLUIDO. UTILIZAR CODIGO 6207                                                     ;0;0;0;3,69
5356;UM        ;FIXADOR EXTERNO TIPO TUBO FEMUR/TIBIA                                                     ;0;0;0;854,62
5357;UM        ;PARAFUSO CORTICAL 3,5X20MM (03.069-4)                                                     ;0;0;0;9,82
5358;RL.       ;FITA ADESIVA BRANCA PARA USO HOSPITALAR (19MM X 50M)                                      ;0;0;0;3,73
5359;UM        ;PRESERVATIVO SEM LUBRIFICANTE                                                             ;0;0;0;0,47
5360;UM        ;SERINGA DESC.20ML S/AGULHA LUER SLIP                                                      ;8940;2592,6;0,29;0,29
5361;UM        ;PULSEIRA IDENT.MAE E GEMEOS                                                               ;0;0;0;1,13
5362;UM        ;SONDA GASTRICA LEVINE N.04                                                                ;0;0;0;0,72
5363;UM        ;SONDA GASTRICA LEVINE N.06                                                                ;0;0;0;0,73
5364;UM        ;SONDA GASTRICA LEVINE N.10                                                                ;0;0;0;0,65
5365;UM        ;SONDA GASTRICA LEVINE N.12                                                                ;0;0;0;0,69
5366;UM        ;SONDA GASTRICA LEVINE N.16                                                                ;0;0;0;0,64
5368;UM        ;SONDA GASTRICA LEVINE N.18                                                                ;0;0;0;0,7
5371;UM        ;SONDA GASTRICA LEVINE N.20                                                                ;0;0;0;1,08
5372;UM        ;SONDA GASTRICA LEVINE N.22                                                                ;0;0;0;0,84
5373;UM        ;PLACA COMP.DIN. 3,5MM 07F                                                                 ;0;0;0;165,43
5374;UM        ;PLACA RECONSTRUCAO BACIA 4,5MM DE 2F A 20F INCLUI PARAFUSOS ( 03.093-7 )                  ;0;0;0;285,01
5376;UM        ;(CME)ENVELOPE AUTO-SELANTE 120MM X 160MM.                                                 ;0;0;0;0,19
5377;UM        ;(CME) ENVELOPE AUTO-SELANTE 140MM X 290MM.                                                ;0;0;0;0,26
5379;UM        ;(CME) ENVELOPE AUTO-SELANTE 300MM X 500MM.                                                ;0;0;0;0,79
5380;UM        ;(CME) ENVELOPE AUTO-SELANTE 450MM X 600MM.                                                ;0;0;0;1,73
5381;UM        ;(CME) ENVELOPE AUTO-SELANTE 150MM X 200MM.                                                ;0;0;0;0,22
5382;UM        ;(COLOS)BOLSA DE COLOSTOMIA REF 18182 SISTEMA 2 PECAS DRENAVEL COM PLASTICO ANTIODOR COM FI;0;0;0;68
5383;UM        ;(COLOS)PLACA PARA BOLSA COLOSTOMIA ADULTA REF 10025 BASE PLANA RECORTAVEL 10-45MM, COM FLA;1183;46563,78;39,36076;72,09
5384;UM        ;DISPOSITIVO ABERTO P/ OSTOMIA 90MM EXTRA GRANDE OPACA ( COD 14379 )                       ;0;0;0;29,23
5385;UM        ;EQUIPAMENTO COLETOR 10-70MM INTESTINAL ADULTO 1 PECA, DRENAVVEL, ANTODOR, C/FILTRO CARVAO ;0;0;0;23,05
5386;UM        ;(COLOS)PLACA P/ ESTOMIA INTESTINAL (11204) FLANGE 70MM RECORTAVEL ATE 57MM HOSL√LISTER.   ;1480;129389;87,425;88
5387;UM        ;PLACA BASE P/ OSTOMIA 40MM / 10-35MM ( COD 10015 )                                        ;0;0;0;18,18
5390;UM        ;SERINGA DESC.10ML S/AGULHA LUER SLIP.                                                     ;0;0;0;0,19
5391;UM        ;HASTE INTRAMEDULAR NAO BLOQUEADA PARA TIBIA                                               ;0;0;0;456,14
5392;UM        ;ALMOTOLIA MARROM BICO CURVO 500ML PLASTICO RIGIDO                                         ;781;4436,08;5,68;5,68
5393;UM        ;ALMOTOLIA MARROM BICO RETO 500ML PLASTICO RIGIDO                                          ;962;4463,68;4,64;4,64
5394;UM        ;EQUIPO GRAVITACIONAL NUTRICAO ENTERAL LUER                                                ;0;0;0;0,84
5395;UM        ;EQUIPO MACROGOTAS C/INJETOR LATERAL FOTOSSENSIVEL                                         ;0;0;0;2
5396;UM        ;SERINGA DESC.03ML S/AGULHA LUER SLIP                                                      ;280000;40640;0,145142;0,14
5397;UM        ;SONDA GASTRICA LEVINE N.08                                                                ;0;0;0;0,48
5398;UM        ;CONECTOR TUBO-PINO                                                                        ;1;223,98;223,98;223,98
5399;UM        ;AGULHA DESCARTAVEL ANEST RAUI 18GX3                                                       ;0;0;0;2,58
5401;UM        ;APARELHO BARBEAR DESCATAVEL                                                               ;0;0;0;0,92
5402;UM        ;ESCOVA PARA DEGERMACAO COM CLOREXIDINA 2%                                                 ;6216;11917,8;1,917277;1,91
5403;UM        ;SERINGA DESC.05ML S/AGULHA LUER SLIP                                                      ;0;0;0;0,17
5404;UM        ;PLACA TREVO 5 FUROS                                                                       ;0;0;0;247,93
5405;UM        ;PLACA TREVO 6 FUROS                                                                       ;0;0;0;247,93
5406;UM        ;PLACA TREVO 7 FUROS                                                                       ;0;0;0;247,93
5407;UM        ;PLACA TREVO 8 FUROS                                                                       ;0;0;0;247,93
5408;UM        ;PLACA TREVO 12 FUROS                                                                      ;0;0;0;689,23
5411;UM        ;PLACA BLOQUEADA 1/3 TUBO 3,5 08 FUROS (EXTRA SUS)                                         ;0;0;0;654,76
5414;UM        ;PARAFUSO CORTICAL 3,5 MM X 34 MM.                                                         ;0;0;0;10,44
5415;UM        ;PLACA 1/3 TUBO 3,5MM DE 2F A 14F                                                          ;0;0;0;102,51
5416;UM        ;PLACA COMP.DIN. 3,5MM 02F                                                                 ;0;0;0;165,43
5418;UM        ;DRENO KERR N.08 TAYLOR                                                                    ;0;0;0;14,88
5419;UM        ;SONDA MALECOT N.22                                                                        ;110;1697,3;15,43;15,43
5420;UM        ;FAIXA DE SMARCH 10 CMS                                                                    ;0;0;0;6,25
5421;UMA       ;CANULA DE TRAQUEOSTOMIA N.03 ACO INOXIDAVEL - MEDIA                                       ;0;0;0;23,8
5422;UM        ;CATETER VENTRICULAR P/DRENAGEM EXTERNA 35CM E MADRIL(DVE)DE SILICONE                      ;0;0;0;830,95
5423;UM        ;AVENTAL PADRAO PROTECAO RADIOLOGICA,TAMANHO 110 X 60 CM NAS CORES AZUL MARINHO OU VERDE   ;0;0;0;507,6
5424;UM        ;EQUIPO COLETOR P/OSTOMIA INTESTINAL ADULTO 1 PECA C/FILTRO CARVAO, ANTIODOR, 40MM         ;0;0;0;23,05
5426;UM        ;(COLOS)CREME BARREIRA REF 12000 HIDRAT. PARA PELE (COLOSPLAST).                           ;0;0;0;47,5
5427;UM        ;PASTA PROTETORA PELE, ALCOOLICO, SOLIDIFICAVEL, TUBO 60G (COD 2650 )                      ;0;0;0;100,58
5428;UM        ;(COLOST)PASTA PROTETORA PELE, SEM ALCOOL, MOLDAVEL, 60G ( COD 2655 )                      ;0;0;0;12,8
5429;UM        ;PROTETOR CUTANEO EM PO P/TRATAM.DERMATITE PERISTOMIA(COD.19075/ 7906) COM CARBOXIMELOTICEL;1102;38790,4;35,2;35,2
5430;UM        ;UMIDIFICADOR ADAPTAVEL A FLUOXOMETRO                                                      ;0;0;0;13
5431;UM        ;ALMOTOLIA TRANSPARENTE BICO CURVO 500ML                                                   ;1275;6905,19;5,415835;5,19
5432;UM        ;SONDA DE NUTRICAO ENTERAL NR12 ADULTO                                                     ;0;0;0;19
5434;UM        ;SONDA MALECOT N.14                                                                        ;134;1941,1;14,48582;14,15
5435;UM        ;SONDA MALECOT N.16                                                                        ;84;1292,76;15,39;15,39
5436;UM        ;SONDA MALECOT N.18                                                                        ;205;3055,95;14,907073;15,39
5437;UM        ;PROTETOR DE TIREOIDE 0,50MMPB AD.                                                         ;0;0;0;125
5438;UM        ;SONDA MALECOT N.20                                                                        ;120;1851,6;15,43;15,43
5439;UM        ;SONDA MALECOT N.24                                                                        ;0;0;0;15,42
5440;UM        ;SONDA MALECOT N.26                                                                        ;190;2674,7;14,077368;14,09
5441;UM        ;SONDA MALECOT N.28                                                                        ;0;0;0;15,41
5444;UM        ;SONDA URETAL  N.12                                                                        ;0;0;0;0
5445;PC.       ;LAMINA DE LARINGOSCOPIO RETA N. 0 - MD                                                    ;100;10626,72;106,2672;58,33
5446;PC.       ;LAMINA DE LARINGOSCOPIO RETA N.01 - MD                                                    ;46;4890,91;106,32413;119,01
5447;PC.       ;LAMINA DE LARINGOSCOPIO RETA N.02 - MD                                                    ;88;10475,52;119,04;119,04
5448;PC.       ;PINO DE SCHANZ 3,5X120 MM                                                                 ;0;0;0;19
5449;PC.       ;PINO DE SCHANZ 3,5X150 MM                                                                 ;0;0;0;19
5450;PC.       ;PINO DE SCHANZ 4,0X200 MM                                                                 ;0;0;0;19
5451;PC.       ;PINO DE SCHANZ 4,5X200 MM                                                                 ;0;0;0;19
5452;PC.       ;PINO DE SCHANZ 4,8X180 MM                                                                 ;0;0;0;19
5453;UM        ;PLACA DE RECONSTRUCAO BLOQUEADA 3,5 5X5 FUROS (EXTRA SUS)                                 ;0;0;0;1900
5454;PC.       ;FIXADOR EXTERNO LINEAR 400MM                                                              ;0;0;0;355,01
5455;UM        ;HASTE INTRAMEDULAR BLOQUEADA DE TIBIA 10 X 270MM COM PARAFUS0 BLOQUEADOR EM ACO INOX E OU ;0;0;0;656,12
5456;UM        ;HASTE INTRAMEDULAR BLOQUEADA DE TIBIA 10 X 285MM COM PARAFUSO BLOQUEADOR EM ACO E OU TITAN;0;0;0;656,12
5457;UM        ;SONDA URETAL  N.16                                                                        ;0;0;0;0
5458;UM        ;(COLOS)PLACA P/ BOLSA DE UROSTOMIA (11703) FLANGE RECORTAVEL 13-38MM HOLLISTER            ;2;193,14;96,57;96,57
5459;UM        ;PLACA COMP.DIN. EST. 06F                                                                  ;0;0;0;235,88
5460;UM        ;PLACA COMP.DIN. EST. 07F                                                                  ;0;0;0;164,7
5461;UM        ;PLACA COMP.DIN. EST. 09F                                                                  ;0;0;0;164,7
5462;UM        ;SONDA DE FOLEY N.20 2 VIAS (SILICONE).                                                    ;3405;39429,9;11,58;11,58
5463;UM        ;SONDA DE FOLEY N.08 2 VIAS COM BALAO ATE 1,5ML/CC                                         ;0;0;0;5
5464;UM        ;SONDA DE FOLEY N.18 2 VIAS (SILICONE).                                                    ;6009;61836,62;10,290667;11,72
5465;UM        ;SONDA DE FOLEY N.12 2 VIAS (SILICONE).                                                    ;9910;103221,2;10,415862;6,75
5472;PC.       ;PROTESE DE OMBRO UMERAL 9X125                                                             ;0;0;0;793,17
5477;UMA       ;SONDA DE FOLEY N.14 2 VIAS (SILICONE)                                                     ;7040;72652,8;10,32;11,69
5479;UM        ;SONDA URETAL  N.18                                                                        ;0;0;0;0
5480;UM        ;SONDA DE ALIMENTACAO ENTERAL ADULTO                                                       ;0;0;0;18,53
5481;UM        ;SONDA P/ALIMENTACAO ENTERAL 05FR (POLIURETANO)                                            ;0;0;0;18,83
5482;UM        ;SONDA GASTRICA LEVINE N.14                                                                ;0;0;0;0,77
5483;UM        ;AGULHA DE BIOPSIA P/ASPIRACAO 15G X 05CM                                                  ;0;0;0;21,92
5485;UM        ;TERMOMETRO DIGITAL PARA GELADEIRA                                                         ;243;12597,95;51,843415;63,77
5486;UMA       ;CANULA DE TRAQUEOSTOMIA N.3.5 COM BALAO                                                   ;210;2154,4;10,259047;10,05
5490;UM        ;SERINGA DESCARTAVEL 60 ML - BICO SONDA                                                    ;0;0;0;0
5491;PCT.      ;COMPRESSA DE GASE 7,5 X 7,5 CM ESTERIL PCT 5                                              ;27680;9411,2;0,34;0,34
5492;PCT.      ;COMPRESSA DE GASE 7,5 X 7,5 CM ESTERIL PCT 10                                             ;0;0;0;1,78
5493;UM        ;SERINGA DESCARTAVEL 3ML COM DISPOSITIVO DE SEGURANCA C/AGULHA 30X7                        ;0;0;0;0
5495;UM        ;DRENO TORACICO 36FR 50CM 70 SHORE A                                                       ;158;1069,66;6,77;6,77
5496;UM        ;DRENO TORACICO 40FR 50CM 70 SHORE A                                                       ;0;0;0;6,5
5497;UM        ;DRENO TORACICO 34FR 50CM 70 SHORE A                                                       ;55;400,4;7,28;7,28
5498;UM        ;DRENO TORACICO 30FR 50CM 70 SHORE A                                                       ;80;518,4;6,48;6,48
5499;UM        ;DRENO TORACICO 22FR 50CM 70 SHORE A                                                       ;10;45,5;4,55;4,55
5500;UM        ;DRENO TORACICO 28FR 50CM 70 SHORE A                                                       ;1;4,83;4,83;4,83
5501;UM        ;DRENO TORACICO 20FR 50CM 70 SHORE A                                                       ;5;22,75;4,55;4,55
5502;UM        ;DRENO KEHR 18FR SILICONE                                                                  ;0;0;0;12,76
5503;UM        ;DRENO KEHR 12FR SILICONE                                                                  ;0;0;0;11,96
5505;UM        ;DRENO TORACICO 38FR 50CM 70 SHORE A                                                       ;27;180,63;6,69;6,69
5506;RL.       ;ATADURA DE ALGODAO ORTOPEDICO 10CM X 1,00MT                                               ;23556;10104,12;0,42894;8,64
5512;UM        ;DRENO CIRURGICO 08X300 MM                                                                 ;0;0;0;0
5513;UM        ;DRENO CIRURGICO 12X300 MM                                                                 ;0;0;0;0
5514;UM        ;DRENO CIRURGICO 06X300 MM                                                                 ;0;0;0;11,96
5515;RL.       ;FITA MICROPOROSA 10CM X 4,5MT                                                             ;0;0;0;3,9
5516;UM        ;AGULHA DESCARTAVEL PARA ANESTESIA ESPINHAL 22G X 3 1/2                                    ;0;0;0;6,86
5517;UM        ;AGULHA DESCARTAVEL PARA ANESTESIA ESPINHAL 26G X 3 1/2                                    ;0;0;0;3,11
5518;UM        ;AGULHA DESCARTAVEL PARA ANESTESIA ESPINHAL 27G X 3 1/2                                    ;0;0;0;7,63
5519;UM        ;TALA METALICA PARA IMOBILIZACAO DE MEMBROS 19X180M                                        ;0;0;0;0,87
5520;PCT.      ;COLETOR PORTA LAMINA PARA CITOLOGIA CAPAC. 3 LAMINAS.                                     ;7200;3528;0,49;0,49
5521;UM        ;DRENO KEHR 16FR SILICONE                                                                  ;0;0;0;15,36
5523;UM        ;(NEURO) CAPA DE MICROSCOPIO COM VISOR                                                     ;0;0;0;33,97
5524;UM        ;SONDA P/ASPIRACAO TRAQUEAL C/ VALVULA N.12                                                ;0;0;0;0,58
5526;UM        ;LAMPADA FLUORESCENTE 15U                                                                  ;0;0;0;0
5527;PCT.      ;COMPRESSA TIPO CAMPO OPERATORIO 45CMX50CM - 25G                                           ;1556;100990,493;64,903915;64,28
5528;UM        ;DRENO KEHR 10FR SILICONE                                                                  ;0;0;0;14,5
5529;UM        ;ESCOVA CERVICAL                                                                           ;0;0;0;16,46
5530;RL.       ;MALHA TUBULAR ORTOPEDICA 10CM X 10M.                                                      ;0;0;0;0
5531;RL.       ;MALHA TUBULAR ORTOPEDICA 10CM X 15M.                                                      ;144;1319,04;9,16;9,16
5532;RL.       ;DRENO DE KERR EM T N.14                                                                   ;0;0;0;0
5533;UM        ;AGULHA DESCARTAVEL (13 X 3.8)                                                             ;0;0;0;0,26
5540;UM        ;BOLSA PARA NUTRICAO 300 ML                                                                ;0;0;0;0
5541;UM        ;FRASCO PARA DRENAGEM TORAX 1000ML                                                         ;0;0;0;18,89
5542;UM        ;SABONETE LIQUIDO PERFUMADO                                                                ;0;0;0;7,8
5543;UMA       ;CODIGO EXCLUIDO. USAR CODIGO 5543                                                         ;0;0;0;1,72
5544;UM        ;EQUIPO POLIFIX 04 VIAS                                                                    ;0;0;0;1,54
5547;UM        ;DRENO TORACICO 10FR 50CM 80 SHORE A                                                       ;75;389,55;5,194;5,24
5548;UM        ;DRENO TORACICO 16FR 50CM 80 SHORE A                                                       ;20;93;4,65;4,65
5549;UM        ;SERINGA DESC.01ML S/AGULHA LUER SLIP                                                      ;87870;21149,952;0,240695;0,1
5550;PCT.      ;SWAB ESTERIL HASTE PLASTICA(PACOTE C/100)                                                 ;0;0;0;0,49
5551;UM        ;DRENO TORACICO 12FR 50CM 80 SHORE A                                                       ;36;163,8;4,55;4,55
5552;UM        ;DRENO TORACICO 32FR 50CM 70 SHORE A                                                       ;0;0;0;5,92
5553;BOB.      ;PAPEL GRAU CIRURGICO 20CM X 100M (BOBINA)                                                 ;832;77431,8;93,067067;93
5554;BOB.      ;PAPEL GRAU CIRURGICO 10CM X 100M                                                          ;0;0;0;30,91
5555;BOB.      ;PAPEL GRAU CIRURGICO 30CM X 100M (BOBINA)                                                 ;304;49500,32;162,83;162,83
5556;UM        ;CONECTOR MULTIVIAS COM 4 VIAS COM CLAMP                                                   ;0;0;0;12,02
5557;UM        ;DRENO CIRURGICO 10X300MM                                                                  ;0;0;0;0
5559;UM        ;FRASCO PARA DRENAGEM TORAX 2000ML                                                         ;1774;43995,2;24,8;24,8
5560;UM        ;SISTEMA DE ANESTESIA BARAKA INFANTIL                                                      ;0;0;0;84,84
5561;PC.       ;LAMINA DE LARINGOSCOPIO CURVA N.03                                                        ;82;7531,64;91,849268;112,77
5562;PC.       ;LAMINA DE LARINGOSCOPIO RETA N.04                                                         ;10;1185,1;118,51;118,51
5563;PC.       ;LAMINA DE LARINGOSCOPIO CURVA N.02                                                        ;114;10164,78;89,164736;76,27
5564;UMA       ;(COLOS)PLACA PARA BOLSA DE COLOSTOMIA REF 11202                                           ;40;1672;41,8;41,8
5565;UM        ;(COLOS)PLACA PARA BOLSA COLOSTOMIA REF 17823 COM BASE RECORTAVEL 10-88MM FLANGE 90MM.     ;0;0;0;18,18
5566;BOB.      ;PAPEL P/ELETROCARDIOGRAMA 60MM X 15M                                                      ;0;0;0;15,59
5568;UM        ;FIXADOR EXTERNO COM PINO 4,5X200                                                          ;0;0;0;0
5569;UM        ;TALA METALICA PARA IMOBILIZACAO DE MEMBROS 16X180MM                                       ;12;9,12;0,76;0,76
5570;UM        ;PARAFUSO TITANIO PARA PLACA CERVICAL 4,0X16MM                                             ;0;0;0;1154,91
5571;UM        ;PARAFUSO TITANIO PARA PLACA CERVICAL 4,0X18MM                                             ;0;0;0;1154,91
5572;UM        ;PLACA CERVICAL ASSOCIADA INTRASOMATICA TITANIO 34                                         ;0;0;0;2011,46
5573;UM        ;PLACA CERVICAL ASSOCIADA INTRASOMATICA TITANIO 24                                         ;0;0;0;2011,46
5574;UM        ;PLACA CERVICAL ASSOCIADA INTRASOMATICA TITANIO 29                                         ;0;0;0;2011,46
5575;UM        ;PLACA CERVICAL ASSOCIADA INTRASOMATICA TITANIO 39                                         ;0;0;0;2011,46
5576;UMA       ;SONDA MALECOT N.12                                                                        ;0;0;0;0
5577;UM        ;CODIGO EXCLUIDO. UTILIZAR CODIGO 6670                                                     ;0;0;0;1,18
5579;UMA       ;ATADURA DE ALGODAO ORTOPEDICA 15CM X 1,00MT                                               ;35488;23048,98;0,649486;0,52
5580;UM        ;SERINGA DESC.C/DISPOSITIVO DE SEGURANCA 05ML C/AGULHA 25X8,0                              ;0;0;0;0,33
5581;UM        ;REVELADOR AGFA MR 32N? ONU NAO APLICAVEL                                                  ;0;0;0;207,6
5584;UM        ;PAPEL DESCARTAVEL P/ MACA.                                                                ;0;0;0;0,1
5585;UM        ;TELA CIRURGICA SINTETICA NAO ABSORVIVEL 15X15 EM POLIPROPILENO.                           ;0;0;0;1
5586;UM        ;(C.G)TELA CIRURGICA IMPLANTAVEL DYNAMESH - IPON 30 X 30CM                                 ;0;0;0;0
5587;UM        ;TORNEIRA DESC.3 VIAS LUER LOCK                                                            ;0;0;0;0,65
5588;UM        ;PARAFUSO AUTO ROSQUEAVEL 4,0MM CORTICAL 36MM (EXTRA SUS)                                  ;0;0;0;35,89
5589;UM        ;PLACA COMP.DIN.EST 10                                                                     ;0;0;0;164,7
5590;UM        ;AGULHA DE BIOPSIA P/ASPIRACAO 16G X 05CM                                                  ;0;0;0;50
5591;UM        ;K.C P/ BIOPSIA DE TECIDO MOLE UD 16G X 100MM-OP                                           ;0;0;0;0
5592;UM        ;LAMPADA P/ LARINGOSCOPIO ADULTO 3V LAMINA CURVA                                           ;0;0;0;22
5593;UM        ;LAMPADA P/ LARISGOSCOPIO ADULTO 3V LAMINA RETA.                                           ;0;0;0;19,9
5594;UM        ;LAMPADA P/ LARINGOSCOPIO 2,5V TAMANHO GRANDE                                              ;1221;35115,96;28,76;28,76
5595;UM        ;FLUXOMETRO P/ AR COMPRIMIDO COM CORPO DE METAL CROMADO DESC.                              ;0;0;0;25,97
5597;ENV.      ;FIO DE SUTURA DE POLIGLACTINA N?4,0 45CM C/ AGULHA 1/2      1,6CM                         ;0;0;0;0
5599;ENV.      ;FIO POLIGLACTINA(VYCRIL)N.3-0 AG.2,2CM 1/2 CIRCULAR PONTA CONICA, COMP.70CM.              ;0;0;0;0
5602;ENV.      ;FIO POLIGLECAPRONE N.2-0 AG.3,1CM 3/8 CIRCULAR,COMP.70CM,GASTROINTESTINAL.                ;2312;28805,2;12,458996;9,38
5603;ENV.      ;FIO POLIDIOXANONA(PDS)N.7-0 AG.1,7CM 1/2 CIRCULAR CILINDRICA,COMP.70CM.                   ;0;0;0;0
5604;ENV.      ;FIO DE SUTURA DE POLIDIOXANONA 5-0 (PDS) COM AGULHA 1,7CM  1/2 CIRCULAR CILINDRICO, 70CM  ;0;0;0;0
5605;RL.       ;ATADURA DE ALGODAO ORTOPEDICO 20CM X 1,00MT                                               ;7680;7372,8;0,96;0,96
5606;UM        ;EQUIPO MACROGOTAS C/INJ.LATERAL C/ROSCA 1,2M                                              ;0;0;0;0,97
5607;UM        ;EQUIPO MACROGOTAS SANGUE 1,5M S/ROSCA                                                     ;0;0;0;1,77
5608;UM        ;EQUIPO MACROGOTAS C/INJETOR LATERAL                                                       ;50;47,5;0,95;0,95
5609;UM        ;EQUIPO MACROGOTAS C/INJ.LATERAL S/ROSCA C/FILTRO 1,2M                                     ;0;0;0;0,97
5610;RL.       ;ATADURA DE CREPE 25CM                                                                     ;0;0;0;0
5611;UM        ;EQUIPO MACRO FLEXIVEL INJETOR LATERAL E PINCA ROLETE                                      ;0;0;0;0,54
5612;UM        ;EQUIPO MICROGOTAS FLEX INJ. LATERAL                                                       ;0;0;0;0,7
5613;KIT       ;CATETER URETRAL DUPLO J 7FR X28CM (KIT)PIG TAIL                                           ;0;0;0;153,54
5615;UM        ;CURATIVO AUXILIAR NA CICATRIZACAO A BASE DE OLEOS (AGE)                                   ;1507;5937,41;3,939887;3,92
5619;GL.       ;ABSORVENTE GRANULADO DE CO2(CAL SODADA)                                                   ;149;27175,7;182,387248;107,25
5620;UM        ;SISTEMA FECHADO DE ASPIRACAO TRAQUEAL N.12FR                                              ;2800;252000;90;90
5621;UM        ;SONDA DE FOLEY N.22 2 VIAS (SILICONE).                                                    ;3822;40841,6;10,685923;7,56
5622;UM        ;CURATIVO DE ALGINATO DE CALCIO E SODIO 10X10CM. REF 3710                                  ;0;0;0;77
5623;UM        ;CURATIVO C/PERMEABILIDADE CONTROLADA POR CATETER 6X7CM                                    ;0;0;0;0
5624;CX.       ;FILME RADIOLOGICO 20 X 25 CAIXA COM 100                                                   ;0;0;0;0
5625;CX.       ;FILME RADIOLOGICO 25 X 30 CAIXA COM 100 AGFA - DIGITAL                                    ;0;0;0;2,94
5626;RL.       ;MALHA TUBULAR ORTOPEDICA 15CM X 15M                                                       ;51;799,03;15,667254;14,13
5627;UM        ;EQUIPO HEMOTRANSFUSAO/INFUSAO DE SANGUE COM CAMARA DUPLA OU FLEXIVEL                      ;0;0;0;2,34
5628;PCT.      ;TUBO DE SILICONE N.205 LINHA BRANCA 15 METROS                                             ;0;0;0;122,8
5629;UM        ;PARAFUSO CORTICAL 3,5X18MM (03.069-4)                                                     ;0;0;0;9,82
5630;UM        ;COMPONENTE CEFALICO P/ HEMIARTROPLASIA MONOPOLAR.COD(03.012-0)                            ;0;0;0;827,91
5631;UM        ;MASCARA VNI N 02 (AMBU C/ COXIM INFL.INFANTIL)                                            ;2950;51979;17,62;17,62
5632;UM        ;(COLOS)CINTO ELASTICO ADULTO REF 7300 PARA SUPORTE DE EQUIPAMENTO COLETOR DE ESTOMIA AJUST;0;0;0;30,53
5633;UM        ;PLACA COMP.DIN 3,5MM 3F                                                                   ;0;0;0;128,52
5634;UM        ;PLACA COMP DIN.3,5MM 4F                                                                   ;0;0;0;128,52
5635;UM        ;PLACA 1/3 TUBULAR 10F                                                                     ;0;0;0;102,51
5636;UM        ;PLACA 1/3 TUBO 05F                                                                        ;0;0;0;102,51
5637;UM        ;PLACA 1/3 TUBO 06F                                                                        ;0;0;0;102,51
5638;UM        ;PLACA 1/3 TUBO 07F                                                                        ;0;0;0;102,51
5639;UM        ;PLACA 1/3 TUBO 08F                                                                        ;0;0;0;102,51
5640;UM        ;PLACA P/ CALCANEO ( 03.104-6 )                                                            ;0;0;0;259,69
5641;UM        ;PLACA ANGULADA INFANTIL 3,5X45 90∞ (ADOLECENTE)                                           ;0;0;0;779,16
5642;UM        ;PLACA T 3,5MM 3+5F                                                                        ;0;0;0;281,8
5643;UM        ;PLACA T 3,5MM 4+4F                                                                        ;0;0;0;281,8
5644;UM        ;PLACA T 3,5MM 4+6F                                                                        ;0;0;0;281,8
5645;PC.       ;FIXADOR EXTERNO LINEAR 150MM (PUNHO)                                                      ;0;0;0;456,51
5646;PC.       ;FIXADOR EXTERNO LINEAR 200MM (UMERO/RADIO)                                                ;0;0;0;456,51
5647;PC.       ;FIXADOR EXTERNO LINEAR 250MM (TIBIA)                                                      ;0;0;0;456,51
5648;PC.       ;FIXADOR EXTERNO LINEAR 300MM (TIBIA/FEMUR)                                                ;0;0;0;456,51
5649;PC.       ;FIXADOR EXTERNO LINEAR 350MM (TIBIA/FEMUR)                                                ;0;0;0;456,51
5650;PC.       ;FIXADOR EXTERNO LINEAR 400MM(FEMUR/BACIA)                                                 ;0;0;0;456,51
5651;UM        ;PARAFUSO CORTICAL 3,5X16MM (03.069-4)                                                     ;0;0;0;9,82
5652;UM        ;ANCORA MONTADA METALICA COM AGULHA - 3,0MM (EXTRA SUS)                                    ;0;0;0;333,33
5653;UM        ;ANCORA MONTADA METALICA COM AGULHA - 4,5MM (EXTRA SUS)                                    ;0;0;0;333,33
5654;UM        ;CIMENTO S/ ANTIBIOTICO / ORTOPEDIA ( 03.138-0 )                                           ;0;0;0;54,53
5655;UM        ;PARAFUSO CANULADO 4,5X20MM                                                                ;0;0;0;84,39
5656;UM        ;PARAFUSO CANULADO4,5X22MM                                                                 ;0;0;0;84,39
5657;UM        ;PARAFUSO CANULADO 4,5X24MM                                                                ;0;0;0;84,39
5658;UM        ;PARAFUSO CANULADO4,5X28MM                                                                 ;0;0;0;84,39
5659;UM        ;PARAFUSO CANULADO4,5X30MM                                                                 ;0;0;0;84,39
5660;UM        ;PARAFUSO CANULADO 4,5X32MM                                                                ;0;0;0;84,39
5661;UM        ;PARAFUSO CANULADO 4,5X34MM                                                                ;0;0;0;84,39
5662;UM        ;PARAFUSO CANULADO 4,5X36MM                                                                ;0;0;0;84,39
5663;UM        ;PARAFUSO CANULADO 4,5X38MM                                                                ;0;0;0;84,39
5664;UM        ;PARAFUSO CANULADO 4,5X40MM                                                                ;0;0;0;84,39
5665;UM        ;LAMPADA P/ NEGATOSCOPIO 15W/10.                                                           ;0;0;0;23,67
5666;UMA       ;IODOPOLIVIDONA 1000ML                                                                     ;0;0;0;0,15
5667;CX.       ;FILME RADIOLOGICO 20 X 25 CAIXA COM 100 AGFA - DIGITAL                                    ;0;0;0;270
5668;UM        ;EQUIPO MICROGOTAS C/INJETOR LATERAL FOTOSSENSIVEL                                         ;0;0;0;1,09
5669;UM        ;SOLUCAO DE CLOREXIDINA ALCOOLICA 0,5% FRASCO COM 1000ML                                   ;0;0;0;8,5
5670;UM        ;DRENO TORACICO 24FR 50CM 70 SHORE A                                                       ;0;0;0;4,55
5671;UM        ;DRENO TORACICO 26FR 50CM 70 SHORE                                                         ;0;0;0;4,83
5672;UM        ;FRASCO DE VIDRO 5LT                                                                       ;0;0;0;148,8
5673;UM        ;CONJUNTO P/ NEBULIZACAO P/ UTI                                                            ;0;0;0;5,81
5674;UM        ;CONJUNTO ESTOMIA DREN C/ 1 BOLSA TELA PROT.PELE E 1 PLACA   C/ FRANGE ATE 40MM SINTET. ADE;0;0;0;36,98
5675;UM        ;CONJ. ESTOMIA DREN C/ 1 BOLSA TELA PELE  E 1 PLACA C/ FLANGEATE 85MM C/ RES SINT E ADES MI;0;0;0;42,7
5676;UM        ;EQUIPAMENTO P/ OSTOMIA INTESTINAL ADULTO ,1 PCA C/ FILTRO   CARVAO ATIVADO ANTIODOR 60MM. ;0;0;0;15,63
5677;UM        ;EQUIPAMENTO P/ OSTOMIA INTESTINAL ADULTO 1PECAS SIST.       ANTIREFLUXO  50MM.            ;0;0;0;106,51
5678;UM        ;PARAFUSO CANULADO 4,5 X 42MM                                                              ;0;0;0;84,39
5679;UM        ;PARAFUSO CANULADO 4,5 X 48MM                                                              ;0;0;0;84,39
5680;UM        ;PARAFUSO CANULADO 4,5 X 60MM                                                              ;0;0;0;84,39
5681;UM        ;PARAFUSO CANULADO 4,5 X 64MM                                                              ;0;0;0;84,39
5682;UM        ;PARAFUSO CANULADO 4,5 X 68MM                                                              ;0;0;0;84,39
5683;UM        ;PARAFUSO CANULADO 4,5 X 72MM                                                              ;0;0;0;84,39
5684;UM        ;PARAFUSO CANULADO 7,0 X 100MM                                                             ;0;0;0;74,94
5685;UM        ;PARAFUSO CANULADO 7,0 X 40MM                                                              ;0;0;0;74,94
5686;UM        ;PARAFUSO CANULADO 7,0 X 50MM                                                              ;0;0;0;74,94
5687;UM        ;PARAFUSO CANULADO 7,0 X 55MM                                                              ;0;0;0;74,94
5688;UM        ;PARAFUSO CANULADO 7,0 X 60MM                                                              ;0;0;0;74,94
5689;UM        ;PARAFUSO CANULADO 7,0 X 65MM                                                              ;0;0;0;74,94
5690;UM        ;PARAFUSO CANULADO 7,0 X 70MM                                                              ;0;0;0;74,94
5691;UM        ;PARAFUSO CANULADO 7,0 X 75MM                                                              ;0;0;0;74,94
5692;UM        ;PARAFUSO CANULADO 7,0 X 80MM                                                              ;0;0;0;74,94
5693;UM        ;PARAFUSO CANULADO 7,0 X 90                                                                ;0;0;0;74,94
5694;UM        ;PARAFUSO INTERFERENCIA DE TITANEO7 X 20MM                                                 ;0;0;0;439,63
5695;UM        ;PARAFUSO INTERFERENCIA DE TITANEO 7 X 25MM                                                ;0;0;0;439,63
5696;UM        ;PARAFUSO INTERFERENCIA DE TITANEO 7 X 30MM                                                ;0;0;0;439,63
5697;UM        ;PARAFUSO INTERFERENCIA DE TITANEO 8 X 20MM                                                ;0;0;0;439,63
5698;UM        ;PARAFUSO INTERFERENCIA DE TITANEO 8 X 25MM                                                ;0;0;0;439,63
5699;UM        ;PARAFUSO INTERFERENCIA DE TITANEO 8 X 30MM                                                ;0;0;0;439,63
5700;UM        ;PARAFUSO INTERFERENCIA DE TITANEO 9 X 20MM                                                ;0;0;0;439,63
5701;UM        ;PARAFUSO INTERFERENCIA DE TITANEO 9 X 25MM                                                ;0;0;0;439,63
5702;UM        ;PARAFUSO MALEOLAR 4,5 X 25MM                                                              ;0;0;0;19,7
5703;UM        ;PARAFUSO MALEOLAR 4,5 X 35MM                                                              ;0;0;0;19,7
5704;UM        ;PARAFUSO MALEOLAR 4,5 X 50MM                                                              ;0;0;0;19,7
5705;UM        ;PARAFUSO MALEOLAR 4,5 X 55MM                                                              ;0;0;0;247,93
5706;UM        ;PARAFUSO MALEOLAR 4,5 X 65MM                                                              ;0;0;0;19,7
5707;UM        ;PARAFUSO MALEOLAR 4,5 X 70MM                                                              ;0;0;0;19,7
5708;UM        ;PARAFUSO CANULADO 7,0 X 110MM                                                             ;0;0;0;247,93
5709;UM        ;PLACA TREVO 3,5 X 4F                                                                      ;0;0;0;247,93
5710;UM        ;PARAFUSO DE TITANIO ASSOCIAVEL A HASTE TIPO PEDICULAR MONO  -AXIAL ( 05.038-5 )           ;0;0;0;384,81
5711;UM        ;PARAFUSO P/ COMPONENTE ACETABULAR. ( 03.076-7 )                                           ;0;0;0;109,65
5712;UM        ;PARAFUSOS DESLIZANTE 95GR.                                                                ;0;0;0;572,44
5713;UM        ;COMPONENTE FEMORAL CIMENTADO  MODULAR PRIMARIO.( 03.016-3 ) (HASTE FEMORAL)               ;0;0;0;882
5714;UM        ;COMPONENTE FEMORAL NAO CIMENTADO MODULAR PRIMARIO.( 03.021-0) (HASTE FEMORAL)             ;0;0;0;1694,93
5715;UM        ;(ESPEC)CONJUNTO DE VALVULA P/ HIDROCEFALIA ADULTO PRESSAO ALTA PRESSAO                    ;0;0;0;613,65
5716;UM        ;(ESPEC)CONJUNTO DE VALVULA P/ HIDROCEFALIA INFANTIL PRESSAO ALTA                          ;0;0;0;767,5
5717;UM        ;PARAFUSO DE TITANIO ASSOCIAVEL A HASTE TIPO PECULIAR POLI-AXIAL ( 05.039-3 )              ;0;0;0;384,81
5718;UM        ;CONJUNTO DE VALVULA P/HIDROCEFALIA INFANTIL BAIXA PRESSAO                                 ;56;35354,15;631,324107;1071
5719;UM        ;(ESPEC)CONJUNTO DE VALVULA P/ HIDROCEFALIA INFANTIL PRESSAO MEDIA                         ;0;0;0;640
5720;UM        ;FIXADOR EXTERNO P/ PUNHO. ( 03.041-4 )                                                    ;0;0;0;247,13
5721;UM        ;MINI FIXADOR EXTERNO. ( 03.060-0 )                                                        ;0;0;0;421,2
5722;UM        ;(ESPEC)KIT DE LIGADURA ELASTICA                                                           ;0;0;0;922
5723;UM        ;CONJUNTO P/ HIDROCEFALIA ADULTO PRESSAO BAIXA.                                            ;0;0;0;673,75
5724;UM        ;COLETOR DE URINA EM SISTEMA ABERTO 1200ML(TIPO GARRAFA)                                   ;6156;19083,6;3,1;3,1
5725;UM        ;PLACA A/C ESTREITA 3 FUROS                                                                ;0;0;0;212,29
5726;UM        ;PLACA A/C ESTREITA 4 FUROS                                                                ;0;0;0;212,29
5727;UM        ;PLACA A/C ESTREITA 5 FUROS                                                                ;0;0;0;212,29
5728;UM        ;PLACA A/C ESTREITA 6 FUROS                                                                ;0;0;0;212,29
5729;UM        ;PLACA A/C ESTREITA 7 FUROS                                                                ;0;0;0;212,29
5730;UM        ;PLACA A/C ESTREITA 9 FUROS                                                                ;0;0;0;212,29
5731;UM        ;PLACA COMP.DIM.3,5MM 12F                                                                  ;0;0;0;1106,64
5732;UM        ;FIXADOR EXTERNO C/ SISTEMA DE ALONGAMENTO MONOFOCAL (03.035-0 )                           ;0;0;0;585,48
5733;UM        ;FIXADOR EXTERNO C/ SISTEMA DE PEQ. FRAGMENTOS C/ SISTEMA    DE CORRECAO ANGULAR.( 03.037-6;0;0;0;545,82
5734;UM        ;PARAFUSO DESLIZANTE DE 135 A 150 GRAUS.                                                   ;0;0;0;644,64
5735;UM        ;GANCHO C/ SISTEMA SULCADO P/ FIXACAO DE HASTES ( 05.021-0 )                               ;0;0;0;561,14
5736;UM        ;GANCHO PEDICULAR - CLAMP (05.025-3) (LOMBAR)                                              ;0;0;0;499,95
5737;UM        ;PORCA DE TITANIO P/ CIRURGIA DA COLUNA (03.111-9)                                         ;0;0;0;72,16
5738;UM        ;HASTE INT TIBIOTARSICA                                                                    ;0;0;0;438,29
5739;UM        ;FIXADOR CELULAR SPRAY (FIXADOR CITOLOGICO)                                                ;0;0;0;7,29
5740;UM        ;"DRENO TORACICO 14FR 50CM 80SHORE ""A""                                                      ";0;0;0;4,55
5741;UM        ;MASCARA MICRONEBULIZADORA ADULTO                                                          ;0;0;0;5,89
5742;RL.       ;FAIXA SMARCH 20CM X 2M FABRICADA BORRACHA OU LATEX LAMINADO                               ;0;0;0;36,94
5743;UM        ;AGULHA DESCARTAVEL PARA ANESTESIA 20X3 1/2                                                ;0;0;0;4,61
5744;UM        ;HASTE INF INTRAN 2,0MM                                                                    ;0;0;0;711,45
5745;UM        ;PARAFUSO CANULADO 7,0 X 16 MM                                                             ;0;0;0;58,1
5746;UM        ;PARAFUSO 7,0 X 32 MM                                                                      ;0;0;0;58,1
5747;UM        ;PLACA COMP DIN LARGA 12F                                                                  ;0;0;0;207
5748;UM        ;PLACA COMP. DIN LARGA 14F                                                                 ;0;0;0;207
5749;UM        ;PLACA COMP. DIN LARGA 16F                                                                 ;0;0;0;207
5750;UM        ;PLACA COMP. DIN LARGA 20F                                                                 ;0;0;0;207
5751;UM        ;PLACA COMP. DIN LARGA 18F                                                                 ;0;0;0;207
5752;UM        ;PLACA  COMP. DIN LARGA 22F                                                                ;0;0;0;207
5753;UM        ;PARAFUSO CERVICAL TI 4,0 X 14 MM                                                          ;0;0;0;1154,91
5754;UM        ;PARAFUSO CERVICAL TI 29MM                                                                 ;0;0;0;2182,59
5755;UM        ;COMPONENTE UMERAL CIMENTADO 11 X 125.                                                     ;0;0;0;638,85
5756;UM        ;COMPONENTE UMERAL CIMENTADO 9 X 150.                                                      ;0;0;0;638,85
5757;UM        ;COMPONENTE UMERAL CIMENTADO 11 X 150.                                                     ;0;0;0;638,85
5758;UM        ;COMPONENTE UMERAL CIMENTADO 7 X 125.                                                      ;0;0;0;638,85
5759;UM        ;COMPONENTE UMERAL CIMENTADO 9 X 125.                                                      ;0;0;0;638,85
5760;UM        ;BARRA LISA P/PARAFUSO PEDICOL 6,0X120MM                                                   ;0;0;0;438,29
5761;UM        ;CONECTOR  TIPO GANCHO PEDICOL ADVANCED                                                    ;0;0;0;620,86
5762;UM        ;PARAFUSO ESP PEDICOL ADV BAIXO 6,5X 40MM                                                  ;0;0;0;72,16
5763;UM        ;PARAFUSO ESP PEDICOL ADV BAIXO 7,5 35MM                                                   ;0;0;0;354,56
5764;UM        ;PARAFUSO ESP PEDICOL ADV BAIXO 7,5 X 40MM                                                 ;0;0;0;72,16
5765;UM        ;PORCA HEXAGONAL P/ PARAFUSO PEDICOL ADVANCED                                              ;0;0;0;72,16
5766;ENV.      ;FIO POLIGLACTINA(VYCRIL)N.4-0 AG.1,7CM 1/2 CIRCULAR CILINDRICO, COMP.70CM.                ;252;2451,96;9,73;9,73
5767;ENV.      ;FIO DE SUTURA GASTROINTESTINAL 4-0 70CM C/ AGULHA 1,2CM 2,2 PONTA CRONICA                 ;0;0;0;0
5768;ENV.      ;FIO POLIGLACTINA(VYCRIL)N.4-0 COM AGULHA 2,5CM 1/2 CIRCULAR CILINDRICO 70CM               ;0;0;0;0
5769;ENV.      ;FIO DE SUTURA POLIGLACTINA 4-0 70CM C/ AGULHA 3/8CIRC. 2,0CMPONTA CRONICA                 ;0;0;0;0
5770;ENV.      ;FIO DE SUTURA GASTROINTESTINAL 3-0 75CM C/ AGULHA 1/2 CIRC. 1,5CM PONTA CONICA            ;0;0;0;0
5771;ENV.      ;FIO POLIGLICOLICO N.1-0 AG.3,7CM 1/2 CIRCULAR,COMP.75CM.                                  ;0;0;0;0
5772;ENV.      ;FIO POLIGLATINA N.0 70 CM C/ AG. 1/2 - 2,6CM                                              ;0;0;0;0
5773;ENV.      ;FIO POLIGLATINA N. 0 70 CM -AG.3/8-3,1CM                                                  ;0;0;0;0
5774;ENV.      ;FIO POLIGLATINA N.20-AG 5/8-3,64CM                                                        ;0;0;0;0
5775;ENV.      ;FIO POLIGLATINA N.2-0 - 70CM AG 3/8-30 CM                                                 ;0;0;0;0
5776;ENV.      ;FIO POLIGLATINA N. 0 70CM AG 5/8-3,64CM(UROLOGIA)                                         ;0;0;0;0
5777;ENV.      ;FIO POLIGLATINA N.0 AG 1/2-3,64CM                                                         ;0;0;0;0
5778;ENV.      ;POLIGLATINA N.0 AG 1/2, 4,0MM CIL.70CM. (LOTE 9 )                                         ;0;0;0;0
5779;ENV.      ;FIO POLIGLATINA N.0-70CM AG 3/8-3,5CM                                                     ;0;0;0;0
5780;ENV.      ;FIO POLIGLATINA N.0 90CM AG 1/2-4,8CM                                                     ;0;0;0;0
5781;ENV.      ;POLIGLACTINA N.0 AG.1/2,3,7MM,CIL. 70CM. (LOTE 9)                                         ;0;0;0;0
5782;ENV.      ;FIO POLIGLATINA N. 2.0-70CM AG 1/2-40CM                                                   ;0;0;0;0
5783;ENV.      ;POLIGLACTINA N.2,0 AG.3/8-3,0 MM, CIL. 70CM. (LOTE 9)                                     ;0;0;0;0
5784;ENV.      ;FIO POLIGLATINA N. 2,0 70CM AG 3/8-1,9CM                                                  ;0;0;0;0
5785;ENV.      ;FIO POLIGLATINA N.2,0-70CM AG 1/2-2,6CM(GASTRO)                                           ;0;0;0;0
5786;ENV.      ;FIO POLIGLATINA N.2,0-70CM AG 3/8-3,0CM                                                   ;0;0;0;0
5787;ENV.      ;FIO POLIGLATINA N.2,0 70CM AG 1/2-3,5CM                                                   ;0;0;0;0
5788;ENV.      ;FIO POLIGLATINA N.2,0 70CM AG 3/8-3,1CM                                                   ;0;0;0;0
5789;ENV.      ;FIO POLIGLATINA N.2,0 70CM AG 1/2-3,64CM                                                  ;0;0;0;0
5790;ENV.      ;FIO POLIGLICOLICO N.5-0 AG.1,7CM 1/2 CIRCULAR COMP.75CM.                                  ;0;0;0;0
5791;ENV.      ;FIO POLIGLICOLICO N.6-0 AG.1,7CM 1/2 CIRCULAR, COMP.70CM.                                 ;0;0;0;0
5792;ENV.      ;FIO POLIGALTINA N.3,0 70CM AG 3/8-1,9CM                                                   ;0;0;0;0
5793;ENV.      ;POLIGLICTINA N.1 AG 1/2, 2,5MM CIL.70CM (LOTE 9 )                                         ;0;0;0;0,1
5794;ENV.      ;FIXADOR EXTERNO 160 C/ PINO 02,5X100MM                                                    ;0;0;0;0
5795;ENV.      ;FIO DE SUTURA ABSN.2,0 70CM AG 3/8-4,0CM                                                  ;0;0;0;0
5796;ENV.      ;FIO POLIGLATINA N.3,0 AG 3/8-3,0CM                                                        ;0;0;0;0
5797;ENV.      ;FIO POLIGLATINA N.3,5 75CM AG 1/2-2,6CM                                                   ;0;0;0;0
5798;ENV.      ;FIO POLIGLATINA N.3,5 75CM AG 1/2-3,7CM                                                   ;0;0;0;0
5799;ENV.      ;FIO POLIGLATINA  N.3,5 75CM AG 1/2-4,0CM                                                  ;0;0;0;0
5800;ENV.      ;FIO POLIGLATINA N.4,0 75CM AG 1/2-3,7CM                                                   ;0;0;0;0
5801;ENV.      ;FIO POLIGLATINA N,4,0 75CM AG 1/2-4,0CM                                                   ;0;0;0;0
5802;ENV.      ;FIO POLIGLATINA N.4-0 70CM AG 3/8-2,0CM                                                   ;0;0;0;0
5803;ENV.      ;FIO POLIGLATINA N. 4.0 70CM AG 1/2-2,0CM                                                  ;0;0;0;0
5804;ENV.      ;FIO POLIGLATINA N.5,0 45CM AG 1/2-1,6CM                                                   ;0;0;0;0
5805;ENV.      ;FIO POLIGLATINA N.7,0 70CM AG 3/8-0,93CM                                                  ;0;0;0;0
5806;ENV.      ;FIO POLIGLATINA N.3,0 70 CM AG 3/8-1,9                                                    ;0;0;0;0
5807;ENV.      ;FIO DE SUTURA GASTROINTESTINAL 3-0 70CM C/ AG 1/2 2,6CM                                   ;0;0;0;0
5808;ENV.      ;FIO NYLON N.8,0 30CM AG 3/8-0,65CM                                                        ;0;0;0;0
5809;ENV.      ;FIO NYLON N.8,0 30CM AG 3/8-0,65 (OFTALMO)                                                ;0;0;0;0
5810;ENV.      ;FIO NYLON N.10,0 30CM AG 1/2-0,55CM (OFTALMO)                                             ;0;0;0;890
5811;ENV.      ;FIO DE SUTURA DE NYLON 9-0 COM AGULHA 0,65CM 3/8 CIRCULAR, 30CM                           ;0;0;0;0
5812;ENV.      ;FIO NYLON N.9.0 30CM AG 6.5MM,VARIACAO +/-1MM, 3/8 (OFTALMO)                              ;400;11600;29;29
5813;ENV.      ;FIO VICRYL N.0 70CM AG 1/2-40MM                                                           ;0;0;0;0,3
5814;ENV.      ;FIO VICRYL N.1,0 70CM AG 1/2-40MM                                                         ;0;0;0;0
5815;ENV.      ;FIO VICRYL N.2,0 70CM AG 3/8-31MM                                                         ;0;0;0;0,1
5816;ENV.      ;POLIGLACTINA N.2.0 AG.1/2, 22MM CIL. 70CM.                                                ;0;0;0;0
5817;ENV.      ;FIO VICRYL N. 3.0 70CM AG 1/2-26MM                                                        ;0;0;0;0
5818;ENV.      ;POLIGLACTINA N.3.0, AG.1/2, 26MM CIL.70CM                                                 ;0;0;0;0
5819;ENV.      ;FIO VICRYL N.3,0 70CM AG 1/2-26MM                                                         ;0;0;0;0
5820;ENV.      ;FIO POLIGLATINA N.5,0 45CM AG 3/8-1,6CM                                                   ;0;0;0;0
5821;ENV.      ;FIO DE SUTURA DE POLIESTER N.5 AG 1/2-1,7CM 75CM CIRCULAR (CARDIOVASCULAR)                ;0;0;0;0
5822;ENV.      ;FIO N.8.0 45CM AG 3/8-0,65MM (OFTALMO)                                                    ;0;0;0;0
5823;ENV.      ;FIO POLIGLATINA N.4,0 45CM AG 3/8-1,6CM (PLASTICA)                                        ;0;0;0;0
5824;ENV.      ;FIO POLIGLACTONE N. 4,0 45CM AG 3/8-1,9CM ( PLASTICA)       ,                             ;0;0;0;0
5825;CX.       ;LUVA PROCEDIMENTO SEM PO LATEX TAMANHO G                                                  ;0;0;0;16,12
5826;ENV.      ;LUVA PROCEDIMENTO SEM PO LATEX TAMANHO M                                                  ;0;0;0;20,73
5827;ENV.      ;FIO NYLON N.2,0 45CM AG 3/8-0,20MM                                                        ;0;0;0;0
5828;PAR       ;LUVA DE SEGURANCA ANTIDERRAPANTE NA PALMA E DEDOS TAMANHO G                               ;25;211,25;8,45;8,45
5829;ENV.      ;FIO NYLON N. 3,0 45CM AG 3/8-3,0CM                                                        ;0;0;0;0
5830;ENV.      ;FIO NYLON N.4,0 45CM AG 1/2-1,05CM                                                        ;0;0;0;0
5831;ENV.      ;FIO NYLON N.4,0 45CM AG3/8-0,24MM                                                         ;0;0;0;0
5832;ENV.      ;FIO POLIESTER(ETHIBOND)N.3-0 AG.2,2CM 1/2 CILINDRICA ESTRIADA,COMP.75CM,CARDIOVASCULAR,COM;0;0;0;11
5833;ENV.      ;FIO POLIESTER(ETHIBOND)N.2-0 AG.2,2CM 1/2 TRIANGULAR CORPO QUADRADO,COMP.75CM,CARDIOVASCUL;0;0;0;15,04
5834;ENV.      ;FIO POLIESTER ALGODAO(POLYCOT)N.4-0 S/AG,COMP.15X45CM.                                    ;164;672,4;4,1;4,1
5835;ENV.      ;FIO PPL N.0 75CM AG1/2-3,64MM                                                             ;0;0;0;0
5836;ENV.      ;FIO PPL N.2,0 75CM AG 1/2-0,22MM(CARDIOVASCULAR)                                          ;0;0;0;0
5837;ENV.      ;FIO PPL N.3,0 75CM AG 1/2-0,22MM(CARDIOVASCULAR)                                          ;0;0;0;0
5838;ENV.      ;FIO ACO(MONOF)N.0 S/AG.COMP.60CM,3 FIOS NO ENVELOPE.                                      ;0;0;0;0
5839;ENV.      ;FIO PPL N.4,0 75CM AG 1/2-0,17MM                                                          ;0;0;0;0
5840;UM        ;PLACA ESPEC TITANIO P/MINI MICRO FRAG 1,5MM                                               ;0;0;0;318,36
5841;ENV.      ;FIO NYLON N.0 AG.3,0CM 3/8 TRING. CORT. COMP.45CM - FECH. PELE.                           ;9332;15227;1,631697;3,85
5842;ENV.      ;FIO NYLON N.2,0 30CM AG 3/8                                                               ;0;0;0;0
5843;ENV.      ;LUVA TERMICA 450 GRAUS - 45 CM                                                            ;0;0;0;0
5844;ENV.      ;FIO SEDA PRETO TRANCADO N.0 AG CIR.CIL.30MM 3/8 COMP. 70CM.                               ;936;2408,4;2,573076;2,65
5845;ENV.      ;FIO POLIDIOXANONA(PDS)N.7-0 AG.1,7CM 1/2 CIRCULAR,COMP.70CM..                             ;0;0;0;0
5846;ENV.      ;FIO ACO(MONOF)N.1-0 S/AG COMP.60CM,3 FIOS NO ENVELOPE.                                    ;624;3924,96;6,29;6,29
5847;ENV.      ;FIO SUTURA AGC N.4,0 70CM AG 1/2-0,22MM                                                   ;0;0;0;0
5848;ENV.      ;FIO SUTURA AGC N.3,0 70CM AG 3/8-0,19MM                                                   ;0;0;0;0
5849;ENV.      ;FIO DE SUTURA DE POLIESTER N.5 AG 1/2-0,48MM 75CM VERDE                                   ;0;0;0;0
5850;ENV.      ;FIO POLIESTER(ETHIBOND)N.2-0 AG.2,2CM 1/2 CILINDRICA,COMP.75CM,CARDIOVASCULAR,COM 2 AGULHA;0;0;0;11
5851;ENV.      ;FIO DE SUTURA DE POLIESTER N.3 AG 1/2-1,3CM 60CM (CARDIOVASCULAR) VERDE                   ;0;0;0;0
5852;ENV.      ;FIO DE SUTURA DE POLIESTER AG 3,6CM 75CM (ORTOPEDIA)                                      ;0;0;0;0
5853;ENV.      ;FIO PPL N.6,0 70CM AG 3/8-1,3CM                                                           ;0;0;0;0
5854;ENV.      ;FIO PPL N.5,0 75 CM AG 1/2-(CARDIOVASCULAR)                                               ;0;0;0;0
5855;ENV.      ;FIO PPL N.5,0 75CM AG 1/2-1,5CM                                                           ;0;0;0;0
5856;ENV.      ;FIO PPL N.4,0 75CM AG 1/2-1,5( CARDIOVASCULAR)                                            ;0;0;0;0
5857;ENV.      ;FIO PPL N.4,0 75CM AG 1/2-2,5CM(CARDIOVASCULAR)                                           ;0;0;0;0
5858;ENV.      ;"FIO COP. DE GLICOLIDO E E-CAP. N. ""3-0"" ESC. BID. ESP., 2AG CILINDRICAS 17MM CURV 1/2 COMP";528;77156,64;146,13;146,13
5859;ENV.      ;FIO POLIGLICOLICO N.2-0 AG.3,7CM 5/8 CIRCULAR,COMP.70CM.                                  ;0;0;0;0
5860;ENV.      ;FIO POLIGLICOLICO N.2-0 AG.2,6CM 1/2 CIRCULAR,COMP.75CM.                                  ;0;0;0;0
5861;ENV.      ;FIO POLIGLICOLICO N.2-0 AG.3,0CM 3/8 CIRCULAR,COMP.70CM.                                  ;0;0;0;0
5862;ENV.      ;"FIO COP. DE GLICOLIDO E E-CAP. N. ""4-0"" ESC. BID. ESP., 2AG CILINDRICAS 17MM CURV 1/2 COMP";660;73447,2;111,283636;105,54
5863;ENV.      ;"FIO COP. DE GLICOLIDO E E-CAP. N. ""3-0"" ESC. BID. ESP., 2AG CILINDRICAS 19MM CURV 3/8 COMP";996;133762,56;134,299759;220
5864;ENV.      ;LUVA PROCEDIMENTO SEM PO LATEX TAMANHO P                                                  ;0;0;0;0
5865;ENV.      ;FIO NYLON N.4-0 AG.3,0CM 3/8 CIRCULAR TRIANGULAR,COMP.45CM.                               ;0;0;0;11,6
5866;ENV.      ;FIO NYLON N.2-0 AG.3,0CM 3/8 CIRC.CILIN. COMP.45CM.                                       ;8628;11725,08;1,358956;3,59
5867;ENV.      ;LUVA TERMICA 450 GRAUS - 60 CM                                                            ;0;0;0;0
5868;UM        ;SERINGA DE VIDRO,10 ML,BICO DE VIDRO TIPO LUER SLIP.                                      ;0;0;0;0
5869;ENV.      ;FIO CIRUR 70 CM AG 1/2-1,7CM ( UROLOGIA)                                                  ;0;0;0;0
5870;ENV.      ;FIO POLIESTER TRANCADO N. 5 REVESTIDO C/ POLIBUTILATO COM 4 FIOS AG. 48MM ESTRI. TRIANG. C;1344;36462,72;27,13;27,13
5871;ENV.      ;FIO CIRUR N. 6,0 70CM AG 1/2-0,93CM ( UROLOGIA)                                           ;0;0;0;0
5872;ENV.      ;FIO POLIESTER TRANCADO N. 2-0 REVESTIDO C/ POLIBUTILATO - 2AG. 22MM CIL. ESTR. CORPO RETAN;240;3775,2;15,73;15,73
5873;ENV.      ;FIO POLIESTER TRANCADO N. 2-0 REVESTIDO C/ POLIBUTILATO - 2AG. 22MM CORT. ESTRI. PONTA TRO;504;5997,6;11,9;11,9
5874;ENV.      ;FIO POLIESTER TRANCADO N. 1 REVESTIDO C/ POLIBUTILATO - AG. 36MM ESTRI. CORTE REVERSO CURV;0;0;0;0
5875;ENV.      ;FIO POLIESTER TRANCADO N. 3-0 REVESTIDO C/ POLIBUTILATO - 2AG. 22MM CIL. ESTR. CORPO RETAN;744;18369,36;24,69;24,69
5876;ENV.      ;FIO POLIESTER TRANCADO N. 2-0 REVESTIDO C/ POLIBUTILATO - 2AG. 22MM CORT. ESTR. PONTA TROC;912;29849,76;32,73;32,73
5877;ENV.      ;FIO POLIESTER TRANCADO N. 2-0 REVESTIDO C/ POLIBUTILATO - 2ACIL. 48MM CURV 3/8 COMP. 70CM ;420;4397,4;10,47;10,47
5878;ENV.      ;FIO PDS MONOFILAMENT 70CM AG 1/2 17MM                                                     ;0;0;0;0
5879;ENV.      ;FIO PDS 5.0 PLUS 70CM AG 1/2 17MM                                                         ;0;0;0;0,1
5880;UM        ;PROTESE PARCIAL DE QUADRIL CIMENTADA MONOBLOCO ( TIPO THOMPSON ) ( 03.122-4 )             ;0;0;0;584,66
5881;UM        ;MINI PARAFUSO AUTO COMPRESSAO ( 03.061-9 )                                                ;646;22483,48;34,804148;58,66
5882;UM        ;HASTE FEMORAL CURTA C/BLOQ.CEF.INCLUI PARAF.10 E 11X 170 A  235MM (03.048-1)              ;435;317985;731;731
5883;UM        ;PLACA RESCONTRUCAO EM TITANIO P/FRATURA DE MANDIBULA C/ PARAFUSO ( 05.047-4 )             ;0;0;0;1150,04
5884;UM        ;TOMADA EM Y/OXIGENIO.                                                                     ;0;0;0;62,64
5885;UM        ;VALVULA REGULADORA DE REDE CANAL P/AR COMPRIMIDO                                          ;0;0;0;198,33
5887;ENV.      ;FIO DE SUTURA PROLENE N.4 C/1,5                                                           ;0;0;0;1
5888;ENV.      ;FIO POLIESTER(ETHIBOND)N.1   AG.3,64 CM 1/2 CIRCULAR,COMP.75CM.                           ;0;0;0;7,87
5889;ENV.      ;CODIGO EXCLUIDO - USAR 8147 CATGUT SIMPLES N. 0,AG. 4, 1/2,CIRC. ESTR                     ;0;0;0;3,52
5891;ENV.      ;FIO NYLON N.10-0 AG.1,3CM 1/2 CIRCULAR,COMP.70CM.                                         ;0;0;0;205,01
5895;ENV.      ;FIO NYLON 2.0 C/3.0                                                                       ;0;0;0;0
5896;ENV.      ;FIO NYLON 3.0 C/ 3.0                                                                      ;0;0;0;0
5897;ENV.      ;MALETA DE PRIMEIROS SOCORROS.                                                             ;148;27465,84;185,58;185,58
5898;UM        ;BORRIFADOR/PULVERIZADOR MANUAL COM GATILHO - 23CM.                                        ;216;1341,36;6,21;6,21
5900;ENV.      ;FIO VICRYL 2.0 C/ 2.2                                                                     ;0;0;0;0,1
5901;ENV.      ;FIO VICRYL 3.0 C/ 2,6                                                                     ;0;0;0;0,1
5902;ENV.      ;FIO VICRYL 3.0 C/ 2,6                                                                     ;0;0;0;0
5903;ENV.      ;FIO VICRYL 4.0 C/ 1,7                                                                     ;0;0;0;0,1
5904;ENV.      ;FIO POLIDIOXANONA ESC.UNI.SIM. N.2-0 AG.3,6CM CILINDRICA 1/2COMP. 45CM - MUSCULO.         ;48;6838,56;142,47;142,47
5905;ENV.      ;FIO POLIDIOXANONA(PDS)N.5-0 AG.1,7CM 1/2 CIRCULAR,COMP.70CM.                              ;216;11283,84;52,24;52,24
5906;ENV.      ;FIO POLIESTER ALGODAO N.2-0 S/AG,COMP.15X45CM                                             ;7384;17085,04;2,313791;3,13
5907;PCT.      ;COMPRESSA DE GASE NAO ESTERIL 7,5 X 7,5 ,PCT C/ 500 UNID                                  ;0;0;0;15,04
5908;UM        ;SONDA GASTRICA LEVINE N?24                                                                ;0;0;0;0,97
5909;UM        ;GEL HIGIENIZANTE DA PELE -500ML.                                                          ;0;0;0;4,04
5910;UM        ;AGULHA ASPIRACAO P/ BIOPSIA.                                                              ;0;0;0;25,42
5911;UM        ;SONDA NASOGASTRICA INFANTIL N?14.                                                         ;0;0;0;593,76
5912;UM        ;AGULHA DE BIOPSIA 18G X 25CM - DE PROSTATA COM PISTOLA/DISPARADOR EM COMODATO.            ;0;0;0;47,53
5913;UM        ;AGULHA BIOPSIA TECIDO MOLE 16G X 10CM(PUNCAO RENAL).                                      ;0;0;0;200
5915;UM        ;CURATIVO TRANSPARENTE DE POLIURETANO 7 X 9(PICC)                                          ;0;0;0;5,38
5916;UM        ;CURATIVO DUO DERME 4.4CM X 3.8CM 1.75IN X 1.5IN                                           ;0;0;0;1,2
5917;UM        ;PARAFUSO ESPONJOSO 6,5X80MM                                                               ;0;0;0;24,94
5918;UM        ;PARAFUSO ESPONJOSO 6,5X85MM                                                               ;0;0;0;24,94
5919;UM        ;PARAFUSO ESPONJOSO 6,5X90MM                                                               ;0;0;0;24,94
5920;UM        ;PARAFUSO ESPONJOSO 6,5X95MM.                                                              ;0;0;0;24,94
5921;UM        ;PLACA COMP.DIN.ESTR.18F.                                                                  ;0;0;0;212,29
5922;UM        ;PLACA RECONSTRUCAO PELVICA3,5X10 F.                                                       ;0;0;0;272,91
5923;UM        ;PLACA RECONSTRUCAO PELVICA 3,5X11F                                                        ;0;0;0;272,91
5924;UM        ;PLACA RECONSTRUCAO PELVICA 3,5X12F.                                                       ;0;0;0;272,91
5925;UM        ;PLACA RECONSTRUCAO PELVICA 3,5X5F                                                         ;0;0;0;272,91
5926;UM        ;PLACA RECONSTRUCAO PELVICA 3,5X4F.                                                        ;0;0;0;272,91
5927;UM        ;PLACA RECONSTRUCAO PELVICA 3,5X7F                                                         ;0;0;0;272,91
5928;UM        ;PLACA RECONSTRUCAO PELVICA 3,5X8F                                                         ;0;0;0;272,91
5929;UM        ;PLACA RECONSTRUCAO PELVICA 3,5X9F                                                         ;0;0;0;272,91
5930;UM        ;PARAFUSO MALEOLAR 4,5 X 45MM                                                              ;0;0;0;15,3
5932;UM        ;PARAFUSO ESPONJOSO 6,5X16                                                                 ;0;0;0;19,44
5933;UM        ;PARAFUSO ESPONJOSO 6,5X32                                                                 ;0;0;0;19,44
5934;UM        ;CATETER DUPLO LUMEN ACESSO VENOSO CENTRAL 7FR X 30CM                                      ;3222;304426,5;94,483705;93,75
5935;UM        ;CONJUNTO  P/NEBULIZACAO CONTINUA, CONEXAO UNIVERSAL 500ML OXINIO ADULTO.                  ;0;0;0;49,99
5936;UM        ;TUBO OROTRAQUEAL N 2,0 DESC                                                               ;0;0;0;25,15
5937;UM        ;CATETER DUPLO LUMEN ACESSO VENOSO CENTRAL 7X30                                            ;0;0;0;52,68
5938;UM        ;FIXADOR TUBO ENDOTRAQUEAL ORAL DE 5 A 10MM DIAM.                                          ;0;0;0;15,46
5939;UM        ;VASCUSHUNT P/ CAROTIDA C/ BALAO EM SILICONE 3VIAS E VALVULA.                              ;0;0;0;811,65
5940;UM        ;(CIR. VASCULAR) PROTESE VASCULAR DE PTFE 6MMX50CM ARAMADA                                 ;0;0;0;1100
5941;UM        ;(CIR. VASCULAR) PROTESE VASCULAR DE PTFE 8MMX50CM ARAMADA                                 ;0;0;0;1100
5942;UM        ;DISPOSITIVO P/INSUFLACAO ANALOG COMPLETA 30ATM                                            ;0;0;0;235,8
5943;UM        ;CATETER VERTEBRAL 4FR X 100CM                                                             ;0;0;0;158,6
5944;UM        ;(HEMO)CATETER ANGIOGRAFICO RADIFOCUS OPTITORQUE VERTEBRAL 5FR X 100 CM                    ;0;0;0;54,6
5945;UM        ;CATETER CARD PIGTAIL RETO 5FR X 110CM                                                     ;0;0;0;195,4
5946;UM        ;COBRE CORPO TAM.2.20X90(APROX.)                                                           ;140;1922,2;13,73;13,73
5947;UM        ;CATETER DUPLO LUMEN ACESSO VENOSO CENTRAL 7FR X 20CM                                      ;0;0;0;69,83
5948;PAR       ;LUVA CIRURGICA ESTERIL N.6.5                                                              ;6650;7381,5;1,11;1,11
5949;UM        ;APARELHO P/ GLICEMIA BIOCHECK.                                                            ;0;0;0;0
5950;UM        ;FITA TESTE P/GLICEMIA.                                                                    ;516495;113628,9;0,22;0,22
5951;UM        ;PLACA COMP.DIN. EST. 08F                                                                  ;0;0;0;212,29
5952;UM        ;PARAFUSO CORTICAL 3,5 MM X 38 MM.                                                         ;0;0;0;10,44
5953;UM        ;COLCHAO CAIXA DE OVO INFANTIL 1,30X0,60M.                                                 ;82;11206,12;136,66;136,66
5954;UM        ;PINO DE SCHANZ 5,0X200 MM                                                                 ;0;0;0;24,57
5955;UM        ;FRASCO DE VIDRO P/AR COMPRIMIDO C/ASPIRADOR E C/TAMPA                                     ;0;0;0;73,99
5956;RL.       ;MALHA TUBULAR ORTOPEDICA 06CM X 15M                                                       ;38;302,48;7,96;7,96
5957;UM        ;FIO GUIA ESTABILIZE 14 X300                                                               ;0;0;0;600
5958;UM        ;CAT BALAO SAVVY 3.5X220X120                                                               ;0;0;0;2904
5959;ENV.      ;FIO POLIGLICOLICO N.3 AG 1/2-2,0CM 75CM                                                   ;0;0;0;0,1
5960;UM        ;INDICADOR BIOLOGICO AUTOCONTIDO                                                           ;0;0;0;13,52
5961;UM        ;HALO CRANIANO ASSOCIADO A DISPOSITIVO TIPO VESTE ( 05.029-6 )                             ;0;0;0;711
5962;UM        ;PARAFUSO TITANIO PARA PLACA CERVICAL 4,0X12MM                                             ;0;0;0;1154,91
5963;UM        ;PARAFUSO TITANIO PARA PLACA CERVICAL 4,0X20MM                                             ;0;0;0;1154,91
5964;UM        ;PLACA CERVICAL ASSOCIADA INTRASOMATICA TITANIO 42                                         ;0;0;0;2182,59
5965;UM        ;PLACA CERVICAL ASSOCIADA INTRASOMATICA TITANIO 45                                         ;0;0;0;2182,59
5966;UM        ;PLACA CERVICAL ASSOCIADA INTRASOMATICA TITANIO 49                                         ;0;0;0;2182,59
5967;UM        ;PROTESE CABECA DE RADIO ( 03.112-7 )                                                      ;0;0;0;700,53
5968;UM        ;PROTESE TENDINOSA DE SILICONE                                                             ;0;0;0;678,29
5969;UM        ;TELA DE RECONSTRUCAO ACETABULAR ( 03.128-3 )                                              ;0;0;0;357,19
5970;PCT.      ;FIO GUIA HIDROFILICO                                                                      ;0;0;0;280
5971;PCT.      ;CATETER PARA ANGIOGRAFIA C/ PONTA RADIOPACA                                               ;0;0;0;240
5972;PCT.      ;ZILVER STERNT DE DESENHO VASCULAR                                                         ;0;0;0;3800
5973;PCT.      ;(URO) CATETER BALAO PARA DILATACAO URETERAL 5MM X 60 MM                                   ;0;0;0;2725
5974;UM        ;AGULHA DE BIOPSIA 16G X 10CM - HEPATICA E RIN COM PISTOLA/DISPARADOR EM COMODATO.         ;25;1208,25;48,33;48,33
5975;UM        ;HASTE PARA ASSOCIACAO C/ PARAFUSOS DE TITATIO E OU GANCHOS  ( 05.033-4 )                  ;0;0;0;268,74
5976;UM        ;AGULHA DESCARTAVEL (13 X 3.3)                                                             ;0;0;0;0,04
5977;UM        ;(CIR. VASCULAR) PROTESE VASCULAR DE PTFE 6MMX50CM LISA                                    ;0;0;0;2520
5978;UM        ;(CIR. VASCULAR) PROTESE VASCULAR DE PTFE 8MMX50CM LISA                                    ;0;0;0;1,33
5979;UM        ;PROTESE ARTERIAL MICROVELOUR 18X9MM                                                       ;0;0;0;1223,4
5980;UM        ;PROTESE ARTERIAL DE MICROVELOUR 20X10MM                                                   ;0;0;0;1186
5981;UM        ;PROTESE ARTERIAL MICROVELOUR 22X11MM                                                      ;0;0;0;1244,2
5982;UM        ;PROTESE ARTERIAL MICROVELOUR 8X500MM                                                      ;0;0;0;1260
5983;UM        ;PROTESE ARTERIAL MICROVELOUR 10X500MM                                                     ;0;0;0;1259,8
5984;UM        ;SONDA DE FOLEY N.22 2 VIAS COM BALAO DE 10ML                                              ;0;0;0;3,5
5985;UM        ;SONDA DE FOLEY N.16 2 VIAS (SILICONE).                                                    ;10850;118544,4;10,925751;6,8
5986;UM        ;SONDA P/ASPIRACAO TRAQUEAL C/ VALVULA N.02                                                ;0;0;0;0,5
5987;UM        ;CHAVE INTRODUTORIA DO PARAFUSO                                                            ;0;0;0;1236,09
5988;ENV.      ;FIO CALIBRADO DIAM. 2,5 X 230                                                             ;0;0;0;117,99
5989;GL.       ;SOLUCAO ACIDA COM CALCIO( NEFRO)                                                          ;0;0;0;11
5990;GL.       ;SOLUCAO BASICA PARA  5L(NEFRO)                                                            ;0;0;0;11
5991;UM        ;FIO KIRSCHNER 1,0X300MM                                                                   ;0;0;0;11,7
5992;UM        ;(URO) CANETA MARCADORA C/REGUA ESTERIL                                                    ;0;0;0;11,7
5993;UM        ;PARAFUSO CANULADO 7,0 X 85MM                                                              ;0;0;0;74,94
5994;UM        ;PARAFUSO CANULADO 7,0 X 95MM                                                              ;0;0;0;74,94
5995;UM        ;CATETER DUPLO J 6FRX28CM                                                                  ;0;0;0;90,27
5996;UM        ;PLACA PUDDU CORRETIVA FEMORAL 7,5MM (EXTRA SUS)                                           ;0;0;0;830,55
5997;PL.       ;PLACA DE COMPRESSAO DINAMICA 3,5MM ESTREITA ( 03.089-9 )                                  ;0;0;0;121,31
5998;PL.       ;PLACA DE RECONSTRUCAO DE BACIA 3,5MM                                                      ;0;0;0;272,91
5999;PL.       ;PLACA EM T 3,5MM                                                                          ;0;0;0;259,54
6000;PL.       ;PLACA TREVO 3,5MM INCLUI PARAFUSO ( 03.101-1 )                                            ;0;0;0;214,87
6001;UM        ;PLACA SEMITUBULAR 3,5MM X 11 FUROS - INCLUI PARAFUSOS                                     ;0;0;0;131,98
6002;UM        ;PLACA DE RECONSTRUCAO BLOQUEADA 3,5 7X7 FUROS (EXTRA SUS)                                 ;0;0;0;1900
6003;UM        ;PLACA RECONSTRUCAO PELVICA 3,5X6F                                                         ;0;0;0;227,7
6004;UM        ;PAPEL P/ELETROCARDIOGRAMA EP3 (A4) 200FL                                                  ;0;0;0;22,46
6005;PCT.      ;TUBO DE LATEX N.201 PACOTE COM 15 METROS                                                  ;0;0;0;37,63
6006;ENV.      ;FIO POLIPROPILENO N.4-0 AG.1,5 1/2 CIRCULAR CILINDRICA QUADRADA, COMP.75CM.               ;0;0;0;0
6007;CX.       ;FILME RADIOLOGICO 35 X 43 CAIXA COM 100                                                   ;0;0;0;204
6008;CX.       ;FILME RADIOLOGICO 18 X 24 CAIXA COM 100 AGFA - DIGITAL                                    ;0;0;0;195
6009;UM        ;KIT CARTUCHO CARVAO ATIVADO CB0060                                                        ;0;0;0;485
6010;KIT       ;(NEFRO)KIT CARTUCHO PP BOBINADO 1 MICRA                                                   ;0;0;0;355
6011;UM        ;(NEFRO)MEMBRANA DE OSMOSE REVERSA 50CM X 8,5CM                                            ;0;0;0;4894,2
6012;UM        ;(NEFRO)LAMPADA GERMICIDA UVC                                                              ;0;0;0;370
6013;UM        ;(NEFRO)MEMBRANA DE OSMOSE REVERSA 21CM X 4CM                                              ;16;17050;1065,625;1000
6014;UM        ;(NEFRO)DIALISADOR AREA DE SUPERFICIE 17L M2, USO UNICO BAIXO FLUXO                        ;180;13050;72,5;72,5
6015;UMA       ;(COLOS)BOLSA DE COLOSTOMIA ADULTO REF 421748 REVESTIDA DE TELA MACIA BILATERAL COM JANELA ;420;19849,2;47,26;47,26
6016;UM        ;(NEFRO)HEMODIALISADOR PES-210DL CXA 24 UND                                                ;0;0;0;38
6017;UM        ;LINHA DE SANGUE VENOSA(NEFRO)                                                             ;0;0;0;5
6018;UM        ;(NEFRO)LINHA DE SANGUE ADULTO ARTERIAL                                                    ;0;0;0;4,5
6019;UM        ;(NEFRO)AGULHA VENOSA FISTULA 15G                                                          ;0;0;0;1,1
6020;UM        ;(NEFRO)AGULHA VENOSA FISTULA 16GX1-1,65MMX25MM                                            ;0;0;0;1,1
6021;UM        ;(NEFRO)AGULHA VENOSA FISTULA 17GX1-1,45MMX25MM                                            ;0;0;0;1,1
6022;UMA       ;(COLOS)PLACA PARA BOLSA DE ESTOMIA INTESTINAL REF 421040, BASE ADESIVA SINTETICA PLANA, CO;410;38601,5;94,15;94,15
6023;UM        ;MASCARA DE PROTECAO DESCARTAVEL N. 95 PFF2                                                ;0;0;0;0,45
6024;UM        ;DRENO TORACICO 18FR 50CM 80 SHORE A                                                       ;0;0;0;4,55
6025;UM        ;TUBO ENDOTRAQUEAL N 6.0 S/CUFF                                                            ;810;3396;4,192592;4,17
6026;UM        ;TUBO ENDOTRAQUEAL N 7.0 S/CUFF                                                            ;220;895,4;4,07;4,07
6027;UM        ;TUBO ENDOTRAQUEAL N 8.5 S/CUFF                                                            ;50;205,5;4,11;4,11
6028;UM        ;TUBO ENDOTRAQUEAL N 9.0 S/CUFF                                                            ;270;1285,2;4,76;4,76
6029;UMA       ;PO PARA ESTOMA FRASCO COM 28,3 GRAMAS                                                     ;0;0;0;0
6030;UM        ;CURATIVO DE CARVAO ATIVADO COM PRATA 10,5CM X 10,5CM.                                     ;0;0;0;17,21
6031;UM        ;CURATIVO DE FILME TRANSPARENTE 10X12CM REF.PRFS1012/T1012/COPEL1012 SEM FENESTRA.         ;3585;9065,54;2,528741;1,75
6032;UM        ;CURATIVO FIXADOR ESTERIL ( 1 FIXADOR + 2 FITAS 50MM X 74MM + 74MM X 12MM )                ;0;0;0;238,41
6034;UM        ;FAIXA DE SMARCH 15X2M OU 15X3M                                                            ;0;0;0;14,34
6035;FR.       ;GEL PARA ELETROCARDIOGRAMA C/250G                                                         ;0;0;0;4,16
6037;PCT.      ;LACRE DE SEGURANCA TIPO ESPINHA DE PEIXE AZUL PCT COM 100 UND.                            ;1;0,4;0,4;0,4
6040;UM        ;AVENTAL PELVICO CINTA 0,50MM 30 X 45CM                                                    ;0;0;0;0
6042;UM        ;EQUIPO P/ IRRIGACAO ARTROSCOPIA 4 VIAS                                                    ;0;0;0;26,04
6046;ENV.      ;FIO DE SUTURA DE NYLON N.10.0 20CM AG 6.5MM 3/8 (OFTALMO)                                 ;0;0;0;0
6048;ENV.      ;FIO CATGUT CROMADO N.4-0 AG.1,5CM 1/2 CILINDRICA.70CM.                                    ;2928;12151,2;4,15;4,15
6054;ENV.      ;FIO POLIDIOXANONA(PDS)N.6-0 AG.0,93CM 1/2 CIRCULAR,COMP.70CM.                             ;0;0;0;0
6055;ENV.      ;FIO POLIDIOXANONA ESC.UNI.SIM. N.0 AG.3,6CM CILINDRICA 1/2 COMP. 45CM. MUSCULO.           ;0;0;0;206,03
6057;ENV.      ;FIO POLIGLACTINA(VYCRIL)N.2-0 AG 3,1CM 3/8 CIRCULAR,COMP.70C                              ;0;0;0;9,46
6058;ENV.      ;FIO POLIGLACTINA(VYCRIL)N.3-0 AG.1,9CM 3/8 ESTRIADA COMP.70CM.                            ;0;0;0;0
6059;ENV.      ;FIO POLIGLACTINA(VYCRIL)N.3-0 AG.3,1CM 3/8 CIRCULAR COMP.70CM.                            ;0;0;0;0
6061;ENV.      ;FIO POLIGLICOLICO N.0 AG.4,0CM 1/2 CIRCULAR,COMP.70CM.                                    ;0;0;0;0
6062;ENV.      ;FIO POLIGLACTINA(VYCRIL)N.7-0 AG.0,93CM 3/8 CIRCULAR RETANGULAR,COMP.70CM.                ;0;0;0;0
6063;UM        ;CANULA DE TRAQUEOSTOMIA N.7.0 SEM BALAO                                                   ;50;833;16,66;16,66
6064;UM        ;CANULA DE TRAQUEOSTOMIA N.7.5 SEM BALAO                                                   ;27;449,82;16,66;16,66
6065;ENV.      ;LAMINA DE BISTURI DESCARTAVEL N.20                                                        ;27200;26332;0,968088;0,39
6066;ENV.      ;FIO DE SUTURA PROLENE N.2 AG 1/2 CIR. 22MM 70CM                                           ;0;0;0;0
6067;ENV.      ;FIO DE SUTURA DE ACO N.1 4X45CM 1/2CIRC. AG 36,4MM TRIANGULAR                             ;0;0;0;0
6069;ENV.      ;FIO DE SUTURA DE POLIGLACTINA N.2 70CM FIO AG.1/2CIRC.CIL.2.6CM                           ;0;0;0;378
6072;ENV.      ;FIO POLIGLICOLICO N.2-0 AG.4,0CM 1/2 CIRCULAR,COMP.70CM.                                  ;0;0;0;0
6073;ENV.      ;CLIP HEMOSTATICO DE TITANIO ( AZUL )                                                      ;0;0;0;129,16
6074;ENV.      ;"SONDA ESOFAGICA N.21 ""SENGSTAKEN-BLACKMORE""                                               ";235;105729,5;449,912765;439,45
6075;UM        ;(ESPEC)CONJUNTO DE VALVULA P/ HIDROCEFALIA ADULTO PRESSAO MEDIA                           ;0;0;0;613,65
6076;UM        ;PROTESE URETRAL ( SLING )                                                                 ;0;0;0;0
6079;UM        ;AVENTAL DESC.MANGA CURTA,EM TNT.                                                          ;0;0;0;0
6081;UM        ;AGULHA DE BIOPSIA P/ASPIRACAO 14G X 16CM.                                                 ;0;0;0;0
6085;UM        ;COBRE CORPO TAM.1.00X50                                                                   ;19;509,2;26,8;26,8
6086;UM        ;COBRE CORPO TAM.2.10X80                                                                   ;0;0;0;0,000001
6087;UM        ;COBRE CORPO TAM.2.00X90(APROX.)                                                           ;0;0;0;13,92
6088;UM        ;(NEURO)KIT BIOPSIA E ASPIRACAO MEDULA OSSEA 24200                                         ;40;60000;1500;1500
6089;UM        ;MALHA TUBULAR ORTOPEDICA 20CM X 10M.                                                      ;0;0;0;11,53
6090;UM        ;LAMINA DE BISTURI N.15 COM CABO DE SEGURANCA                                              ;0;0;0;2,21
6091;UM        ;DETERGENTE ENZIMATICO 5000 ML                                                             ;2;189,8;94,9;94,9
6092;UM        ;CATETER VENOSO CENTRAL DE IMPLANTE PERIFERICO 2FR                                         ;0;0;0;369,89
6099;UM        ;HASTE SIM FLEXIVEL INFANTIL INTRAMEDULAR 3,0MM                                            ;0;0;0;711,45
6100;UM        ;(PREVENTIVO)COLETOR CITOLOGICO C/ ESTRIAS E TAMPA                                         ;0;0;0;0,44
6101;GL.       ;ACIDO PARACETICO 3,5%                                                                     ;0;0;0;86
6102;UM        ;PARAFUSO CORTICAL 4,5X54MM                                                                ;0;0;0;16,25
6103;UM        ;PARAFUSO CORTICAL 4,5X58MM                                                                ;0;0;0;16,25
6104;          ;PLACA ESTREITA 3F                                                                         ;0;0;0;212,29
6105;UM        ;PARAFUSO CORT. 4,5X42MM                                                                   ;0;0;0;16,2
6106;UM        ;PARAFUSO CANULADO 4,5X22MM                                                                ;0;0;0;84,39
6107;UM        ;PARAFUSO CANULADO 4,5X28MM                                                                ;0;0;0;84,39
6108;UM        ;PARAFUSO CANULADO 4,5X30MM                                                                ;0;0;0;84,39
6109;UM        ;PLACA CERVICAL 62,5MM - SPINE                                                             ;2;4161,92;2080,96;2080,96
6110;          ;PLACA COBRA 8F                                                                            ;0;0;0;689,23
6111;          ;PLACA COBRA 9F                                                                            ;0;0;0;689,23
6112;UM        ;PARAFUSO ESPONJOSO 4,0 R16/R32MM                                                          ;0;0;0;20,09
6113;UM        ;BROCA C/ STOP E ENGATE 1,16X5,0X65MM                                                      ;0;0;0;354,99
6114;UM        ;BROCA C/ STOP E ENGATE 1,58X5,0X65MM                                                      ;0;0;0;354,99
6115;UM        ;PINCA ANGULADA P/ PLACA E PARAFUSO 1,5/2,0MM                                              ;0;0;0;318,15
6116;UM        ;PINCA P/ PLACA                                                                            ;0;0;0;475,23
6117;UM        ;PARAFUSO CANULADO 7,0 X 30MM                                                              ;0;0;0;58,1
6118;UM        ;PARAFUSO CANULADO 7,0 X 35MM                                                              ;0;0;0;63,2
6119;UM        ;PARAFUSO CANULADO 7,0 X 45MM                                                              ;0;0;0;58,1
6120;UM        ;PARAFUSO CANULADO 7,0 X 105MM                                                             ;0;0;0;58,1
6121;UM        ;PARAFUSO CANULADO 7,0 X 32 X 40MM                                                         ;0;0;0;58,1
6122;UM        ;PARAFUSO CANULADO 7,0 X 32 X 45MM                                                         ;0;0;0;58,1
6123;UM        ;PARAFUSO CANULADO 7,0 X 32 X 50MM                                                         ;0;0;0;58,1
6124;UM        ;PARAFUSO CANULADO 7,0 X 32 X 55MM                                                         ;0;0;0;58,1
6125;UM        ;PARAFUSO CANULADO 7,0 X 32 X 60MM                                                         ;0;0;0;58,1
6126;UM        ;PARAFUSO CANULADO 7,0 X 32 X 65MM                                                         ;0;0;0;58,1
6127;UM        ;PARAFUSO CANULADO 7,0 X 32 X 70MM                                                         ;0;0;0;58,1
6128;UM        ;PARAFUSO CANULADO 7,0 X 32 X 75MM                                                         ;0;0;0;58,1
6129;UM        ;PARAFUSO CANULADO 7,0 X 32 X 80MM                                                         ;0;0;0;58,1
6130;UM        ;PLACA DCP 4,5MM ESTREITA 18 FUROS (03.090-2)                                              ;5;700;140;140
6131;UM        ;PLACA DCP 4,5MM ESTREITA 20 FUROS (03.090-2)                                              ;6;840;140;140
6132;UM        ;PARAFUSO CANULADO 7,0 X 16 X 100MM                                                        ;0;0;0;58,1
6133;UM        ;PARAFUSO CANULADO 7,0 X 16 X 105MM                                                        ;0;0;0;58,1
6134;UM        ;PARAFUSO CANULADO 7,0 X 16 X 110MM                                                        ;0;0;0;58,1
6135;UM        ;PARAFUSO CANULADO 7,0 X 16 X 115MM                                                        ;0;0;0;58,1
6136;UM        ;PARAFUSO CANULADO 7,0 X 16 X 120MM                                                        ;0;0;0;58,1
6137;UM        ;PARAFUSO CANULADO 7,0 X 32 X 100MM                                                        ;0;0;0;58,1
6138;UM        ;PARAFUSO CANULADO 7,0 X 32 X 110MM                                                        ;0;0;0;58,1
6139;UM        ;PARAFUSO CANULADO 7,0 X 32 X 115MM                                                        ;0;0;0;58,1
6140;UM        ;PARAFUSO CANULADO 7,0 X 32 X 120MM                                                        ;0;0;0;58,1
6141;          ;PLACA EM L 10F                                                                            ;0;0;0;259,84
6142;UM        ;PLACA PONTE 4.5 MM ( INCLUI PARAFUSOS ) ( 03.106-2 )                                      ;0;0;0;507,72
6143;UM        ;AGULHA DE BIOPSIA 14G X 16CM - TECIDO MOLE COM PISTOLA/DISPARADOR EM COMODATO.            ;0;0;0;53,800125
6144;UM        ;AGULHA DE BIOPSIA 14G X 08CM - TECIDO MOLE COM PISTOLA/DISPARADOR EM COMODATO.            ;0;0;0;55,55
6145;UM        ;AGULHA DE BIOPSIA 18G X 10CM - HEPATICA COM PISTOLA/DISPARADOR EM COMODATO.               ;0;0;0;22,5
6146;UM        ;FIO OLIVADO PARA FIXADOR EXTERNO 1.5MM ( 03.032-5 )                                       ;531;11129,76;20,96;20,96
6147;UM        ;FIO OLIVADO PARA FIXADOR EXTERNO 1.8MM(03.032-5)                                          ;0;0;0;16,29
6148;UM        ;PLACA ESTREITA 10F                                                                        ;0;0;0;212,29
6149;UM        ;PLACA ESTREITA 18F                                                                        ;0;0;0;212,29
6150;UM        ;PLACA ESTREITA 8F                                                                         ;0;0;0;212,29
6151;UM        ;PLACA COMP. DIN LARGA 10F                                                                 ;0;0;0;266,52
6152;UM        ;PLACA COMP. DIN LARGA 8F                                                                  ;0;0;0;266,52
6153;UM        ;PLACA COMP. DIN LARGA 8F                                                                  ;0;0;0;266,52
6154;UM        ;PLACA COMP. DIN LARGA 7F                                                                  ;0;0;0;266,52
6155;UM        ;PLACA COMP. DIN LARGA 6F                                                                  ;0;0;0;266,52
6156;UM        ;(NEFRO)LINHA DE SANGUE VENOSA PEDIATRICA UNIVERSAL                                        ;485;13637,25;28,118041;28,35
6157;UM        ;(NEFRO)LINHA PEDIATRICA ARTERIAL 6MM                                                      ;270;9441,9;34,97;34,97
6158;UM        ;(NEFRO)DIALISADOR POLISULFONA 1.0 COD.DCP10AM                                             ;0;0;0;60
6159;UM        ;(NEFRO)FILTRO DIALISADOR AREA DE SUPERFICIE 1.3 A 1.4M2 - USO UNICO                       ;0;0;0;60
6160;UM        ;(NEFRO)DIALISADOR POLISULFONA 1.6 DCP16AM                                                 ;0;0;0;60
6161;          ;CATETER TENCKHOFF NEO NATO 31CM 2CUFFS   C1TP311                                          ;0;0;0;154
6162;          ;PLACA LARGA 4.5X10F                                                                       ;0;0;0;266,52
6163;          ;CATETER TENCKHOFF PEDIATRICO 32CM 2CUFFS-BIOM C1TP321.                                    ;0;0;0;154
6164;          ;CATETER TENCKHOFF ADULTO 41CM 2 CUFFS-BIOM C1TA411                                        ;0;0;0;154
6165;UM        ;(NEFRO)KIT CDL RETO 12,5-14,5FR X 30CM CATETER EM POLIURETANO CATETER DUPLO LUMEN         ;0;0;0;91,6667
6166;UM        ;KIT CATETER DUPLO LUMEN RETO  11,5FR X 15CM CDL(NEFRO)                                    ;0;0;0;86
6167;UM        ;(NEFRO)KIT CATETER DUPLO LUMEN PERITONIAL N.32 PEDIATRICO                                 ;0;0;0;92
6168;KIT       ;(NEFRO)KIT CATETER DUPLO LUMEN PERITONIAL N.31 NEO-CDL                                    ;0;0;0;92
6169;          ;PLACA EM T 4.5X4F                                                                         ;0;0;0;259,84
6170;          ;PLACA EM T 3.5X4X4MM                                                                      ;0;0;0;247,93
6171;          ;PLACA SEMITUBULAR 4.5X10F                                                                 ;0;0;0;146,64
6172;          ;PLACA EM L 4.5X6F                                                                         ;0;0;0;259,84
6173;UM        ;ESFIGMOMANOMETRO SEMI DIGITAL ADULTO C/ VISOR                                             ;1913;293725,4083;153,541771;153,45
6174;UM        ;TIRAS TESTE P/GLICEMIA SEM APARELHO (BREEZE).                                             ;0;0;0;1
6175;          ;DISPOSITIVO OROFARIGEO P/ MANUSEIO DAS VIAS AEREAS TAM 1- RN(MASCARA DE INTUBACAO AIR-Q)  ;0;0;0;44
6176;          ;DISPOSITIVO OROFARIGEO TUBULAR P/ MANUSEIO DAS VIAS AEREAS  TAM 1.5 P/ PACIENTE ENTRE 7 E ;0;0;0;44
6177;          ;DISPOSITO OROFARIGEO TUBULAR P/ MANUSEIO DAS VIAS AEREAS    TAM 2 P/ PACIENTE DE 17 A 30 K;0;0;0;44
6178;          ;DISPOSITIVO OROFARIGEO TUBULAR P/ DAS VIAS AEREAS TAM 2.5   RN P/ PACIENTE 30 A 50 KG (MAS;0;0;0;44
6179;PC.       ;FIXADOR PELVICO ( 03.043-0 )                                                              ;119;95200;800;800
6180;PC.       ;FIXADOR EXTERNO                                                                           ;0;0;0;329,96
6181;UM        ;EQUIPO MACROGOTAS SIMPLES                                                                 ;0;0;0;0,54
6182;UM        ;EQUIPO MICROGOTAS C/INJETOR LATERAL.                                                      ;425;463,25;1,09;1,09
6183;UM        ;EQUIPO POLIFIX COM CAMP                                                                   ;0;0;0;0,51
6184;UM        ;GEL CLINICO UNIVERSAL 1000ML OU 1KG                                                       ;0;0;0;5,46
6185;UPI.      ;CPAP NEONATAL NEWMED C/CANULA TAM 4 3 (KG)                                                ;0;0;0;87,66
6186;UM        ;SERINGA HIPODERMICA DESCARTAVEL 20 ML C/AGULHA 25X07                                      ;0;0;0;0,28
6187;UM        ;EQUIPO P/HEMOTRANSFUSAO/INFUSAO SANGUE,PLASTICO,FLEXIVEL,TRANSPARENTE,ATOXICO,C/PINCA ROLE;18790;73198,3;3,895598;3,78
6188;UM        ;AGULHA DESCARTAVEL ANESTESIA RAQUIDIANA                                                   ;0;0;0;2,35
6189;UM        ;PROTESE TOTAL DE QUADRIL NAO CIMENTADA CERAMICA/CERAMICA (EXTRA SUS)                      ;0;0;0;44000
6190;UM        ;HEMOSTATICO ABSORVIVEL DE CELULOSE OXIDADA REGENERADA 5X7,5CM                             ;0;0;0;81,01
6191;UM        ;HEMOSTATICO ABSORVIVEL DE CELULOSE PURA OXIDADA 2,5X5CM                                   ;0;0;0;89,34
6192;ENV.      ;FIO TIPO ROSQ 2,0X300MM                                                                   ;0;0;0;14,95
6193;          ;PARAFUSO ESPONJOSO 6,5X30MM                                                               ;0;0;0;24,94
6194;          ;PLACA LARGA 4,5X14F                                                                       ;0;0;0;266,52
6195;UM        ;(NEFRO)KIT CDL 13,5FR-14,5FR X 24CM-28CM TIPO PERMICATH LONGA PERMANECIA-CATETER DUPLO LUM;0;0;0;1099,99
6196;UM        ;(NEFRO)KIT CATETER DUPLO LUMEN PERITONIAL N.41 ADULTO                                     ;0;0;0;129,2
6197;UM        ;(NEFRO)HIPOCLORITO DE SODIO 10% A 12% 2 LITROS                                            ;0;0;0;15
6198;UM        ;(NEFRO)PROTETOR DE CONE LUER                                                              ;0;0;0;0,2
6199;PAR       ;LUVAS NITRILICA S/ FORRO TAM. M                                                           ;0;0;0;5,06
6200;PAR       ;LUVAS NITRILICA S/ FORRO TAM. G                                                           ;1852;9260;5;5
6201;PAR       ;LUVAS NITRILICA S/ FORRO TAM. EG                                                          ;0;0;0;18,17
6202;UM        ;FIXADOR P/ MAMOGRAFIA 5L                                                                  ;0;0;0;145
6203;UM        ;HIPOCLORITO DE SODIO A 1% 1 LT                                                            ;0;0;0;2,5
6204;UM        ;PASTA APLICACAO P/ ELETRO                                                                 ;0;0;0;30
6205;UM        ;FIO GUIA P/ ANGIOPLASTIA PERIFERICA 014X300CM P.ANGULADA E FEXIVEL 3CM                    ;0;0;0;600
6206;UM        ;(HEMO)CATETER BALAO PERIFERICO C/SIST. OTW,PASSEO-18 4/200/130,BAIXO PERFIL DE CRUZAMENTO ;0;0;0;300
6207;RL.       ;ATADURA GESSADA (20CM X 3M A 4M)                                                          ;2260;9040;4;4
6208;RL.       ;FITA ADESIVA PAPEL 19X50 BEGE                                                             ;0;0;0;2,09
6209;RL.       ;FITA ADESIVA PAPEL CREPADO AUTOCLAVE 19MMX50MM                                            ;0;0;0;2,09
6210;UM        ;HASTE INTRAMEDULAR RETR 3,0MM                                                             ;0;0;0;711,45
6211;UM        ;EQUIPO PARA BOMBA DE INFUSAO SANTRONIC C/ FILTRO E TUBO(LARANJA).                         ;0;0;0;14,45
6212;CX.       ;FILME RADIOLOGICO 30 X 40 CAIXA COM 100                                                   ;0;0;0;1,74
6213;CX.       ;FILME RADIOLOGICO 35 X 35 CAIXA COM 100                                                   ;0;0;0;173
6214;UM        ;DISPARADOR AUTOMATICO                                                                     ;2;9000;4500;4500
6215;UM        ;"SONDA ESOFAGICA N.16 ""SENGSTAKEN-BLACKMORE""                                               ";276;130582,28;473,124202;469,91
6216;UM        ;"SONDA ESOFAGICA N.20 ""SENGSTAKEN-BLACKMORE""                                               ";0;0;0;371,09
6217;UM        ;"SONDA ESOFAGICA N.18 ""SENGSTAKEN-BLACKMORE""                                               ";259;119696,26;462,147722;460,51
6218;UM        ;SONDA P/ASPIRACAO TRAQUEAL C/ VALVULA N.06                                                ;0;0;0;0,94
6219;UM        ;PLACA DE RECONSTRUCAO BLOQUEADA 3,5 9X9 FUROS (EXTRA SUS)                                 ;0;0;0;1900
6220;UM        ;FIO STEINMANN 3,5X230MM(03.033-3)                                                         ;0;0;0;10,8
6221;PCT.      ;DIANEL PD2 SL DP CAPD ULTRAB2L DEXT 1,5 B PL FLEX 2L                                      ;0;0;0;18,37
6222;PCT.      ;DIANEL PD2 SL DP CAPD ULTRAB2L DEXT 4,25B PL FLEX 2L                                      ;0;0;0;18,37
6224;UM        ;AGULHA DESCARTAVEL (30 X 0.8)                                                             ;0;0;0;2
6225;UM        ;AGULHA DE HUBBER 18G X 70MM                                                               ;0;0;0;22,6692
6226;UM        ;HASTE INTRAMEDULAR RETR 2,0MM                                                             ;0;0;0;711,45
6227;UM        ;PLACA SEMITUBULAR 4.5X11F                                                                 ;0;0;0;125,13
6228;UM        ;(ESPEC)SELANTE DE FIBRINA HUMANA ( COLA BIOLOGICA )                                       ;8;45306,64;5663,33;5663,33
6229;UM        ;(NEURO)APLICADOR PARA SELANTE EVICEL 1 E 2 ML-COLA BIOLOGICA                              ;0;0;0;863,23
6230;UM        ;HASTE INTR. RETR.2,5MM                                                                    ;0;0;0;711,45
6231;UM        ;HASTE INTR.RETR 3,5MM                                                                     ;0;0;0;711,45
6232;UM        ;HASTE INTR.RETR.4,0MM                                                                     ;0;0;0;711,45
6233;UM        ;TUBO PARA GASTROSTOMIA 14-1.5(MIC-KEY)                                                    ;0;0;0;636,82
6234;UM        ;TUBO PARA GASTROSTOMIA 14-2.0(MIC-KEY).                                                   ;19;12452;655,368421;617
6235;UM        ;TUBO PARA GASTROSTOMIA 16-1.5(MIC-KEY)                                                    ;0;0;0;636,8
6236;UM        ;TUBO PARA GASTROSTOMIA 16-2.0(MIC-KEY)                                                    ;15;8820;588;588
6237;UM        ;TUBO PARA GASTROSTOMIA 18-1.5(MIC-KEY)                                                    ;9;5652;628;628
6238;UM        ;TUBO PARA GASTROSTOMIA 18-2.0(MIC-KEY)                                                    ;0;0;0;612
6239;KIT       ;SONDA PARA GASTROSTOMIA 18-3.5(MIC-KEY)                                                   ;0;0;0;745,08
6240;UM        ;PLACA DE RECONSTRUCAO BLOQUEADA 3,5 10X10 FUROS (EXTRA SUS)                               ;0;0;0;1900
6241;UMA       ;PULSEIRA P/ INDENTIFICACAO DE RECEM NASCIDO - COR BRANCA                                  ;0;0;0;0,37
6242;UMA       ;PULSEIRA P/ INDENTIFICACAO DE RECEM NASCIDO - COR AZUL                                    ;300;75;0,25;0,25
6243;UMA       ;PULSEIRA P/ INDENTIFICACAO DE RECEM NASCIDO - COR ROSA                                    ;500;305;0,61;0,61
6244;UM        ;INTEGRADOR QUIMICO VAPOR CLASSE 6 - TIPO EMULADOR                                         ;29150;7287,5;0,25;0,25
6249;          ;MEDIDOR P/ PARAFUSO PEQUENO FRAGMENTOS.                                                   ;0;0;0;247,84
6250;UM        ;AGULHA P/BIOPSIA TECIDO MOLE UP                                                           ;0;0;0;27,45
6251;UM        ;AGULHA DE BIOPSIA 15G X 06CM PARA ASPIRACAO INTRAOSSEA                                    ;15;742,8;49,52;49,52
6252;UM        ;AGULHA DE BIOPSIA DE HEPATICA 16GX10CM C/FRAGMENTO P/PISTOLAPROMAG                        ;0;0;0;37,71
6253;UMA       ;SONDA GASTRICA (NASOGASTRICA) N.18 CURTA.                                                 ;0;0;0;0,71
6254;UM        ;AGULHA DESC.P/ANESTESIA RAQUIDIANA 25G X 3 1/2                                            ;2250;7482;3,325333;3,51
6255;UM        ;AGULHA DESC. P/ANESTESIA RAQUIDIANA 22G                                                   ;0;0;0;4,61
6256;UM        ;AGULHA DESC. P/ANESTESIA RAQUIDIANA 18G.                                                  ;0;0;0;2,58
6257;UMA       ;REVELADOR AUTOMATICO G1 138 GALAO COM 5L                                                  ;0;0;0;207,6
6258;UMA       ;KIT INTRODUTOR FEMURAL 5FR                                                                ;0;0;0;159
6259;UMA       ;(ESPEC)CATETER BALAO PERIFERICO COM SISTEMA OTW,PASSEO-14 2/220/150 BAIXO PERFIL DE  CRUZA;0;0;0;300
6260;UMA       ;KIT INTRODUTOR FEMURAL 7FR                                                                ;0;0;0;159
6261;UMA       ;CATETER BALAO P/ANGIOPLASTIA PERIFERICA 8MMX6CMX120CM                                     ;0;0;0;996
6262;UMA       ;CATETER HOOK 5FR P/ARTERIOGRAFIA                                                          ;0;0;0;202,68
6263;UMA       ;CATETER CENTRAL DE INSERCAO PERIFERICA (PICC) 2F 23G 30CM                                 ;0;0;0;247,04
6264;UMA       ;FIXADOR ESTERIL P/CATETER PERIFERICO                                                      ;0;0;0;40,03
6265;UM        ;(COLOS)BARREIRA DE RESINA SINTETICA PROTETORA EM PASTA(79300) TIPO CIMENTINHO HOLISTER DE5;212;7184,68;33,89;33,89
6266;UM        ;BOMBA DE INFUSAO SANTRONIC.                                                               ;0;0;0;630
6267;UM        ;COLETOR SECRECOES DE VIAS AEREAS(BRONQUINHO) 70ML.                                        ;0;0;0;21,11
6268;PAR       ;MASCARA DESCARTAVEL P/POEIRA MOLDADO EM MANTA SINTETICA.                                  ;0;0;0;0,94
6269;RL.       ;PAPEL TERMOREATIVO ELETROCARDIOGRAFICO DIGITAL 80MMX30MM (BOBINA PARA ECG)                ;0;0;0;9,43
6270;UM        ;AGULHA DE BIOPSIA 12G X 10CM - DE MAMA COM PISTOLA/DISPARADOR EM COMODATO.                ;0;0;0;23
6271;UM        ;AGULHA DE BIOPSIA 16G X 16CM - TECIDO MOLE COM PISTOLA/DISPARADOR EM COMODATO.            ;159;7536,6;47,4;47,4
6272;UM        ;AGULHA DE BIOPSIA 14G X 10CM                                                              ;0;0;0;63,99
6273;UM        ;FRALDA DESCARTAVEL GERIATRICA PEQUENO                                                     ;8965;10758;1,2;1,2
6274;UM        ;COBAS C111 GAMA HICO 200T (COD 5401461190)                                                ;0;0;0;340
6275;UM        ;COBAS C111 GLICOSE 400T (COD 4657527190)                                                  ;0;0;0;400
6276;UM        ;COBAS C111 HDL COLESTEROL PLUS 200T (COD 5401488190)                                      ;0;0;0;660
6277;UM        ;COBAS C111 LDH 100T (COD 5401674190)                                                      ;0;0;0;182
6278;UM        ;COBAS C111 LIPASE 100T (COD 5401704190)                                                   ;0;0;0;183
6279;UM        ;COBAS C111 MAGNESIO 100T (COD 5401712190)                                                 ;0;0;0;142
6280;UM        ;COBAS C111 AST IFCC 400T(COD 4657543190)                                                  ;0;0;0;480
6281;UM        ;COBAS C111 ALT IFCC 400T (COD 4718569190)                                                 ;0;0;0;520
6282;UM        ;COBAS C111 TRIGLICERIDEOS 200T (COD 4657594190)                                           ;0;0;0;320
6283;UM        ;COBAS C111 UREIA BUN 400T (COD 4657616190)                                                ;0;0;0;460
6284;UM        ;COBAS C111 PROTEINA  TOTAL 400T (COD 4657586190)                                          ;0;0;0;480
6285;UM        ;COBAS C111 LDL COLESTEROL 100T (COD 5401682190)                                           ;0;0;0;430
6286;UM        ;COBAS C111 ACIDO URICO 400T (COD 4657608190)                                              ;0;0;0;536
6287;UM        ;COBAS C111 ALBUMINA 400T (COD 4657357190)                                                 ;0;0;0;540
6288;UM        ;COBAS C111 AMILASE 200T (COD 5401496190)                                                  ;0;0;0;658
6289;UM        ;COBAS C111 BILIRRUBINA TOTAL 400T (COD 4774256190)                                        ;0;0;0;528
6290;UM        ;COBAS C111 BILIRRUBINA DIRETA GEN.2 100T (COD 5589134190)                                 ;0;0;0;132
6291;UM        ;COBAS C111 CALCIO 400T (COD 4718933190)                                                   ;0;0;0;684
6292;UM        ;COBAS C111 CALCIO GEN.2 400T (COD 5061504190)                                             ;0;0;0;684
6293;UM        ;COBAS C111 CKMB 100T (COD 5401763190)                                                     ;0;0;0;304
6294;UM        ;COBAS C111 COLESTEROL 400T (COD 4718917190)                                               ;0;0;0;496
6295;UM        ;COBAS C111 CK 200T (COD 5401593190)                                                       ;0;0;0;470
6296;UM        ;COBAS C111 CREATININA JAFFE 400T (COD 5401755190)                                         ;0;0;0;420
6297;UM        ;COBAS C111 FERRO GEN.2 100T (COD 5401658190)                                              ;0;0;0;150
6298;UM        ;COBAS C111 ALP IFCC HICO 200T (COD 4657373190)                                            ;1;612;612;612
6299;UM        ;COBAS C111 FOSFORO 100T (COD 5401780190)                                                  ;0;0;0;139
6300;UM        ;AVENTAL CIRURGICO DE USO UNICO COR AZUL.                                                  ;0;0;0;12,01
6301;UM        ;FIO STEINMANN ROSQUEADO ( 03.033-3 )                                                      ;0;0;0;15,82
6302;UM        ;FIO STEINMANN 4,0MMX300(03.033-3)                                                         ;0;0;0;11,34
6303;UM        ;HASTE IN BL UME                                                                           ;0;0;0;718,08
6304;UM        ;PLACA REC 4,5X10F                                                                         ;0;0;0;227,7
6305;UM        ;PLACA REC 4,5X12F                                                                         ;0;0;0;227,7
6306;UM        ;PLACA EM T 4F                                                                             ;0;0;0;201,96
6307;UM        ;PLACA EM T 5F                                                                             ;0;0;0;201,96
6308;UM        ;PLACA ANGULADA INFANTIL 3,5X40 90∞ (ADOLECENTE)                                           ;0;0;0;779,16
6309;UM        ;PLACA EM T 8F                                                                             ;0;0;0;201,96
6310;UM        ;FILME RADIOLOGICO PARA MAMOGRAFIA 35 X 35 CX C/ 100FLS                                    ;0;0;0;245,7
6311;UM        ;FILME RADIOLOGICO 35,6X43,2 CAIXA COM 100                                                 ;0;0;0;265,66
6312;UM        ;FIXADOR P/ CATETER INTRAVENOSO                                                            ;0;0;0;70,29
6313;UM        ;LAMINA DE BISTURI N.11 COM CABO DE SEGURANCA.                                             ;0;0;0;2,21
6314;UM        ;LAMINA DE BISTURI N.22 COM CABO DE SEGURANCA.                                             ;17685;36961,65;2,09;2,09
6315;UM        ;LAMINA DE BISTURI N.24 COM CABO DE SEGURANCA.                                             ;17860;32505,2;1,82;1,82
6316;UM        ;CAMPO CIRURGICO 1.50M X 1.80M (AZUL)                                                      ;0;0;0;8,98
6317;UM        ;CAMPO CIRURGICO 1.30M X 1.60M.                                                            ;0;0;0;7,49
6318;UM        ;ARRUELA LISA 12MM                                                                         ;0;0;0;6,54
6319;UM        ;FIO STEINMANN 2,5MMX300(03.033-3)                                                         ;0;0;0;10,8
6320;UM        ;FIO STEINMANN 4,0MMX230(03.033-3)                                                         ;0;0;0;10,8
6322;UM        ;HASTE ENDER ( 03.046-5 )                                                                  ;0;0;0;54
6323;UM        ;MINI PLACA RETA 4FUROS (05.048-2)                                                         ;0;0;0;343,72
6324;UM        ;PARAFUSO ESP 4,0X14MM                                                                     ;0;0;0;20,09
6325;UM        ;PARAFUSO ESP 4,0MM X 18MM                                                                 ;0;0;0;20,09
6326;UM        ;PARAFUSO ESP 4,0MM X 24MM                                                                 ;0;0;0;20,09
6327;UM        ;PARAFUSO ESP 4,0MM X 30MM                                                                 ;0;0;0;20,09
6328;UM        ;PARAFUSO ESP 4,0MM X 45MM                                                                 ;0;0;0;20,09
6329;UM        ;PARAFUSO ESP 4,0MM X 50MM                                                                 ;0;0;0;20,09
6330;UM        ;PARAFUSO ESP 6,5MM X 35MM                                                                 ;0;0;0;19,44
6331;UM        ;PARAFUSO ESP 6,5MM X 55MM                                                                 ;0;0;0;19,44
6332;UM        ;(MINI FRAGMENTOS 2,5/2,7) PLACA T TUBULAR 5FUROS                                          ;0;0;0;87,89
6333;UM        ;PLACA 1/3 TUBULAR 4,5X10F                                                                 ;0;0;0;126,68
6334;UM        ;PLACA SEMITUBULAR 2,7MM (INCLUI PARAFUSOS) ( 03.107-0 )                                   ;0;0;0;138,57
6335;UM        ;PLACA SEMITUBULAR 3,5X7F                                                                  ;0;0;0;113,9
6336;UM        ;PLACA SEMITUBULAR 4.5X12F                                                                 ;0;0;0;125,31
6337;UM        ;CATETER DUPLO LUMEN 24G FR2 RADIOPACO 30CM                                                ;0;0;0;232,3
6338;UM        ;PLACA PONTE 3.5 MM C/ PARAFUSOS ( 03.105-4 )                                              ;0;0;0;474,48
6339;UM        ;FIO ROSQ 2,0X300MM                                                                        ;0;0;0;14,95
6340;UM        ;CINTA LISO TLSO TIPO PUTTI                                                                ;0;0;0;143,64
6341;UM        ;PARAFUSO MALEOLAR 4,5X30MM                                                                ;0;0;0;15,3
6342;UM        ;PARAFUSO MALEOLAR 4,5X60MM                                                                ;0;0;0;15,3
6343;UM        ;PARAFUSO ESPONJOSO R32 6,5X75MM                                                           ;0;0;0;19,44
6344;UM        ;PARAFUSO ESPONJOSO R32 6,5X100MM                                                          ;0;0;0;19,44
6345;UM        ;PLACA SEMITUBULAR 4,5MM 03 FUROS                                                          ;0;0;0;125,31
6346;UM        ;PLACA SEMITUBULAR 4,5MM 04 FUROS                                                          ;0;0;0;125,31
6347;UM        ;PLACA SEMITUBULAR 4,5MM 05 FUROS                                                          ;0;0;0;125,31
6348;UM        ;PLACA SEMITUBULAR 4,5MM 06 FUROS                                                          ;0;0;0;125,31
6349;UM        ;PLACA SEMITUBULAR 4,5MM 07 FUROS                                                          ;0;0;0;125,31
6350;UM        ;PLACA COMP DIN LARGA 4,5MM 06 FUROS                                                       ;0;0;0;207
6351;UM        ;PLACA COMP DIN 4,5MM LARGA 09 FUROS                                                       ;0;0;0;207
6352;UM        ;PLACA COMP DIN 4,5MM ESTREITA 04 FUROS                                                    ;0;0;0;164,7
6353;UM        ;PLACA COMP DIN 4,5MM ESTREITA 05 FUROS                                                    ;0;0;0;164,7
6354;UM        ;PLACA COMP DIN ESTREITA 4,5MM 09 FUROS                                                    ;0;0;0;164,7
6355;UM        ;PARAFUSO ESPONJOSO R16 6,5X30MM                                                           ;0;0;0;19,44
6356;UM        ;PARAFUSO ESPONJOSO R16 6,5X3,5MM                                                          ;0;0;0;19,44
6357;UM        ;PARAFUSO ESPONJOSO R16 6,5X75MM                                                           ;0;0;0;19,44
6358;UM        ;PARAFUSO ESPONJOSO R32 6,5X35MM                                                           ;0;0;0;19,44
6359;UM        ;PARAFUSO ESPONJOSO R32 6,5X60MM                                                           ;0;0;0;19,44
6360;UM        ;PARAFUSO ESPONJOSO R32 6,5X65MM                                                           ;0;0;0;19,44
6361;UM        ;PARAFUSO ESPONJOSO R32 6,5X70MM                                                           ;0;0;0;19,44
6362;UM        ;PLACA COMP DIN 4,5MM LARGA 07 FUROS                                                       ;0;0;0;164,7
6363;UM        ;PLACA COMP DIN 4,5MM LARGA 08 FUROS                                                       ;0;0;0;164,7
6364;UM        ;PARAFUSO ESPONJOSO R32 6,5X45MM                                                           ;0;0;0;19,44
6365;UM        ;PARAFUSO ESPONJOSO R32 6,5X50MM                                                           ;0;0;0;19,44
6366;UM        ;PARAFUSO ESPONJOSO R32 6,5X55MM                                                           ;0;0;0;19,44
6367;UM        ;PARAFUSO ESPONJOSO R32 6,5X80MM                                                           ;0;0;0;19,44
6368;UM        ;PARAFUSO ESPONJOSO R32 6,5X85MM                                                           ;0;0;0;19,44
6369;UM        ;PARAFUSO ESPONJOSO R32 6,5X95MM                                                           ;0;0;0;19,44
6370;UM        ;PARAFUSO ESPONJOSO R32 6,5X40MM                                                           ;0;0;0;19,44
6371;UM        ;PAR CANULADO 4,5X20MM                                                                     ;0;0;0;73,8
6372;UM        ;PARAFUSO ESPONJOSO 4,0X45MM                                                               ;0;0;0;20,09
6373;UM        ;PARAFUSO ESPONJOSO 4,0X50MM                                                               ;0;0;0;20,09
6374;UM        ;PLACA EM T 3,5MM                                                                          ;0;0;0;192,78
6375;UM        ;PLACA EM T 3,5MM 3+3                                                                      ;0;0;0;192,78
6376;UM        ;PLACA 8X8F BLOQUEADA RETA (EXTRA SUS)                                                     ;0;0;0;192,78
6377;UM        ;FILME PARA ULTRASONOGRAFIA UPP 110MMX20M                                                  ;30;2294,7;76,49;76,49
6378;UM        ;CATETER DE TITANIO 6.0FR(ACESSO VASCULAR)KIT                                              ;0;0;0;600
6379;KIT       ;CATETER DE TITANIO 7,5FR(ACESSO VASCULAR)KIT                                              ;0;0;0;3416,66
6380;UM        ;CATETER DE PICC N.2FR X 30CM                                                              ;0;0;0;0,000001
6381;UM        ;CATETER DE PICC N.3FR X 30CM                                                              ;0;0;0;1
6382;UM        ;DRENO KERR N.10 TAYLOR                                                                    ;0;0;0;12,64
6383;UM        ;DRENO KERR N.14 TAYLOR                                                                    ;0;0;0;12,64
6384;UM        ;DRENO KERR N.16 TAYLOR                                                                    ;0;0;0;12,76
6385;KIT       ;SONDA PARA GASTROSTOMIA 16-4.5 (MIC-KEY)                                                  ;0;0;0;0
6386;UM        ;SERINGA DESC.01ML C/AGULHA 0,33 X 13MM                                                    ;0;0;0;0
6387;UMA       ;CALIBRADOR SOLUCAO 3144046001                                                             ;0;0;0;1918,4
6388;UMA       ;CALIBRADOR SOLUCAO                                                                        ;0;0;0;1918,4
6389;UMA       ;FLUID PACK OMNI C 3144038001                                                              ;0;0;0;1918,4
6390;UMA       ;INTEGRA ACIDO URICO II 400T 3183807190                                                    ;0;0;0;536
6391;UMA       ;INTEGRA CKMB L 100T 4525299190                                                            ;0;0;0;304
6392;UMA       ;INTEGRA ISE ETCHER 66ML 20763098122                                                       ;0;0;0;3000
6393;UMA       ;INTEGRA COLESTEROL II 400T 3039773190                                                     ;0;0;0;496
6394;UMA       ;INTEGRA CREATININA JAFFE 700T 4810716190                                                  ;0;0;0;735
6395;UMA       ;INTEGRA GLICOSE HK GEN 3 800T 4404483190                                                  ;0;0;0;800
6396;UMA       ;INTEGRA HDL COLESTEROL GEN 3 200T 4399803190                                              ;0;0;0;660
6397;UMA       ;INTEGRA ISE ELETRODO POTASSIO 210293550001                                                ;0;0;0;6500
6398;UMA       ;INTEGRA ISE ELETRODO SODIO 21029371001                                                    ;0;0;0;6500
6399;UMA       ;INTEGRA AST/TGO 500T 20764949322                                                          ;0;0;0;480
6400;UMA       ;INTEGRA ALT/TGP 500T 20764957322                                                          ;0;0;0;650
6401;UMA       ;INTEGRA TRIGLICERIDEOS 250T 20767107322                                                   ;0;0;0;400
6402;UMA       ;INTEGRA UREIA L 500T 4460715190                                                           ;0;0;0;575
6403;UMA       ;INSUMOS P/REALIZACAO DOS EXAMES DE BIOQUIMICA HEMATOLOGIA HEMOSTASIA E GASOMETRIA.        ;0;0;0;78238
6404;UMA       ;UREA UV CINETICA AA LIQUIDA 4X100+4X25ML                                                  ;0;0;0;0,41
6405;UMA       ;CREATININA CINETICA AA LIQUIDA 250ML                                                      ;0;0;0;0,41
6406;UMA       ;URICOSTAT ENZIMATICO AA LIQUIDA 2X100+50ML                                                ;0;0;0;0,78
6407;UMA       ;GOT(AST) UV AA LIQUIDA                                                                    ;0;0;0;0,92
6408;UMA       ;GPT (ALT) UV AA LIQUIDA                                                                   ;0;0;0;0,69
6409;UMA       ;GLICEMIA ENZIMATICA AA LIQUIDA                                                            ;0;0;0;0,46
6410;UMA       ;(LACEN)ALP 405 AA LIQUIDA                                                                 ;0;0;0;0,87
6411;UMA       ;G-G-TEST CINETICA AA LIQUIDA                                                              ;0;0;0;1,11
6412;UMA       ;CK NAC UV AA LIQUIDA                                                                      ;0;0;0;0,83
6413;UMA       ;CK MB NAC UV AA LIQUIDA WIENER                                                            ;0;0;0;2,08
6414;UMA       ;(LACEM)BILIRRUBINA TOTAL AA LIQUIDA                                                       ;0;0;0;0,92
6415;UMA       ;(LACEM)BILIRRUBINA DIRECTA AA LIQUIDA                                                     ;0;0;0;0,92
6416;UMA       ;(LACEN)AMILASA 405 AA LIQUIDA                                                             ;0;0;0;1,2
6417;UMA       ;PCR ULTRASENSIBLE AA                                                                      ;0;0;0;1,3
6418;UMA       ;(LACEN)ALBUMINA AA                                                                        ;0;0;0;0,83
6419;UMA       ;MG COLOR AA                                                                               ;0;0;0;0,83
6420;UMA       ;CAPACETE P/OXIGENIO TAM CP-1C, EM ACRILICO TRANSPARENTE                                   ;0;0;0;136,99
6421;UM        ;ALMOTOLIA TRANSPARENTE BICO RETO 125ML                                                    ;0;0;0;0
6422;ENV.      ;FIO VICRYL N. 5.0                                                                         ;0;0;0;0
6423;UM        ;CATETER PARA EMBOLECTOMIA ARTERIAL 2F 60CM.                                               ;48;5897,76;122,87;122,87
6424;SC.       ;SONDA DE MIC-KEY N.14                                                                     ;0;0;0;610
6425;UM        ;SONDA DE MIC-KEY N.16                                                                     ;0;0;0;0
6426;KIT       ;SONDA PARA GASTROSTOMIA 18-2.5(MIC-KEY)                                                   ;0;0;0;654,37
6427;UM        ;AGULHA PERIDURAL N.18G                                                                    ;2000;15238;7,619;5,51
6428;UM        ;AGULHA P/ BIOPSIA 20 X 10                                                                 ;0;0;0;0
6429;UM        ;SISTEMA DUPLO TIPO BARAKA                                                                 ;0;0;0;104,68
6430;UM        ;AGULHA PARA ANESTESIA ESPINHAL 25G                                                        ;0;0;0;0
6431;UM        ;AGULHA DESCARTAVEL PARA ANESTESIA ESPINHAL 20G X 3 1/2                                    ;0;0;0;12
6432;UM        ;DISPOSITIVO DE DRENAGEM MEDISTINAL 120 ML - DRENO TORAX                                   ;0;0;0;19,53
6433;UM        ;CATETER CENTRAL DE INSERCAO PERIFERICA (PICC) 1,9F                                        ;0;0;0;194
6434;UM        ;TERMOMETRO DIGITAL PARA AMBIENTE (TERMO-HIGROMETRO)                                       ;0;0;0;51,08
6435;UM        ;(NEURO)ADESIVO ARTIFICIAL P/NEUROCIRURGIA 6 X 8CM                                         ;0;0;0;0
6436;UM        ;EQUIPAMENTO COLETOR P/OSTOMIA INTESTINAL AD SIST 01 P. DRENOPLAST ANTIODOR OPACA C/FILTRO ;0;0;0;6,78
6437;UM        ;EUIPAMENTO COLETOR P/OSTOMIA INTESTINAL INFANTIL SIST 01 P. DREN TRANSP S/ FILTRO CARVA AT;0;0;0;7,49
6438;UM        ;CONJUNTO OSTOMIA DREN C/01 BOLSA C/TELA PROTETORA PELE 01 PLACA C/FLANGE ATE 85MM C/RESINA;0;0;0;42,7
6439;UM        ;SONDA ENDOBRONQUIAL DUPLO LUMEN, ESQUERDA, TAM.26                                         ;0;0;0;366,34
6440;KIT       ;TESTE DE UREASE PARA REALIZACAO ENDOSCOPIA DIGESTIVA-KIT 50                               ;0;0;0;66,5
6441;BOB.      ;PAPEL P/ELETROCARDIOGRAMA 80MM X 30M                                                      ;565;4852,65;8,588761;8,56
6442;UM        ;APARELHO DE GLICEMIA.                                                                     ;1421;16497,81;11,61;11,61
6443;UM        ;FITA TESTE  GLICEMIA(BREEZE)                                                              ;0;0;0;0
6444;UM        ;ESFIGMOMANOMETRO ANEROIDE INFANTIL S/ESTETOSCOPIO                                         ;63;3910,18;62,066349;57,39
6445;UM        ;ELETROLDO CIRURGICO MEIA ALFA 120MM                                                       ;0;0;0;0
6446;UM        ;TUBO ENDOTRAQUEAL N 2.5 C/CUFF                                                            ;270;1501,8;5,562222;5,82
6447;ENV.      ;POLIGLACTINA NR 2 AG.3/8 4.CM                                                             ;0;0;0;0
6448;ENV.      ;FIO POLIGLICOLICO N.0 AG.3,5CM         ,75CM.                                             ;0;0;0;0
6449;UM        ;SONDA ENDOTRAQUEAL PVC 39 ESQUERDA EST.DUPLO LUMEN                                        ;0;0;0;0
6451;ENV.      ;FIO POLIGLICOLICO N.0 AG.4.0CM 1/2 CIRCULAR,COMP.75CM                                     ;0;0;0;0
6452;UMA       ;ARRUELA LISA PARA PARAFUSO CANULADO 3,5MM                                                 ;0;0;0;5,46
6453;ENV.      ;FIO POLIGLICOLICO N.1-0 AG.4,0CM 1/2 CIRCULAR,COMP.75CM.                                  ;0;0;0;0,1
6454;ENV.      ;FIO POLIGLICOLICO N.0 AG.3,7CM 1/2 CIRCULAR, COMP.75CM.                                   ;0;0;0;0
6455;UM        ;COMPRESSA DE COLAGENO P/ HEMOSTASIA 5X8CM                                                 ;0;0;0;0
6456;UM        ;COMPRESSA DE COLAGENO P/ HEMOSTASIA 10X12                                                 ;0;0;0;0
6457;UM        ;MONONYLON NR 9.0 AG.1/2MM 30CM 70MM                                                       ;0;0;0;0
6458;ENV.      ;NYLON NR 5 AG.1/2MM 15MM 45CM                                                             ;0;0;0;0
6459;ENV.      ;FIO POLIDIOXANONA(PDS)N.6.0 AG.1/2MM CIRCULAR 0,95CM                                      ;0;0;0;0
6460;ENV.      ;FIO POLIGLECAPRONE N.4-0 AG.1,9CM 3/8 CIRCULAR,COMP.45CM.                                 ;0;0;0;21,98
6461;ENV.      ;FIO POLIGLECARPONE ESC.UNI. ESPIRAL. N.3-0 AG.3,6CM CILINDRICA 1/2 COMP. 45CM. MUSCULO.   ;372;37858,44;101,77;101,77
6462;ENV.      ;ACO MONOFILAMENTO AG.1 4MM 4X45CM                                                         ;0;0;0;0
6463;ENV.      ;VYCRIL NR 4.0 AG.1,7                                                                      ;0;0;0;1
6464;ENV.      ;FIO NYLON N.4-0 AG.4,0CM 1/2 CIRCULAR,COMP.45CM.                                          ;0;0;0;0
6465;ENV.      ;FIO POLIGLECAPRONE N.5-0 AG.1,6CM 3/8 TRIANGULAR ESTRIADA,COMP.45CM.                      ;552;9654,48;17,49;17,49
6466;ENV.      ;FIO POLIDIOXANONA(PDS)N.6-0 AG.1,3CM 3/8 CIRCULAR,75CM C/2AG                              ;576;29777,76;51,6975;54,99
6467;ENV.      ;FIO POLIPROPILENO N.0 AG.2,5CM 1/2 CIRCULAR,COMP.75CM.                                    ;0;0;0;3,2
6468;ENV.      ;FIO POLIPROPILENO N.0 AG.3,0CM 1/2 CIRCULAR,COMP.75CM.                                    ;0;0;0;0
6469;ENV.      ;FIO POLIPROPILENO N.0 AG.3,5CM 1/2 CIRCULAR,COMP.75CM.                                    ;0;0;0;2,41
6470;ENV.      ;MONONYLON NR 4.0 AG.1/2 CIR.17MM 45CM                                                     ;0;0;0;0
6471;UM        ;SERINGA DE 1ML S/AGULHA LUER LOCK                                                         ;0;0;0;0,32
6472;ENV.      ;ETHIBOND NO.5 ,75CM,4,7CM                                                                 ;0;0;0;67,5
6473;UM        ;ARRUELA LISA ( 03.004-0 )                                                                 ;400;3220;8,05;8,05
6474;UM        ;PAR CAN MINI 3,5X12MM                                                                     ;0;0;0;170
6475;UM        ;HASTE INTRAMEDULAR PROXIMAL CURTA 12X235MM (03.048-1)                                     ;0;0;0;796,09
6479;UM        ;PAR CAN MINI 3,5X10MM                                                                     ;0;0;0;170
6480;UM        ;PAR CORT 3,5X18                                                                           ;0;0;0;10,44
6481;UM        ;PLACA ANGULADA INFANTIL 5X55 90∞                                                          ;0;0;0;779,16
6482;UMA       ;PLACA EM L 3,5X6F                                                                         ;0;0;0;197,06
6483;UM        ;FIO KIRSCHNER 2,5X230MM                                                                   ;0;0;0;11,7
6484;UMA       ;PLACA EM L 3,5MM 10F                                                                      ;0;0;0;197,06
6485;UM        ;FIO STEINMANN 2,0MMX300(03.033-3)                                                         ;0;0;0;10,8
6486;UMA       ;PLACA EM L 4,5MM 8F                                                                       ;0;0;0;201,96
6487;UM        ;HASTE INTRAMEDULAR RETROGRADA C/ PARAFUSOS ( 03.056-2 )                                   ;0;0;0;815,31
6488;UM        ;PAR CAN MINI 3,5X15MM                                                                     ;0;0;0;170
6489;UMA       ;PARAFUSO ESPONJOSO 6,5X75MM                                                               ;0;0;0;24,94
6490;UMA       ;PARAFUSO MALEOLAR 4,5 X 40MM                                                              ;0;0;0;19,7
6491;UMA       ;PLACA EM T 4.5X10F                                                                        ;0;0;0;259,84
6492;UM        ;PLACA DE RECONSTRUCAO BLOQUEADA 3,5 12X12 FUROS (EXTRA SUS)                               ;0;0;0;1900
6493;UMA       ;PLACA SUPOR TIB 4,5MM                                                                     ;0;0;0;259,84
6494;UMA       ;PLACA COBRA 4,5MM - 8F QUADRIL INCLUI PARAFUSO ( 03.087-2 )                               ;0;0;0;450
6495;UMA       ;COMPONENTE GLENOIDAL ( 03.023-6 )                                                         ;0;0;0;178,75
6496;UMA       ;PLACA EM TREVO 4,5MM INCLUI PARAFUSO ( 03.102-0 )                                         ;141;26367;187;187
6497;UMA       ;CONJUNTO DE VALVULA P/HIDROCEFALIA ADULTO BAIXA PRESSAO                                   ;80;53231,87;665,398375;1071
6498;UMA       ;COLAR CERVICAL TIPO PHILADELPHIA TAMANHO PP                                               ;32;1286,4;40,2;40,2
6499;UMA       ;SONDA DE FOLEY N.06 2 VIAS (SILICONE)                                                     ;2420;28023,6;11,58;11,58
6500;UM        ;DOSADOR ORAL 03ML.                                                                        ;750;292,5;0,39;0,39
6501;UM        ;AGULHA DE BIOPSIA P/ASPIRACAO 25X12,0 18G                                                 ;0;0;0;12
6502;UM        ;FORMOL LIQUIDO 37% 5000ML                                                                 ;0;0;0;64,15
6503;UM        ;SONDA DE FOLEY N.14 3 VIAS (SILICONE)                                                     ;0;0;0;15,95
6504;UM        ;SONDA P/ASPIRACAO TRAQUEAL DESCARTAVEL N.12 SILICONADA                                    ;0;0;0;0,49
6505;UM        ;SONDA P/ASPIRACAO TRAQUEAL DESCARTAVEL N.16 SILICONADA                                    ;0;0;0;0,5
6506;UMA       ;PLACA EM T 4.5X12F                                                                        ;0;0;0;259,84
6507;UMA       ;COMPONENTE PATELAR CIMENTADO ( 03.024-4 )                                                 ;0;0;0;139,64
6508;UMA       ;GRAMPO ( 03.044-9 )                                                                       ;0;0;0;24,61
6509;UM        ;PLACA PUDDU CORRETIVA FEMORAL 5MM (EXTRA SUS)                                             ;0;0;0;830,55
6510;UMA       ;PLACA E BOLSA,BOLSA DE COLOSTOMIA ADULTO 02 PECAS RECORTAVEL,OPACA OU TRANSPARENTE C/FILTR;0;0;0;48,2
6511;UMA       ;(COLOS)PLACA PARA BOLSA NEONATAL REF 17829 RECORTAVEL 0-25MM COM FLANGE 27MM.             ;0;0;0;43,33
6512;FR.       ;FRASCO PARA DRENAGEM TORAX 500 ML                                                         ;0;0;0;15,45
6513;UM        ;(COLOS) PLACA PARA BOLSA REF 11045 RECORTAVEL 15-53MM, FLAGEDE ATE 70MM, ADESIVA DE RESINA;210;18673,6;88,921904;90,46
6514;UM        ;PLACA DCP 3,5MM 10FUROS (03.089-9)                                                        ;0;0;0;121,31
6515;UM        ;PLACA DCP 3,5MM 9 FUROS (03.089-9)                                                        ;0;0;0;121,31
6516;UM        ;PARAFUSO BLOQUEADO LPS EM AÁO 3,5X30 (03.139-9)                                           ;0;0;0;21,6
6517;UM        ;PARAFUSO BLOQUEADO LPS EM AÁO 3,5X32 (03.139-9)                                           ;0;0;0;21,6
6518;UM        ;PARAFUSO BLOQUEADO LPS EM AÁO 3,5X36 (03.139-9)                                           ;0;0;0;21,6
6519;UM        ;PARAFUSO BLOQUEADO LPS EM AÁO 3,5X40 (03.139-9)                                           ;0;0;0;21,6
6520;UM        ;PARAFUSO BLOQUEADO LPS EM AÁO 3,5X45 (03.139-9)                                           ;0;0;0;21,6
6521;UM        ;PARAFUSO BLOQUEADO LPS EM AÁO 3,5X50 (03.139-9)                                           ;0;0;0;21,6
6522;UM        ;PARAFUSO BLOQUEADO LPS EM AÁO 3,5X58 (03.139-9)                                           ;0;0;0;21,6
6523;UM        ;PARAFUSO BLOQUEADO LPS EM AÁO 3,5X60 (03.139-9)                                           ;0;0;0;21,6
6524;UM        ;PLACA DCP 3,5MM 3 FUROS (03.089-9)                                                        ;0;0;0;131,77
6525;UM        ;PLACA DCP 3,5MM 4 FUROS (03.089-9)                                                        ;0;0;0;131,77
6526;UM        ;PLACA DCP 3,5MM 5 FUROS (03.089-9)                                                        ;0;0;0;131,77
6527;UM        ;PLACA DCP 3,5MM 6 FUROS (03.089-9)                                                        ;0;0;0;121,31
6528;UM        ;PLACA DCP 3,5MM 7 FUROS (03.089-9)                                                        ;0;0;0;121,31
6529;UM        ;PLACA DCP 3,5MM 8 FUROS (03.089-9)                                                        ;0;0;0;121,31
6530;UM        ;BOTAO DE FECHAMENTO DE CRANIO                                                             ;0;0;0;2708,33
6531;UM        ;PARAFUSO TITANIO 1,6X3MM                                                                  ;0;0;0;362,31
6532;UM        ;PARAFUSO TITANIO 1,6X4MM                                                                  ;0;0;0;362,31
6533;UM        ;PARAFUSO TITANIO 1,6X5MM                                                                  ;0;0;0;362,31
6534;UM        ;PARAFUSO TITANIO 1,9X4MM                                                                  ;0;0;0;362,31
6535;UM        ;(NEURO)PLACA TITANIO 10X10CM E ESPESSURA FINA P/FALHAS OSSEAS COM OS RESPECTIVOS TAMANHOS ;0;0;0;7222,22
6536;UM        ;PLACA TITANIO BURR FECH CRANIO                                                            ;0;0;0;6666,66
6537;UM        ;PLACA TITANIO MALEAVEL BAIXO PERF                                                         ;0;0;0;6250
6538;UM        ;SONDA ENDOTRAQUEAL PVC 39 ESQUERDA EST.DUPLO LUMEN                                        ;0;0;0;166,11
6539;UM        ;(NEURO) SUBSTITUTO DURAL ABSORVIVEL BASE DE COLAGENO 5X5 CM                               ;0;0;0;1038,25
6540;UM        ;(NEURO) KIT CIRURGICO ESTERIL PARA CRANIOTOMIA                                            ;0;0;0;451,2
6541;UM        ;CAMPO CIRURGICO ADESIVO ESTERIL                                                           ;8;56,16;7,02;7,02
6542;UM        ;BOBINA PICOTADA TRANSPARENTE TAMANHO 40X60CM. CAPACIDADE 9KG                              ;1;48,34;48,34;48,34
6543;UM        ;FIO NYLON N.3-0 AG.3,0CM 1/2 CIRCULAR,COMP.45CM.                                          ;0;0;0;75,36
6544;ENV.      ;FIO POLIGLICOLICO N.2 AG 3/8-4,0CM 75CM CIRCULAR VIOLETA TRANCADO                         ;0;0;0;459
6545;UM        ;AGULHA DESC. P/ANESTESIA RAQUIDIANA 27G.                                                  ;0;0;0;0
6546;ENV.      ;FIO CATGUT CROMADO N.0 AG.4.0CM 1/2 CILINDRICA,COMP.75CM.                                 ;1680;6744;4,014285;4,33
6548;UM        ;PLACA ESPECIFICA DE TITANIO P/MINI/MICRO FRAGMENTOS (C/PAR  FUSOS)                        ;0;0;0;318,36
6549;UM        ;DRENO KEHR 24FR SILICONE                                                                  ;0;0;0;14,5
6550;UM        ;DRENO KEHR 08FR SILICONE                                                                  ;0;0;0;11,6
6551;UM        ;FITA CARDIACA 0,30                                                                        ;0;0;0;2,06
6552;UM        ;DRENO KEHR 14FR SILICONE                                                                  ;0;0;0;0
6553;PC.       ;CIMENTO ORTOPEDICO                                                                        ;0;0;0;108,01
6554;PC.       ;PINO DE SCHANZ 4,8X300MM                                                                  ;0;0;0;28
6555;PC.       ;FIXADOR EXTERNO C/SISTEMA DE CORRETO ANGULAR E/OU ROTACIO   NAL(03.036-8)                 ;0;0;0;1319,97
6556;PC.       ;FIXADOR EXTERNO TIPO PLATAFORMA SISTEMA DE ALONGAMENTO/TRANSPLANTE OSSEO ( 03.042-2 )     ;9;7264,17;807,13;807,13
6557;UM        ;SONDA ENDOBRONQUIAL DUPLO LUMEN, ESQUERDA, TAM.41.                                        ;0;0;0;227,2
6558;UM        ;KIT CANULA P/ BIOPSIA CELEBRAL                                                            ;0;0;0;21490
6559;UM        ;MALHA TUBULAR ORTOPEDICA 20CM X 15M.                                                      ;1944;31718,59;16,316147;16,49
6560;UM        ;SONDA P/ALIMENTACAO ENTERAL INFANTIL SILICONE                                             ;0;0;0;1,19
6561;UM        ;HASTE P/PAR TI 6,0X100MM (164100)                                                         ;0;0;0;442,91
6562;UM        ;HASTE P/PAR TI 6,0X120MM                                                                  ;0;0;0;442,91
6563;UM        ;HASTE P/PAR TI 6,0X60MM                                                                   ;0;0;0;442,91
6564;UM        ;PAR TI PED 5,5X35MM                                                                       ;0;0;0;390,55
6565;UM        ;PAR TI PED 5,5X40MM                                                                       ;0;0;0;390,55
6566;UM        ;PAR TI PED 6,5X40MM                                                                       ;0;0;0;390,55
6567;UM        ;PAR TI PED 6,5X45MM                                                                       ;0;0;0;390,55
6568;UM        ;PLACA CERVICAL TI 24MM                                                                    ;0;0;0;2371,33
6569;UM        ;PLACA CERVICAL TI 29MM                                                                    ;0;0;0;2371,33
6570;UM        ;PLACA CERVICAL TI 34MM                                                                    ;0;0;0;2371,33
6571;UM        ;PLACA CERVICAL TI 39MM                                                                    ;0;0;0;2371,33
6572;UM        ;HASTE P/PAR TI 6,0X50MM                                                                   ;0;0;0;442,91
6573;UM        ;HASTE P/PAR TI 6,0X80MM                                                                   ;0;0;0;442,91
6574;UM        ;CANULA DE 5MM EASYGRIP                                                                    ;0;0;0;18,99
6575;UM        ;CANULA DE 6MM EASYGRIP                                                                    ;0;0;0;18,65
6576;UM        ;CANULA DE 7MM EASYGRIP                                                                    ;0;0;0;18,65
6577;UM        ;CANULA DE 8MM EASYGRIP                                                                    ;0;0;0;18,65
6578;UM        ;CANULA DE 9MM EASYGRIP                                                                    ;0;0;0;18,65
6579;UM        ;CANULA DE 10MM EASYGRIP                                                                   ;0;0;0;16,69
6580;UM        ;ASPIRADOR AMIU PLUS                                                                       ;0;0;0;145
6581;UM        ;DILATADOR DE DENNISTON                                                                    ;0;0;0;342,5
6582;UM        ;SERRA DE GIGLI 50 MM.                                                                     ;240;2148;8,95;8,95
6583;UMA       ;SERRA DE GIGLI 600MM.                                                                     ;0;0;0;70
6584;UM        ;HEMOSTATICO ABSORVIVEL DE CELULOSE PURA OXIDADA 5 X 10CM                                  ;0;0;0;119,04
6585;ENV.      ;FIO CATGUT CROMADO N.2-0 AG.4,0CM 1/2 CILINDRICA,COMP.75CM.                               ;5640;23349,6;4,14;4,14
6586;UM        ;CURATIVO HIDROGEL  8G REF. 3906 GEL PURILON                                               ;254;6350;25;25
6587;UM        ;(ESPEC)HEMOSTATICO DE CELULOSE 10X20CM. OXIDADA REGENERADA ABSORVIVEL COM ACAO BACTERICIDA;0;0;0;189,75
6588;UM        ;CURATIVO TELA ALGODAO PARAFINADA 10X10CM                                                  ;0;0;0;4,77
6589;UM        ;CURATIVO TELA ALGODAO PARAFINADA 40X10CM                                                  ;0;0;0;12,86
6591;UM        ;SONDA FOLEY INFANTIL N.10 DUAS VIAS                                                       ;0;0;0;24,98
6592;UM        ;SABONETE C/ TRICLOZAN 0,5% 1000ML                                                         ;116;1572,96;13,56;13,56
6593;PCT.      ;TUBO DE SILICONE N.207 LINHA VERMELHA 15 METROS                                           ;0;0;0;230
6594;PCT.      ;TUBO DE SILICONE N.206 LINHA AZUL 15 METROS                                               ;30;4671;155,7;155,7
6595;UM        ;CATETER INTRAVENOSO CENTRAL 22GA X 30CM AG.19GA (AZUL)                                    ;0;0;0;32,06
6596;UM        ;CURATIVO DE ESPUMA,POLIURETANO C/PRATA 15X15CM ANTIBACTERIANO                             ;0;0;0;205
6597;UM        ;CURATIVO TRANSPARENTE DE POLIURETANO 10 X 10 CM.                                          ;0;0;0;118
6598;UM        ;SONDA P/ ASPIRACAO TRAQUEAL C/VALVULA NR 10 DIGITAL                                       ;0;0;0;10,97
6599;UM        ;SONDA DE ASPIRACAO ENDOTRAQUEAL C/ VALVULA 8FR 40CM COM.                                  ;0;0;0;0,94
6600;UM        ;SONDA DE ASPIRACAO ENDOTRAQUEAL C/ VALVULA 4FR 40CM COM.                                  ;0;0;0;0,9
6601;ENV.      ;FIO DE SUTURA PROOLENE N.5 C/1,7 CM                                                       ;0;0;0;0,1
6602;UM        ;(NEFRO)FILTRO DE CARVAO P/ OSMOSE REVERSA PORTATIL                                        ;164;9984,32;60,88;60,88
6603;UM        ;(NEFRO)FILTRO EM CARTUCHO MICROPOROSO DE POLIPROPILENO BOBINADO 9. PARA SISTEMA DE PURIFIC;82;2467,38;30,09;30,09
6604;UM        ;KIT E REAGENTES(LACEN)                                                                    ;0;0;0;32599,17
6605;UM        ;HASTE INTRAMEDULAR BLOQ. DE TIBIA(INCLUI PARAF)8,9,10X280 A 420MM                         ;361;287536,5;796,5;796,5
6606;ENV.      ;MONONYLON NR 2-0 AG.3,0CM 45CM                                                            ;0;0;0;0,3
6607;UM        ;ANCORA 2,7MM(03.002-3)                                                                    ;0;0;0;187,5
6608;UM        ;PLACA CERV. PAR 4,0X10MM                                                                  ;0;0;0;1254,78
6609;L.        ;SOLUCAO DE CLOREXIDINA 0,2% AQUOSA                                                        ;0;0;0;14,51
6610;UM        ;DOSADOR ORAL 10ML.                                                                        ;0;0;0;0,39
6611;UM        ;CURATIVO ALGINATO PLUS ALIVIA DOR PRESSAO 7CM                                             ;0;0;0;61
6612;UM        ;CURATIVO DE ALGINATO COM PRATA (BAITAIN) 10X10CM REF 3760 PARA FERIDAS COM NECROSE.       ;1290;38829;30,1;30,1
6613;UM        ;CURATIVO HIDROCOLOIDE PLUS 10X10CM                                                        ;0;0;0;10,84
6614;PCT.      ;TUBULAR PAPEL E LAMINADO                                                                  ;0;0;0;67,229
6615;UM        ;PLACA DCP 3,5MM 12FUROS (03.089-9)                                                        ;0;0;0;121,31
6616;UM        ;PLACA EM T 3,5MM 3X4FUROS (03.099-6)                                                      ;0;0;0;228,65
6617;UM        ;PLACA EM T 3,5MM 3X3FUROS (03.099-6)                                                      ;0;0;0;571,42
6618;UM        ;PLACA EM T 3,5MM 3X5FUROS (03.099-6)                                                      ;0;0;0;228,65
6619;UM        ;PLACA EM T 3,5MM 4X4FUROS (03.099-6)                                                      ;0;0;0;571,42
6620;UM        ;PLACA EM T 3,5MM 4X5FUROS (03.099-6)                                                      ;0;0;0;571,42
6621;UM        ;TUBO DE SILICONE P/HIPOSPADIA N.08FR 30CM                                                 ;50;3233;64,66;64,66
6622;UM        ;TUBO DE SILICONE P/HIPOSPADIA N.10FR 30CM                                                 ;30;1920;64;64
6623;UM        ;TUBO DE SILICONE P/HIPOSPADIA N.12FR 30CM                                                 ;1;80;80;80
6624;UM        ;ASPIRADOR VENTURI P/ OXIGENIO C/ FRASCO DE VIDRO 500ML.     ITEM EXCLUIDO - USAR O CODIGO ;0;0;0;59,8
6625;UM        ;HASTE INTRAMEDULAR FLEX 3,0MM                                                             ;0;0;0;150,11
6626;UM        ;PARAFUSO MET INTERF 7X25MM                                                                ;0;0;0;143,26
6627;UM        ;PLACA CERV. PAR 4,0X14MM                                                                  ;0;0;0;1254,78
6628;FR.       ;ETER SULFURICO                                                                            ;0;0;0;82
6629;UM        ;(NEFRO)LINHA DE SANGUE ADULTO VENOSA                                                      ;3032;14700,04651;4,8483;7,21
6630;UM        ;(NEFRO)DIALISADOR ELISIO 1.9M USO UNICO MEDIO FLUXO SUPERFICIE 1.9M2                      ;0;0;0;60,33
6631;UM        ;LAMINA DERMATOMO MED.6 15CM                                                               ;1;80,85;80,85;80,85
6632;UM        ;LAMINA DERMATOMO MED.4 10CM                                                               ;0;0;0;43
6633;UM        ;CONJUNTO CATETER DRENAGEM EXTERNA ADULTO LCR                                              ;0;0;0;456,94
6634;UM        ;DISPOSITIVO P/ INCONTINENCIA URINARIA N.08                                                ;159;373,65;2,35;2,35
6635;ENV.      ;COMPRESSA NEUROCIRURGICA COTTONOID 25 X 25 MM.                                            ;40;1418;35,45;35,45
6636;PAR       ;LUVA DE SEGURANCA LATEX RESISTENTE 100% BUTADIENO TAM P                                   ;576;1272,96;2,21;2,21
6637;UM        ;SLING TRANSOBTURATORIO DESC.                                                              ;0;0;0;3030
6638;UM        ;BOTTONS P/ FECHAMENTO DE CRANIOTOMIA EM TITANIO                                           ;0;0;0;2708,33
6639;ENV.      ;FIO POLIGLACTINA(VYCRIL)N.6-0 AG 6,5MM 1/4 ESPATULADAS ESTRIADAS,COMP.45CM, COM 2 AGULHAS ;1068;43335,24;40,576067;41,13
6640;UM        ;PLACA EM T 3,5MM 4X6FUROS (03.099-6)                                                      ;0;0;0;219,81
6641;ENV.      ;FIO POLIGLACTINA(VYCRIL)N.3-0 AG.2,6CM 1/2 CIRCULAR CILINDRICA ESTRIADA 70CM. AP DIGESTIVO;4226;34535,6;8,172172;8,13
6642;ENV.      ;FIO POLIGLACTINA(VYCRIL)N.4-0 AG.2,5CM 1/2 CIRCULAR PONTA CONICA, COMP.70CM.              ;0;0;0;0
6643;UM        ;PLACA DE RECONSTRUCAO 3,5MM X 6 FUROS (03.092-9)                                          ;0;0;0;191,94
6644;ENV.      ;FIO POLIGLICOLICO N.0 AG.2,6CM 1/2 CIRCULAR,COMP.75CM.                                    ;0;0;0;0
6645;ENV.      ;FIO POLIGLICOLICO N.0 AG.3,0CM 3/8 CIRCULAR,COMP.75CM(APROX.)                             ;0;0;0;0
6646;ENV.      ;"FIO COP. DE GLICOLIDO E E-CAP. N. ""4-0"" ESC. BID. ESP., 2AG CILINDRICAS 19MM CURV 3/8 COMP";960;121584;126,65;126,65
6647;ENV.      ;FIO POLIESTER(ETHIBOND)N.2-0 AG.2,2CM 1/2 CICULAR ESTRIADA CORTANTE,COMP.75CM,CARDIOVASCUL;0;0;0;13
6648;UM        ;PLACA DE RECONSTRUÁ„O 3,5MM X 8 FUROS (03.092-9)                                          ;0;0;0;208,1
6651;UM        ;COBRE CORPO TAM.1.50X60(APROX.1.7X0,08)                                                   ;2851;32996,32;11,573595;11,52
6653;UM        ;ESFIGMOMANOMETRO ANEROIDE ADULTO S/ ESTETOSCOPIO                                          ;1588;78415,44;49,38;49,38
6654;UM        ;AGULHA DE HUBBER 20G X 25MM                                                               ;312;5460;17,5;17,5
6655;UM        ;AGULHA DE HUBBER 20G X 19MM                                                               ;0;0;0;58,3
6656;ENV.      ;SIO POLIGLACTINA(VYCRIL)N.3-0 AG 1,7CM 1/2 CILINDRICA ESTRIADA,COMP.70CM.                 ;0;0;0;6,58
6660;ENV.      ;FIO POLIGLACTINA(VYCRIL)N.5-0 AG.1,6CM 1/2 CIRCULAR TRIANGULAR, COMP.70CM.                ;320;6659,2;20,81;20,81
6661;GL.       ;REAGENTE DILUENTE SHEATH(LACEN)                                                           ;0;0;0;634,015748
6662;GL.       ;REAGENTE LYSE NOC(LACEN)                                                                  ;0;0;0;634,016224
6663;GL.       ;REAGENTE LYSE WBC(LACEN)                                                                  ;0;0;0;634,016
6664;UM        ;KIT PARA DETERMINACAO DE FATOR REUMATOIDE (TESTE RAPIDO)                                  ;0;0;0;22,5
6665;UM        ;OCULOS DE PROTECAO,INCOLOR DE POLICARBONATO                                               ;2009;29898,23;14,882145;4
6666;FR.       ;GLICERINA BI-DESTILADA 500 ML                                                             ;0;0;0;9,99
6667;UM        ;ADAPTADOR PARA TUBO DE COLETA DE SANGUE A VACUO                                           ;19500;3900;0,2;0,2
6668;ENV.      ;FIO POLIDIOXANONA(PDS)N.1   AG.6,5CM 1/2 CILINDRICA ESTRIADA,COMP.244CM.                  ;1752;157200,24;89,726164;87,62
6669;ENV.      ;FIO POLIESTER(ETHIBOND)N.2-0 AG.4,8CM 3/8 CIRCULAR,COMP.75CM.                             ;0;0;0;8
6670;UMA       ;ATADURA GESSADA (15CM X 3M A 4M)                                                          ;3920;11289,6;2,88;2,88
6671;UMA       ;ATADURA GESSADA (10CM X 3M A 4M)                                                          ;720;1663,2;2,31;2,31
6673;ENV.      ;FIO POLIGLECAPRONE N.2-0 AG.2,6CM 1/2 CIRCULAR,COMP.70CM,GASTROINTESTINAL.                ;3700;26107;7,055945;7,15
6674;ENV.      ;FIO POLIGLECAPRONE N.4-0 AG.1,9CM 3/8 TRIANGULAR ESTRIADA,COMP.70CM.                      ;1368;26840,16;19,62;19,62
6675;ENV.      ;FIO POLIGLECAPRONE N.3-0 AG.1,9CM 3/8 TRIANGULAR ESTRIADA,COMP.70CM.                      ;168;3366,72;20,04;20,04
6676;ENV.      ;FIO KIT CESAREA 5 AG 2X 4.8/2X 36.4/1X 2.4 VICRYL/MONOCRYL 0/2-0/4-0.                     ;1368;81382,32;59,49;59,49
6677;ENV.      ;FIO KIT CESAREA 4AG:4.0 3.64 3.64 2.4 CATGUT CROM. SIMPLES  E MONONYLON N. 0 / 2-0 / 4-0CM;0;0;0;18,3
6678;ENV.      ;FIO KIT OBSTETRICIA N. 2-0 3AG. 3.0MM 4.0MM 4.8MM (APROX.)  CATGUT CROMADO                ;1266;20226,83681;15,976964;11,924178
6679;ENV.      ;FIO KIT OBSTETRICIA N. 2-0 3AG 3.0MM 4-0MM 4-8MM (APROX) PO LIGLACTINA/RAPID              ;732;96116,52;131,306721;122,45
6680;ENV.      ;FIO POLIDIOXANONA(PDS)N.0 AG.6,5CM 1/2 CIRCULAR,COMP.150CM.                               ;300;25455,6;84,852;83,1
6681;ENV.      ;FIO ACO(MONOF)N.4-0 AG.4,8CM 1/2 TRIANGULAR ESTRIADA,COMP.45CM (4 FIOS NO ENVELOPE).      ;0;0;0;49,5
6682;ENV.      ;FIO ACO(MONOF)N.5-0 AG.4,8CM 1/2 TRIANGULAR ESTRIADA,COMP.45CM (8 FIOS NO ENVELOPE).      ;372;25139,52;67,579354;67,26
6683;ENV.      ;FIO ACO(MONOF)N.4-0 AG.3,65CM 1/2 CIRCULAR,COMP.45CM.                                     ;0;0;0;0
6684;ENV.      ;FIO ACO(MONOF)N.2-0 S/AG.COMP.60CM,COM 3 FIOS NO ENVELOPE.                                ;612;5158,8;8,429411;10,13
6685;ENV.      ;FIO POLIGLICOLICO N.1   AG.2,5CM 1/2 CIRCULAR,COMP.70CM.                                  ;0;0;0;0
6686;UM        ;CURAT. BAITAIN/AQUACEL AG REF.39622/420642 10X10 ESPUMA ANTIBACTERICIDA COM PRATA.        ;130;4403,1;33,87;33,87
6687;UM        ;CURATIVO DE ALGINATO DE CALCIO E SODIO 15X15CM.                                           ;0;0;0;36,5
6688;UM        ;CURATIVO HIDROGEL 25G (GEL PURILON)                                                       ;0;0;0;13,21
6689;ENV.      ;FIO NYLON N.8-0 AG.1,3CM 1/2 CIRCULAR,COMP.70CM.                                          ;0;0;0;205,01
6691;UM        ;TUBO DE SILICONE P/HIPOSPADIA N.06FR 30CM                                                 ;50;3233;64,66;64,66
6692;ENV.      ;FIO POLIGLACTINA(VYCRIL)N.5-0 AG.1,6CM 1/2 CIRCULAR TRIANGULAR,COMP.45CM.                 ;1352;11653;8,619082;8,63
6693;UMA       ;FRASCO ASPIRADOR DE SECRECAO 120ML                                                        ;0;0;0;0
6694;UMA       ;SONDA ENDOBRONQUIAL DUPLO LUMEN, ESQUERDA,TAM.39.                                         ;0;0;0;217,69
6695;UM        ;CATETER DUPLO J (PIG TAIL) 7FRX 110CM                                                     ;0;0;0;0
6696;GL.       ;SOL HD AC 35 CA 3,0 5L                                                                    ;0;0;0;11
6697;GL.       ;SOL HD BA SMP 35 5L                                                                       ;0;0;0;11
6698;UM        ;CURATIVO DE ESPUMA DE POLIURETANO 15 X 20CM.                                              ;0;0;0;33,42
6699;UM        ;CURATIVO TECIDO BIOLOGICO DE CELULOSE BACTERIANA 10 X 7,5CM (MEMBRANA REGENERADORA S/POROS;0;0;0;29,85
6700;UM        ;CURATIVO(ADESIVO)ANTI-SEPTICO USO APOS COLETA SANGUE.                                     ;0;0;0;16,8
6701;UM        ;CURATIVO EM COMPRESSA RAYON 7,5 X 7,5CM (AGE)                                             ;800;4968;6,21;6,21
6702;KIT       ;KIT TRANPLANTE RENAL - RECEPTOR                                                           ;0;0;0;627,66
6704;ENV.      ;FIO POLIGLICOLICO N.0 AG.3,7CM 1/2 CIRCULAR, COMP.70CM.                                   ;0;0;0;0
6705;UM        ;SABONETE C/CLOREXIDINA DERGERMANTE 2% 1000ML                                              ;0;0;0;9,14
6707;UM        ;AVENTAL DESC.BRANCO TAM.P                                                                 ;0;0;0;8
6708;UM        ;USAR CODIGO 10486 - AVENTAL 50G TAMANHO M                                                 ;0;0;0;8,85
6709;UMA       ;TIPOIA, EM TNT INFANT.20 A 25CM, GRAMATURA 80 G,TAMA. PP.                                 ;0;0;0;8,91
6710;UMA       ;COMPONENTE TIBIAL PRIMARIO DE POLIETILENO ( 03.027-9 )                                    ;0;0;0;345,87
6711;UMA       ;PLACA CERVICAL TITANEO 10X60                                                              ;0;0;0;2371,33
6712;UMA       ;PLACA CERVICAL TITANEO 11X30                                                              ;0;0;0;2371,33
6713;UMA       ;PLACA CERVICAL TITANEO 11X60                                                              ;0;0;0;2371,33
6714;UMA       ;PLACA CERVICAL TITANEO 12X60                                                              ;0;0;0;2371,33
6715;UMA       ;PLACA CERVICAL TITANEO 09X60                                                              ;0;0;0;2371,33
6716;UMA       ;GEL PARA ULTRASSONOGRAFIA FRASCO COM 5L                                                   ;0;0;0;0,000001
6717;UMA       ;(NEFRO)ACIDO PERACETICO 3,5(PEROXIDE).                                                    ;0;0;0;98,85
6718;UMA       ;TUBO PARA GASTROSTOMIA 20-1.5(MIC-KEY)                                                    ;24;14256;594;594
6719;UM        ;(URO)CATETER URETERAL DUPLO J 5FR 26CM                                                    ;0;0;0;203,7
6720;UM        ;(ESPEC)CATETER URETRAL DUPLO J HIDROFILICO 4.7FR 16CM C/ FIO GUIA HIDROFILICO 0,035 X 150C;0;0;0;196,07
6721;KIT       ;(ESPEC.)CATETER URETRAL DUPLO J 6FR X 16CM                                                ;0;0;0;147,6
6722;UM        ;(ESPEC)CATETER URETRAL DUPLO J 6FR X 26CM                                                 ;0;0;0;147,6
6723;UMA       ;CATETER URETRAL DUPLO J 3FR X 10CM (UROLOGIA)PIG TAIL                                     ;0;0;0;291,66
6724;UMA       ;CATETER URETRAL DUPLO J 3FR X 14CM (UROLOGIA)PIG TAIL                                     ;0;0;0;213,68
6725;UMA       ;EQUIPO - CONJUNTO PARA IRRIGACAO 2 VIAS DESCARTAVEL(UROLOGIA)                             ;0;0;0;26,04
6726;UM        ;(URO)CAPA PROTETORA P/VIDEOLAPAROSCOPIA SANFONADA 15X300 CM                               ;0;0;0;55,55
6727;UM        ;(URO)EVACUADOR DE ELIK                                                                    ;0;0;0;386,36
6728;UM        ;(URO)KIT SONDA URETERAL - MSB 4.7FR/16CM C/FIO GUIA E POSICIONADOR STABDART               ;0;0;0;3,63
6729;UMA       ;(URO) SONDA VESICAL TIPO FOLEY 16FR C/3 VIAS (LATEX)                                      ;0;0;0;122,08
6730;UM        ;(URO)SONDA VESICAL TIPO FOLEY 18FR C/ 2 VIAS (LATEX)                                      ;0;0;0;3,24
6731;UM        ;(URO)SONDA VESICAL TIPO FOLEY 20FR C/ 2 VIAS (LATEX)                                      ;0;0;0;122,08
6732;UM        ;(URO)SONDA VESICAL TIPO FOLEY 20FR C/ 3 VIAS (LATEX)                                      ;0;0;0;122,08
6733;UM        ;(URO)SONDA VESICAL TIPO FOLEY 22FR C/ 2 VIAS (LATEX)                                      ;0;0;0;122,08
6734;UM        ;(URO)SONDA VESICAL TIPO FOLEY 22FR C/ 3 VIAS (LATEX)                                      ;0;0;0;122,08
6735;UM        ;(URO)SONDA VESICAL TIPO FOLEY 24FR C/ 3 VIAS (LATEX)                                      ;0;0;0;122,08
6736;UM        ;(URO)SOLUCAO DE GLICINA 1,5% 3L(CX C/6 BOLSAS)                                            ;0;0;0;86
6737;UMA       ;GEL P/ INJECAO INTRAURETERAL AMP.C/1ML (UROLOGIA)                                         ;0;0;0;5978
6738;KIT       ;CONJUNTO DE DILATADORES RENAIS 8FR/30FR C/ 1 CATETER DE 8FRXRADIOPACO TEFLONADO , COM 84CM;0;0;0;1687,5
6739;UMA       ;(URO)BALAO P/ACESSO PERCULTANEO 15CMX10MM C/AP.INFLATOR E BAINHA 30FR.                    ;0;0;0;1200
6740;UMA       ;(ESPEC)CATETER DUPLO LUMEN DE POLIMERO HIDROFILICO 10FRX50CMPONTA FLEXIVEL                ;0;0;0;77,02
6741;UM        ;(ESPEC)CATETER URETERAL PARA INSTILACAO DE CONTRASTE, FABRICADO EM CELOFANE (SILICONE + CO;0;0;0;135,41
6742;UM        ;(URO)CONJUNTO DE DILATADORES URETRAIS DE 8FR A 20FR                                       ;0;0;0;458,33
6743;UMA       ;(URO)BALAO DE KAYE 15CMX12MM,CATATER 14FRX25CM,SERINGA 10ML                               ;0;0;0;1576,67
6744;UMA       ;(URO)FIO GUIA HIDROFILICO 150CM X 0,035 PONTA FLEXIVEL(COBRA                              ;0;0;0;92,8
6745;UMA       ;FIO GUIA P/CIRURGIA RENAL PERCULTANEA.145CMX0,38 PONTA CURVATIPO EXTRA STIFF(UROLOGIA)    ;0;0;0;416,66
6746;UMA       ;(URO)FIO GUIA HIDROFILICO NITINOL 150CM X 0,35 PONTA RETA                                 ;0;0;0;127,5
6747;UMA       ;FIO GUIA HIDROFILO DE NITINOL 145CMX0,38 PONTA RETA(UROLOGIA)                             ;0;0;0;209,97
6748;UMA       ;KIT NEFROSTOMIA PERCUTANE C/SONDA BALAO N.14FR (UROLOGIA)                                 ;0;0;0;399
6749;UM        ;(URO) CATETER PARA CISTOMETRIA DUPLO LUMEM 7FRX40 CM (MASULINO)PONTA RETA.                ;0;0;0;652,38
6750;UM        ;(URO)EXTRATOR DE CALCULO P/ NEFROLITOTOMIA PERC.38CM X 12FR SEM PONTA                     ;0;0;0;735,68
6751;UMA       ;EXTRATOR DE CALCULO P/URETEROCOPIA 3FIOS 115CMX3,2FR C/PONTA(UROLOGIA)                    ;0;0;0;1440
6752;UM        ;(URO)EXTRATOR DE CALCULO SEM PONTA DE 4 FIOS NITINOL 1,9FR X120CM BAINHA DE POLIMIDA.     ;0;0;0;1193,33
6753;UMA       ;PINCA GRASPING C/PONTA TRIDENTE 38CMX10FR (UROLOGIA)                                      ;0;0;0;2160
6754;UMA       ;FIBRA DE LASER LITROTIPISIA A LASER VARIOS TAMANHOS (230/270400/450/600)(UROLOGIA).       ;0;0;0;3150
6755;UMA       ;FIO GUIA TEFLONADO EM ACO INOX 145CMX0,38 PONTA RETA                                      ;0;0;0;465
6756;UM        ;INTEGRADOR QUIMICO VAPOR CLASSE 5                                                         ;27500;11275;0,41;0,41
7004;UM        ;COLCHAO DE AR E AGUA INFANTIL                                                             ;0;0;0;48,92
7006;UM        ;TOMADA EM Y/AR COMPRIMIDO.                                                                ;0;0;0;88,2
7008;UM        ;TOMADA POSTO PAREDE EXTERNA VACUO.                                                        ;0;0;0;81,22
7012;UM        ;FIO POLIPROPILENO N.5.0 AG. 1,5CM 1/2 CIRC 75CM                                           ;0;0;0;0
7013;UM        ;FIO SEDA PRETO TRANCADO N.0 S/AG. 15 FIOS 45CM.                                           ;1088;5981;5,497242;6,25
7014;UM        ;FIO SEDA PRETO TRANCADO N.2-0 S/AG. 15 FIOS 45CM.                                         ;648;5844,96;9,02;9,02
7015;FL.       ;EMB.P/ESTERELIZACAO 120CM X 120CM(APROX.)                                                 ;0;0;0;5,7
7016;UM        ;EMBALAGEM P/ESTERELIZACAO EM SMS 137 X 137.(APROX.)LEVE                                   ;0;0;0;5,42
7017;UM        ;ENVELOPE GRAU CIRURGICO 15X20                                                             ;0;0;0;0,2
7018;KG        ;HIPOCLORITO DE SODIO 6KG (NEFRO)                                                          ;0;0;0;19
7019;UM        ;(NEFRO)ACIDO PERACETICO 5% 5000ML                                                         ;67;5713,76;85,28;85,28
7020;UM        ;(ESPEC)KIT P/CIRURGIA DE SLING:COMPOSTO DE FITA DE POLIPROPILENO TIPO I + DUAS AGULHAS HEL;0;0;0;1541,38
7021;UM        ;GRANPO HEM-O-LOK DOURADO (UROLOGIA)                                                       ;0;0;0;356,42
7022;UM        ;GRANPO HEM-O-LOK ROXO (UROLOGIA)                                                          ;0;0;0;356,42
7023;PCT.      ;FITA TESTE P/MONITORAMENTO DE SOLUCAO DE GLUTERALDEIDO (UROLGIA)                          ;0;0;0;208,33
7024;UM        ;KIT DE ESCOVAS PARA LIMPEZA DE AUTOCLAVES (UROLOGIA)                                      ;0;0;0;1241,66
7025;UM        ;KIT LIMPEZA ENDOSCOPIOS(ESCOVA)(UROLOGIA)                                                 ;0;0;0;1322,91
7026;UM        ;PACOTE TESTE DE AUTOCLAVES(BOWIE E DICK)(UROLOGIA)                                        ;0;0;0;35,15
7027;UM        ;CATETER CENTRAL DE INSERCAO PERIFERICA EPICUTANEO 24G FR 02 - 50CM (PICC)                 ;0;0;0;188
7028;UM        ;CONEXAO PARA VACUOMETRO PARA TORPEDO DE AR                                                ;0;0;0;1100
7029;PCT.      ;TUBO DE SILICONE N.208 - PACOTE 15 METROS                                                 ;0;0;0;0
7030;UM        ;COMPRESSA PARA CURATIVO 10 X 15 CM ESTERIL - PCT C/ 1 UND                                 ;0;0;0;0,61
7031;UM        ;AGULHA DE BIOPSIA P/ASPIRACAO 14G X 05CM                                                  ;0;0;0;23,74
7032;KIT       ;(ESPEC)KIT GERADOR DE PULSO ELET.IMPLAN.CAMARA DUPLA (DDD)                                ;0;0;0;16250
7033;KIT       ;(ESPEC)KIT CARDIOVERSOR-DESFIBRILADOR C/RESSINCRONIZADOR IMPLANTAVEL (CDI + RESSINCRONIZAD;0;0;0;100000
7034;UM        ;SABONETE C/ TRICLOZAN 0,3% 5000ML                                                         ;0;0;0;48,99
7035;UMA       ;SLING SINTETICO REAJUSTAVEL,PROTESE URETRAL                                               ;0;0;0;3030
7036;UM        ;BOMBA DE INFUSAO FRESENIUS                                                                ;0;0;0;5500
7037;UM        ;EQUIPO PARA BOMBA DE INFUSAO FRESENIUS C/ FILTRO E TUBO(LARANJA)                          ;0;0;0;7,9
7038;UM        ;EQUIPO PARA BOMBA DE INFUSAO FRESENIUS S/ FILTRO(AZUL).                                   ;0;0;0;7,69
7039;UM        ;EMULSAO LUBRIFICANTE DE INSTRUMENTAIS CIRUR.1000ML                                        ;44;2970,44;67,51;67,51
7040;UM        ;ESCOVA LIMPEZA INSTRUMENTAIS DUAS PONTAS 17CM X 5MM X 10MM                                ;0;0;0;11,28
7041;UM        ;FITA MARCADORA P/INSTRUMENTAIS CIRUR.5MM/6MM AMARELO APROX.6M                             ;6;433,2;72,2;72,2
7042;UM        ;FITA MARCADORA P/INSTRUMENTAIS CIRUR.5MM/6MM AZUL APROX.6M                                ;4;293,32;73,33;73,33
7043;UM        ;FITA MARCADORA P/INSTRUMENTAIS CIRUR.5MM/6MM BRANCA APROX.6M                              ;6;390;65;65
7044;UM        ;FITA MARCADORA P/INSTRUMENTAIS CIRUR.5MM/6MM VERDE APROX.6M                               ;0;0;0;66
7045;UM        ;FITA MARCADORA P/INSTRUMENTAIS CIRUR.5MM/6MM VERMELHO APROX.6M                            ;0;0;0;80
7046;BOB.      ;PAPEL GRAU CIRURGICO 7,5CM X 50M.                                                         ;0;0;0;11,92554
7047;UM        ;(ESPEC.)ELETRODO UNIPOLAR PARA RESSECCAO ENDOSCOPICA                                      ;0;0;0;268,75
7048;UM        ;TROCATER P/ LAPOROCOPICOS                                                                 ;0;0;0;350
7049;UM        ;(URO) ESTOJO PARA ESTERELIZACAO DE MATERIAIS URETEROS                                     ;0;0;0;2550
7050;UM        ;SABONETE LIQUIDO NEUTRO ERVA DOCE 1000ML                                                  ;86;491,92;5,72;5,72
7051;UM        ;(ESPEC)CANULA PARA CPRE ESTERIL (COD.3087)                                                ;0;0;0;330
7052;UM        ;(EDA) ALÁA DE POLIPECTOMIA SNARE 35MMX230                                                 ;0;0;0;980
7053;UMA       ;(CPRE)FIO GUIA HIDROFILICO BILIAR 0,25CM DE 450CM. (56561)                                ;0;0;0;526,75
7054;PCT.      ;PAPILOTOMA TRIPLO LUMEN DE 20MM COD.(3590)                                                ;0;0;0;511,42972
7055;UM        ;(CPRE)PAPILOTOMO PRE CORTE TIPO ESTILETE (COD. (3281)                                     ;0;0;0;399
7056;UM        ;(CPRE)CESTA PARA EXTRACAO DE CALCULO BILIAR, LITOTRIPSIA 30MM X 430CM.                    ;0;0;0;1138,33
7057;UM        ;(CPRE)PROTESE PLASTICA BILIAR TIPO AMSTERDAM 7FR/10CM (COD. 3922)                         ;0;0;0;755
7058;UM        ;(EDA) AGULHA DE ESCLEROSE 25GX230CM                                                       ;0;0;0;755
7059;UM        ;ALÁA DE POLIPECTOMIA OVAL AUTOCLAV·VEL  23MM-30MM                                         ;0;0;0;365
7060;UM        ;(ESPEC)STENT METALICO BILIAR                                                              ;0;0;0;3380
7061;UM        ;(CPRE)BALAO DILATADOR BILIAR 4CM X 6MM.(6738)                                             ;0;0;0;1000
7062;UM        ;(CPRE)BALAO DILATADOR BILIAR 4MM X 180CM DE 4CM (4590)                                    ;0;0;0;940
7063;UM        ;(CPRE)CATETER BALAO EXTRATOR BILIAR TRIPLO LUMEN TAM 12 A 15MM.(4711)                     ;0;0;0;418
7064;UM        ;(CPRE)CATETER BALAO EXTRATOR BILIAR TRIPLO LUMEN TAM 15 A 18MM.(4712)                     ;0;0;0;1000
7065;UM        ;(ESPEC)BALAO DE DILATACAO PROGRESSIVA (COD.5869)                                          ;0;0;0;1044
7066;UM        ;(CPRE)CESTA P/EXTRACAO DE CALCULO BILIAR,LITOTRIPSIA,COMP 6.0CM DIAMETRO 3.0MM            ;0;0;0;944,439
7067;UM        ;TELA CIRURGICA SEPARADORA DE TECIDO 15CM X 15CM(PROCEED)                                  ;38;66962,84;1762,18;1762,18
7068;UM        ;ITEM EXCLUIDO  USAR O CODIGO 8359                           CATETER DUPLO LUMEN ACESSO VEN;0;0;0;44
7069;UM        ;ITEM EXCLUIDO USAR O C√‚DIGO 8446                           CATETER DUPLO LUMEN ACESSO VEN;0;0;0;44
7070;UM        ;(NEURO)PLACA DE TITANIO P/FECHAMENTO DE CRANIO BX PERFIL                                  ;0;0;0;6666,66
7071;UM        ;PLACA DE TITANIO MALEAVEL BX PERFIL                                                       ;0;0;0;6250
7072;RL.       ;TUBO SILICONE P/OXIGENIO 6X10 ROLO C/15MT                                                 ;0;0;0;147,45
7073;PAR       ;LUVA DE SEGURANCA ANTIDERRAPANTE NA PALMA E DEDOS TAMANHO GG                              ;34;287,3;8,45;8,45
7074;UM        ;(NEFRO)CONECTOR LUER VALVULADO PARA CATETER DE HEMODIALISE PRESSAO NEGATIVA PRIMING 0,85 M;0;0;0;4,03
7075;UM        ;DRENO DE PENROSE N.02 - DIAMETRO 40 MM LATEX                                              ;0;0;0;1,71
7076;UM        ;DRENO DE PENROSE N.03 - DIAMETRO 60 MM LATEX                                              ;159;337,08;2,12;2,12
7077;UM        ;DRENO DE PENROSE N.04 - DIAMETRO 80 MM LATEX                                              ;0;0;0;3,4
7078;RL.       ;BOBINA PICOTADA TRANSPARENTE TAMANHO 35X50CM. CAPACIDADE 7KG                              ;3;123,63;41,21;41,21
7079;UM        ;CURATIVO DUO DERME 15CM X 15CM/6IN X 6INX                                                 ;0;0;0;0
7080;UM        ;CURATIVO C/PERMEABILIDADE CONTROLADA POR CATETER 9X12CM                                   ;0;0;0;0,000001
7081;UM        ;EXTENSOR DE BOMBA DE INFUSAO 150CM NEONATAL                                               ;0;0;0;3,18
7082;UM        ;(ESPEC)CANETA ELETROCIRURGICA(EXTRA SUS)MONOPOLAR                                         ;13419;442739,87;32,993506;23,88
7083;UM        ;CANULA DESCARTAVEL PARA ARTROSCOPIA (EXTRA SUS)                                           ;0;0;0;148,14
7084;UM        ;CANULA DESCARTAVEL P ARTROSCOPIA 8,5MMX90MM                                               ;0;0;0;976
7085;UM        ;ELETRODO DE ABLACAO (EXTRA SUS)                                                           ;0;0;0;315,31
7086;UM        ;EQUIPO 2 VIAS COM SENSOR CIRURGIA ARTROSCOPIA (EXTRA SUS)                                 ;0;0;0;224,82
7087;UM        ;FIO GUIA 2,5X400MM RASGADO                                                                ;0;0;0;326
7088;UM        ;DOCKING MECHANISM C1/C12/S1                                                               ;0;0;0;518,93
7089;UM        ;C2 CALIBRADOR SOLUCAO 2                                                                   ;0;0;0;752,55
7090;UM        ;C2 CALIBRADOR SOLUCAO 1                                                                   ;0;0;0;829,15
7091;UM        ;AUTO-TROL TS PLUS NIVEL 3 OMNI C/S5                                                       ;0;0;0;960,3
7092;UM        ;SENSOR DE CLORETO (CL-)OMNI                                                               ;0;0;0;1260,38
7093;UM        ;SENSOR REFERENCIA OMNI                                                                    ;0;0;0;1337,51
7094;UM        ;SENSOR DE POTACISSIO (K+)OMNI                                                             ;0;0;0;1260,38
7095;UM        ;SENSOR DE SODIO (NA+)OMNI                                                                 ;0;0;0;1260,38
7096;UM        ;SENSOR DE CALCIO (CA++)OMNI                                                               ;0;0;0;1260,38
7097;UM        ;SENSOR PO2 OMNI                                                                           ;0;0;0;2717,55
7098;UM        ;SENSOR PH OMNI                                                                            ;0;0;0;2707,04
7099;UM        ;VALVULA PUMP PARA FRASCO DE 1 LITRO.                        [                             ;335;649,9;1,94;1,94
7100;UM        ;TUBO BAREX                                                                                ;0;0;0;233,67
7101;UM        ;AUTO-TROL TS PLUS NIVEL 2 OMNI C/S5                                                       ;0;0;0;850,3
7102;UM        ;SENSOR PC02 OMNI                                                                          ;0;0;0;2660,05
7103;UM        ;DOCKING MECHANISM PACK                                                                    ;0;0;0;518,93
7104;UM        ;BOBINA DE PAPEL TERMOSENSIVEL 57MM X 25M - SERCON                                         ;0;0;0;4,7
7105;UM        ;GUIA FIO FURADO 1,8X4 FUROS                                                               ;0;0;0;326
7106;UM        ;GUIA FIO FURADO 2,5X300 4 FUROS                                                           ;0;0;0;326
7107;UM        ;LAMINA DE SHAVER PARTES MOLES (EXTRA SUS)                                                 ;0;0;0;223
7108;UM        ;LAMINA DE SHAVER PARTES OSSEAS (EXTRA SUS)                                                ;0;0;0;236,66
7109;UM        ;PARAFUSO INTERF.ABSOLVIVEL 10X28MM                                                        ;0;0;0;1514
7110;UM        ;PARAFUSO INTERF.ABSOLVIVEL 10X35MM                                                        ;0;0;0;1514
7111;UM        ;PARAFUSO INTERF.ABSOLVIVEL 11X28MM                                                        ;0;0;0;1514
7112;UM        ;PARAFUSO INTERF.ABSOLVIVEL 11X35MM                                                        ;0;0;0;1514
7113;UM        ;PARAFUSO INTERF.ABSOLVIVEL 12X28MM                                                        ;0;0;0;1514
7114;UM        ;PARAFUSO INTERF.ABSOLVIVEL 06X20MM                                                        ;0;0;0;1514
7115;UM        ;PARAFUSO INTERF.ABSOLVIVEL 07X23MM                                                        ;0;0;0;1514
7117;UM        ;PARAFUSO INTERF.ABSOLVIVEL 07X24MM                                                        ;0;0;0;1514
7118;UM        ;PARAFUSO INTERF.ABSOLVIVEL 07X28MM                                                        ;0;0;0;1514
7119;UM        ;PARAFUSO INTERF.ABSOLVIVEL 07X30MM                                                        ;0;0;0;1514
7120;UM        ;PARAFUSO INTERF.ABSOLVIVEL 08X23MM                                                        ;0;0;0;1514
7121;UM        ;PARAFUSO INTERF.ABSOLVIVEL 08X24MM                                                        ;0;0;0;1514
7122;UM        ;PARAFUSO INTERF.ABSOLVIVEL 08X28MM                                                        ;0;0;0;1514
7123;UM        ;PARAFUSO INTERF.ABSOLVIVEL 09X30MM                                                        ;0;0;0;1514
7124;UM        ;PARAFUSO INTERF.ABSOLVIVEL 09X24MM                                                        ;0;0;0;1514
7125;UM        ;PARAFUSO INTERF.ABSOLVIVEL 09X28MM                                                        ;0;0;0;1514
7126;UM        ;PARAFUSO INTERF.ABSOLVIVEL 09X30MM                                                        ;0;0;0;1514
7127;UM        ;PARAFUSO INTERF.ABSOLVIVEL 09X35MM                                                        ;0;0;0;1514
7128;UM        ;PARAFUSO INTERF.ABSOLVIVEL FEMORAL 09X23MM                                                ;0;0;0;1514
7129;UM        ;PARAFUSO INTERF.ABSOLVIVEL FEMORAL 10X23MM                                                ;0;0;0;1514
7130;UM        ;PLACA DE ENDUBUTTON 15MM                                                                  ;0;0;0;1220
7131;UM        ;PLACA DE ENDUBUTTON 20MM                                                                  ;0;0;0;1220
7132;UM        ;PLACA DE ENDUBUTTON 25MM                                                                  ;0;0;0;1220
7133;UM        ;PLACA DE ENDUBUTTON 30MM                                                                  ;0;0;0;1220
7134;UM        ;PLACA DE ENDUBUTTON 35MM                                                                  ;0;0;0;1220
7135;UM        ;LAMINA PARA HISTOGIA 26X76MM (LACEN)                                                      ;0;0;0;9,39
7136;CX.       ;LAMINULAS 24X32MM 0,13MM-0,16MM (LACEN)                                                   ;0;0;0;3,14
7137;UM        ;LAMINULAS 24X50MM 0,13MM-0,16MM (LACEN)                                                   ;0;0;0;4,32
7138;CX.       ;LAMINULAS 24X60MM 0,13MM-0,16MM (LACEN)                                                   ;0;0;0;5,53
7139;FR.       ;LUGOL FORTE FRASCO 1L(LACEN)                                                              ;0;0;0;91
7140;UM        ;SOLUCAO AZUL DE TOLUIDINA FRASCO 1L (LACEN)                                               ;0;0;0;52
7141;PCT.      ;FRASCO PARA CITOLOGIA COM RANHURAS(PCT 250UND)                                            ;0;0;0;104,16
7142;PCT.      ;EOSINA AMARELA SOLUCAO AQUOSA 0,25 500ML(LACEN)                                           ;0;0;0;51,94
7143;UM        ;LUVA PARA ARTROSCOPIA DESCARTAVEL (EXTRA SUS)                                             ;0;0;0;6,74
7144;UM        ;HASTE BLOQUEADA FEMUR PROXIMAL(SPN/PFN)LONGA/CURTA(EXTRA SUS)                             ;329;180986;550,109422;731
7145;UM        ;HASTE BLOQUEAVEL FEMURAL COM BLOQUEIO PROXIMAL 11X130                                     ;0;0;0;2050
7146;UM        ;HASTE BLOQUEAVEL FEMURAL COM BLOQUEIO PROXIMAL 12X130                                     ;0;0;0;2050
7147;KIT       ;KIT DE CIMENTACAO OSSEA P/CIRURGIA DE QUADRIL (EXTRA SUS)                                 ;0;0;0;273,43
7148;UM        ;PARAFUSO AUTO ROSQUEAVEL DE BLOQUEIO 5X20MM                                               ;0;0;0;93,33
7149;UM        ;PARAFUSO AUTO ROSQUEAVEL DE BLOQUEIO 5X22MM                                               ;0;0;0;93,33
7150;UM        ;PARAFUSO AUTO ROSQUEAVEL DE BLOQUEIO 5X24MM                                               ;0;0;0;93,33
7151;UM        ;PARAFUSO AUTO ROSQUEAVEL DE BLOQUEIO 5X26MM                                               ;0;0;0;93,33
7152;UM        ;PARAFUSO AUTO ROSQUEAVEL DE BLOQUEIO 5X28MM                                               ;0;0;0;93,33
7153;UM        ;PARAFUSO AUTO ROSQUEAVEL 5,0MM - BLOQUEADO (EXTRA SUS)                                    ;0;0;0;53,37
7154;UM        ;PARAFUSO AUTO ROSQUEAVEL DE BLOQUEIO 5X32MM                                               ;0;0;0;93,33
7155;UM        ;PARAFUSO AUTO ROSQUEAVEL DE BLOQUEIO 5X34MM                                               ;0;0;0;93,33
7156;UM        ;PARAFUSO AUTO ROSQUEAVEL DE BLOQUEIO 5X36MM                                               ;0;0;0;93,33
7157;UM        ;PARAFUSO AUTO ROSQUEAVEL DE BLOQUEIO 5X38MM                                               ;0;0;0;93,33
7158;UM        ;PARAFUSO AUTO ROSQUEAVEL DE BLOQUEIO 5X40MM                                               ;0;0;0;93,33
7159;UM        ;PARAFUSO AUTO ROSQUEAVEL DE BLOQUEIO 5X42MM                                               ;0;0;0;93,33
7160;UM        ;PARAFUSO AUTO ROSQUEAVEL DE BLOQUEIO 5X44MM                                               ;0;0;0;93,33
7161;UM        ;PARAFUSO AUTO ROSQUEAVEL DE BLOQUEIO 5X46MM                                               ;0;0;0;93,33
7162;UM        ;PARAFUSO AUTO ROSQUEAVEL DE BLOQUEIO 5X48MM                                               ;0;0;0;93,33
7163;UM        ;PARAFUSO AUTO ROSQUEAVEL DE BLOQUEIO 5X50MM                                               ;0;0;0;93,33
7164;UM        ;PARAFUSO AUTO ROSQUEAVEL DE BLOQUEIO 5X55MM                                               ;0;0;0;93,33
7165;UM        ;PARAFUSO AUTO ROSQUEAVEL DE BLOQUEIO 5X60MM                                               ;0;0;0;93,33
7166;UM        ;PARAFUSO AUTO ROSQUEAVEL DE BLOQUEIO 5X65MM                                               ;0;0;0;93,33
7167;UM        ;PARAFUSO AUTO ROSQUEAVEL DE BLOQUEIO 5X70MM                                               ;0;0;0;93,33
7168;UM        ;PARAFUSO COM ARRUELA DENTADA 4,5MM (EXTRA SUS)                                            ;0;0;0;526
7169;UM        ;PARAFUSO ESPONJOSO 6,0X45MM                                                               ;0;0;0;120,83
7170;UM        ;PLACA PUDDU CORRETIVA FEMORAL/TIBIAL(EXTRA SUS)                                           ;49;79700;1626,530612;1500
7171;UM        ;PLACA PUDDU BLOQUEADA 3 FUROS                                                             ;0;0;0;2144,44
7172;UM        ;PLACA PUDDU BLOQUEADA 4 FUROS                                                             ;0;0;0;2144,44
7173;ENV.      ;FIO POLIESTER N.5-0 2AG. 8 MM ESTRI. ESPATU. 1/4 45CM - OFTALMO.                          ;200;3440;17,2;17,2
7174;PCT.      ;(NEFRO)HEMODIALISADOR ELISIO-M  2.1M                                                      ;0;0;0;70
7175;ENV.      ;SACO PLASTICO TRANSPARENTE PICOTADO 50 X 70 CM.                                           ;0;0;0;75,36
7176;UM        ;NYLON PRETO 3-0 45CM                                                                      ;0;0;0;75,36
7177;UM        ;ITEM EXCLU√≠DO - USAR O C√≥DIGO 5166                        FIO POLIGLACTINA 2-0 70CM,AG.5;0;0;0;378
7178;CX.       ;POLIPROPILENO 4-0 75CM                                                                    ;0;0;0;183,36
7179;ENV.      ;FIO NYLON N.6-0 AG.1,6CM 3/8,TRIANGULAR,COMP.45CM                                         ;3304;6700,08;2,027869;1,86
7180;L.        ;ACIDO PERACETICO 0,2% 1000ML                                                              ;0;0;0;123,74
7181;GL.       ;ACIDO PERACETICO 0,2% 5000ML                                                              ;457;43341,88;94,84;94,84
7189;UM        ;BARRA DE ERICH (EXTRA SUS)                                                                ;85;44239,1;520,46;520,46
7190;UM        ;HASTE FEMORAL LONGA C/BLOQUEIO CEFALICO INCLUI PARAFUSO ( 03.049-0 )                      ;0;0;0;974,31
7191;UM        ;PINO DESLISANTE DHS 51MM                                                                  ;0;0;0;165,21
7192;UM        ;PINO DESLISANTE DHS 57MM                                                                  ;0;0;0;165,21
7193;UM        ;PLACA DHS 135 GRAUS 3F                                                                    ;0;0;0;764,34
7194;UM        ;PLACA DHS 135 GRAUS 6F                                                                    ;0;0;0;764,34
7195;UM        ;HASTE FEMUR CURTA BLOQUEADA CEF                                                           ;0;0;0;846,67
7197;UM        ;FIO ACO TIPO ACIFLEX N.1 (EXTRA SUS)                                                      ;48;1371,84;28,58;28,58
7198;UM        ;PARAFUSO AUTO ROSQUEAVEL 3,5MM (EXTRA SUS)                                                ;0;0;0;85,71
7199;CX.       ;TISSICOL 1,0 (VHSD) FIBRINA HUMANA ANAPROT BOVINA                                         ;0;0;0;480
7200;UM        ;SONDA ENDOTRAQUEAL N.7,5 ARAMADA C/ CUFF                                                  ;791;18146,66;22,941415;22,03
7201;UM        ;FRALDA DESCARTAVEL INFANTIL PP                                                            ;154080;109396,8;0,71;0,71
7203;UM        ;CURATIVO DE ABSORCAO,DE CARVAO ATIVADO C/ALGINATO DE CALCIO E SODIO E CARBOXIM.SODICA 10X1;0;0;0;31
7204;ENV.      ;FIO NYLON N.10-0 AG.0,65 3/8 ATRAUMATICA 2AG 30CM OFTALMOLOGICO                           ;1270;36830;29;29
7205;CX.       ;FIO NYLON N.8-0 AG.0,65CM 3/8 ATRAUMATICA                                                 ;0;0;0;63,44
7206;UM        ;CATETER VENOSO CENTRAL DE IMPLANTE PERIFERICO 3FR                                         ;0;0;0;175
7207;UM        ;COLAR CERVICAL TIPO PHILADELPHIA TAMANHO G                                                ;96;4134,72;43,07;43,07
7208;UM        ;COLAR CERVICAL RIGIDO GG                                                                  ;0;0;0;47,7
7209;UM        ;EMBALAGEN(SACO)PLASTICA P/TRANSPORTE DE PARTES HUMANAS                                    ;0;0;0;155,1
7210;UM        ;SONDA PARA ALIMENTACAO ENTERAL NEONATAL                                                   ;0;0;0;15
7211;UM        ;(ESPEC)KIT GERADOR DE PULSO ELETRICO IMPLANTAVEL                                          ;0;0;0;16250
7213;UM        ;PAPEL GRAU CIRURGICO 10CM X 100M.                                                         ;33;1569,48;47,56;47,56
7214;ENV.      ;FIO POLIGLACTINA(VYCRIL)N.3-0 AG.2,4CM 3/8 45CM TRIA.INCOL.                               ;2222;32690,68;14,712277;12,69
7215;UM        ;PLACA ANGULADA BLOQUEADA INFANTIL (EXTRA SUS)                                             ;0;0;0;14787,5
7216;UM        ;HASTE INTRAMEDULAR NAO BLOQUEADA 10X320                                                   ;0;0;0;128,96
7217;UM        ;HASTE INTRAMEDULAR RETROGADA 9X300                                                        ;0;0;0;905,89
7218;UM        ;HASTE INTRAMEDULAR RETROGADA 9X320                                                        ;0;0;0;905,89
7219;UM        ;HASTE INTRAMEDULAR NAO BLOQUEADA ( 03.055-4 )                                             ;0;0;0;128,96
7220;UM        ;FIO ACO TIPO ACIFLEX N.2 (EXTRA SUS)                                                      ;48;1371,84;28,58;28,58
7221;UM        ;FIO ACO TIPO ACIFLEX N.0 (EXTRA SUS)                                                      ;48;1371,84;28,58;28,58
7222;UM        ;PARAFUSO ABSOLVIVEL BUCO 1,5MM                                                            ;0;0;0;1736
7223;UM        ;PARAFUSO ABSOLVIVEL BUCO 2,0MM                                                            ;0;0;0;1805
7224;UM        ;PLACA ABSOLVIVEL BUCO 1,5MM                                                               ;0;0;0;13666
7225;UM        ;PLACA ABSOLVIVEL BUCO 2,0MM                                                               ;0;0;0;11333
7226;UM        ;FIO GUIA RASGADO (EXTRA SUS)                                                              ;0;0;0;67,3
7227;UM        ;FIO GUIA PERFURADO (EXTRA SUS)                                                            ;0;0;0;326
7228;UM        ;ARRUELA LISA                                                                              ;0;0;0;7,07
7229;UM        ;PARAFUSO CORTICAL 3,5X34MM (03.069-4)                                                     ;0;0;0;9,82
7230;UM        ;EQUIPO PAM (TRANSDUTOR DE PRESSAO),COMPATIVEL COM MONITOR DIXTAL.                         ;0;0;0;101,91
7231;UM        ;MICRO PLACA LEFORT 11F AVANCO 2MM DIREITA                                                 ;0;0;0;343,72
7232;UM        ;PARAFUSO ESPONJOSO 6,5MM ( 03.073-2 )                                                     ;500;13855;27,71;27,71
7233;UM        ;PLACA PUDDU CORRETIVA FEMORAL 10MM (EXTRA SUS)                                            ;0;0;0;830,55
7234;PC.       ;PLACA DE COMPRESSAO DINAMICA 4,5MM ESTREITA                                               ;0;0;0;150,37
7235;PC.       ;PLACA DE COMPRESSAO DINAMICA 4,5MM LARGA                                                  ;0;0;0;180,64
7236;PC.       ;PLACA SEMITUBULAR 4,5MM C/ PARAFUSOS ( 03.109-7 )                                         ;0;0;0;150
7237;PC.       ;PARAFUSO MALEOLAR 4,5MM ( 03.074-0 )                                                      ;0;0;0;18,61
7238;PC.       ;PLACA CALCO                                                                               ;0;0;0;271,7
7239;PC.       ;PLACA DE SUPORTE DE PLATEAU TIBIAL 4,5MM C/ PARAFUSOS ( 03.094-5 )                        ;0;0;0;172,97
7240;UM        ; PLACA TUBO DHS E DCS 22 FUROS                                                            ;0;0;0;462,04
7241;PC.       ;FIO TIPO STEINMAN LISO ( 05.079-2 )                                                       ;450;7114,5;15,81;15,81
7242;PC.       ;PINO DE SCHANZ ( 03.080-5 )                                                               ;0;0;0;28
7243;PC.       ;FIO OLIVADO PARA FIXADOR EXTERNO                                                          ;0;0;0;16,6
7244;PC.       ;FIXADOR EXTERNO LINEAR ( 03.040-6 )                                                       ;0;0;0;450
7245;UM        ;(NEURO)SONDA PARA MONITORAMENTO DE PRESSAO                                                ;0;0;0;108,01
7246;PC.       ;HASTE FLEXIVEL INFANTIL INTRAMEDULAR                                                      ;0;0;0;150,11
7247;UM        ;COMPONENTE FEMORAL PRIMARIO CIMENTADO/FIXACAO BIOLOGICA ( 03.022-8 )                      ;0;0;0;1504,27
7248;UM        ;COMPONENTE TIBIAL PRIMARIO METALICO CIMENTADO/FIXACAO BIOLOGICA ( 03.028-7 )              ;0;0;0;837,3
7249;UM        ;PARAFUSO CORTICAL 3,5X38MM (03.069-4)                                                     ;0;0;0;9,82
7250;UM        ;PLACA EM L 3,5MM(INCLUI PARAFUSO)                                                         ;0;0;0;267,9
7251;UM        ;MACRO PLACA ANGULADA MANDIBULAR 5X19 DIR.(05.047-4)                                       ;0;0;0;1150,04
7252;UM        ;PULSEIRA P/ INDENTIFICACAO DE MAE E FILHO   - COR BRANCA                                  ;100;73;0,73;0,73
7253;UM        ;HASTE SISTEMA SULC POL CURTO                                                              ;0;0;0;573,1
7254;UM        ;PARAFUSO MET INTERF 9X30MM                                                                ;0;0;0;143,26
7255;UM        ;PARAFUSO INT MET 8X20                                                                     ;0;0;0;143,26
7256;UM        ;FIO TIPO STEINMAN ROSQUEADO                                                               ;0;0;0;15,65
7257;UM        ;BOCAL DESC.P/ESPIROMETRIA ADULTO 30MM TUBO                                                ;2550;1260;0,494117;0,48
7258;UM        ;ALCA DE POLIPCTOMIA 120MM                                                                 ;0;0;0;745
7260;UM        ;PARAFUSO AUTO ROSQUEAVEL DE BLOQUEIO 5X14MM                                               ;0;0;0;93,33
7261;UM        ;PARAFUSO AUTO ROSQUEAVEL DE BLOQUEIO 5X16MM                                               ;0;0;0;93,33
7262;UM        ;PARAFUSO AUTO ROSQUEAVEL DE BLOQUEIO 5X18MM                                               ;0;0;0;93,33
7263;UM        ;PLACA BLOQUEADA 2X4F                                                                      ;0;0;0;138,88
7264;UM        ;PLACA BLOQUEADA 2X5F                                                                      ;0;0;0;138,88
7265;UM        ;PLACA BLOQUEADA 2X6F                                                                      ;0;0;0;138,88
7266;UM        ;PLACA BLOQUEADA 2X8F                                                                      ;0;0;0;138,88
7267;UM        ;PLACA BLOQUEADA 5F                                                                        ;0;0;0;138,88
7268;UM        ;PLACA BLOQUEADA 6F                                                                        ;0;0;0;138,88
7269;UM        ;PLACA BLOQUEADA 8F                                                                        ;0;0;0;138,88
7270;UM        ;PLACA CONDILAR BLOQUEADA (EXTRA SUS)                                                      ;0;0;0;1904,76
7271;UM        ;PLACA CONDILAR BLOQUEADA 2X5F                                                             ;0;0;0;1904,76
7272;UM        ;PLACA CONDILAR BLOQUEADA 2X6F                                                             ;0;0;0;1904,76
7273;UM        ;PLACA CONDILAR BLOQUEADA 2X8F                                                             ;0;0;0;1904,76
7274;UM        ;PLACA DE RECONSTRUCAO BLOQUEADA 12F                                                       ;0;0;0;669,64
7275;UM        ;PLACA DE RECONSTRUCAO BLOQUEADA 9F                                                        ;0;0;0;669,64
7276;UM        ;PLACA DE RECONSTRUCAO BLOQUEADA 10F                                                       ;0;0;0;669,64
7277;UM        ;PLACA 4,5MM BLOQUEADA ESTREITA (EXTRA SUS)                                                ;0;0;0;809,52
7278;UM        ;MACRO PLACA ANGULADA MANDIBULAR 5X19 ESQ.(05.047-4)                                       ;0;0;0;1150,04
7279;UM        ;PLACA ESTREITA BLOQUEADA 4,5X18                                                           ;0;0;0;809,52
7280;UM        ;PLACA ESTREITA BLOQUEADA 7F                                                               ;0;0;0;809,52
7281;UM        ;PLACA ESTREITA BLOQUEADA 8F                                                               ;0;0;0;809,52
7282;UM        ;PLACA 4,5MM BLOQUEADA LARGA (EXTRA SUS)                                                   ;0;0;0;238,09
7283;UM        ;PLACA LARGA BLOQUEADA 6F                                                                  ;0;0;0;238,09
7284;UM        ;PLACA LARGA BLOQUEADA 7F                                                                  ;0;0;0;238,09
7285;UM        ;PLACA LARGA BLOQUEADA 8F                                                                  ;0;0;0;238,09
7286;UM        ;PLACA LARGA BLOQUEADA 9F                                                                  ;0;0;0;238,09
7287;UM        ;PLACA RECONSTRUCAO BLOQUEADA 4F                                                           ;0;0;0;669,64
7288;UM        ;PLACA RECONSTRUCAO BLOQUEADA 5F                                                           ;0;0;0;669,64
7289;UM        ;PLACA RECONSTRUCAO BLOQUEADA 6F                                                           ;0;0;0;669,64
7290;UM        ;PLACA RECONSTRUCAO BLOQUEADA 7F                                                           ;0;0;0;669,64
7291;UM        ;PLACA RECONSTRUCAO BLOQUEADA 8F                                                           ;0;0;0;669,64
7292;UM        ;PLACA SUSTENTACAO TIBIAL DIREITA BLOQ.6F                                                  ;0;0;0;2619,04
7293;UM        ;PLACA SUSTENTACAO TIBIAL DIREITA BLOQ.8F                                                  ;0;0;0;2619,04
7294;UM        ;PLACA SUSTENTACAO TIBIAL ESQUERDA BLOQ.5F                                                 ;0;0;0;2619,04
7295;UM        ;PLACA SUSTENTACAO TIBIAL ESQUERDA BLOQ.6F                                                 ;0;0;0;2619,04
7296;UM        ;PLACA SUSTENTACAO TIBIAL ESQUERDA BLOQ.8F                                                 ;0;0;0;2619,04
7297;ENV.      ;FIO SEDA N.8-0 AG.0,65CM 3/8 2AG 45CM ESPAT.ESTRIADA OFTALMO.                             ;216;10668,24;49,39;49,39
7298;UM        ;PARAFUSO CORTICAL AUTO ROSQUEAVEL 3,5X16                                                  ;0;0;0;85,71
7299;UM        ;PARAFUSO CORTICAL AUTO ROSQUEAVEL 3,5X18                                                  ;0;0;0;85,71
7300;UM        ;PARAFUSO CORTICAL AUTO ROSQUEAVEL 3,5X20                                                  ;0;0;0;85,71
7301;UM        ;PARAFUSO CORTICAL BLOQUEADO 3,5X10MM                                                      ;0;0;0;85,71
7302;UM        ;PARAFUSO CORTICAL BLOQUEADO 3,5X12MM                                                      ;0;0;0;85,71
7303;UM        ;PARAFUSO CORTICAL BLOQUEADO 3,5X14MM                                                      ;0;0;0;85,71
7304;UM        ;PARAFUSO CORTICAL BLOQUEADO 3,5X16MM                                                      ;0;0;0;85,71
7305;UM        ;PARAFUSO CORTICAL BLOQUEADO 3,5X18MM                                                      ;0;0;0;85,71
7306;UM        ;PARAFUSO CORTICAL BLOQUEADO 3,5X20MM                                                      ;0;0;0;85,71
7307;UM        ;PLACA BLOQUEADA PARA RADIO DISTAL 3F                                                      ;0;0;0;1458,33
7308;UM        ;PLACA BLOQUEADA PARA RADIO DISTAL 4F                                                      ;0;0;0;1458,33
7309;UM        ;PLACA BLOQUEADA PARA RADIO DISTAL 6F                                                      ;0;0;0;1458,33
7310;UM        ;PLACA BLOQUEADA PARA RADIO DISTAL 8F                                                      ;0;0;0;1458,33
7311;UM        ;FAIXA DE SMARCH 10X2                                                                      ;7;69,79;9,97;9,97
7312;UM        ;KIT INTRODUTOR FEMURAL 6FR                                                                ;0;0;0;270
7313;UM        ;FIO GUIA 0,35X260 PONTA EM ANGULO                                                         ;0;0;0;425
7314;UM        ;FIO GUIA 0,14X300 MS                                                                      ;0;0;0;425
7315;UM        ;FIO GUIA 0,14X300 ES                                                                      ;0;0;0;425
7316;UM        ;EQUIPO MILSET 2,80M ESTERELIZADO                                                          ;0;0;0;14,45
7317;UM        ;CATETER TRIPLO LUMEN ACESSO VENOSO CENTRAL 5.5FRX13 CM                                    ;0;0;0;116
7318;UM        ;DRENO DE PENROSE N.01 - DIAMETRO 20 MM LATEX                                              ;0;0;0;1,38
7319;PC.       ;FIO LISO KIRSCHINER 1.5 X 400MM                                                           ;0;0;0;9,27
7320;PC.       ;FIO LISO KIRSCHINER 1.8 X 400MM                                                           ;0;0;0;0
7321;PC.       ;FIO KIRSCHNER COM OLIVA 1,5MM                                                             ;0;0;0;12,36
7322;PC.       ;FIO KIRSCHNER COM OLIVA 1,8MM                                                             ;0;0;0;12,36
7323;PCT.      ;PROPE DESC. PCT C/100UND                                                                  ;450;3438;7,64;7,64
7324;UM        ;AGULHA DESC.P/ANESTESIA RAQUIDIANA 22G X 3 1/2                                            ;1100;3916;3,56;3,56
7325;UM        ;AGULHA DE HUBBER 20G X 20MM                                                               ;0;0;0;19,83
7326;UM        ;SONDA GASTRICA LEVINE LONGA N.10                                                          ;0;0;0;0,77
7327;UM        ;SONDA GASTRICA LEVINE LONGA N.12                                                          ;0;0;0;0,81
7328;UM        ;COBRE CORPO TAM.1.00X2,10                                                                 ;0;0;0;38
7329;UM        ;SONDA ENDOTRAQUEAL N.6,0 ARAMADA C/ CUFF                                                  ;170;3801,2;22,36;22,36
7330;UM        ;SONDA P/ASPIRACAO TRAQUEAL C/ VALVULA N.10                                                ;0;0;0;0,66
7331;UM        ;CURATIVO DE ALGINATO (COM CALCIO) 15X15CM.                                                ;0;0;0;36,5
7332;UM        ;DRENO CIRURGICO 10X500 MM                                                                 ;0;0;0;0
7333;UM        ;AGULHA P/ESCLEROSE 23G 0.6MM X 4MM 2.8MM                                                  ;50;5000;100;100
7334;GL.       ;HIPOCLORITO DE SODIO 10 A 12% 5000ML                                                      ;14;599,9;42,85;42,85
7335;UM        ;MANTA DE AQUECIMENTO PEDITRICO 153X92CM OU 143X102CM PARA O CORPO TODO                    ;26;5459,48;209,98;209,98
7336;UM        ;CURATIVO TRANSPARENTE DE POLIURETANO 6 X 7(PICC)                                          ;0;0;0;3,48
7337;UM        ;CATETER MIKAELSON (NEURO)                                                                 ;0;0;0;155,8
7338;PCT.      ;EXTENSOR DE PRESSAO 1600 PSI DE 120CM (NEURO)                                             ;0;0;0;70,98
7339;UM        ;MICROCATETER NEUROLOGICO (NEURO)                                                          ;0;0;0;4550
7343;UM        ;(ESPEC)MICROGUIAS NEUROLOGICAS 0,014 DE INTERCAMBIO                                       ;0;0;0;2268
7344;PCT.      ;KIT INSUFLADORES 20ATM                                                                    ;0;0;0;489,88
7345;PCT.      ;VALVULAS HEMOSTATICAS EM Y (NEURO)                                                        ;0;0;0;90,72
7346;UM        ;CATETER BALAO DE 6X30, 5X20MM (NEURO)                                                     ;0;0;0;1973
7347;UM        ;STENT CAROTIDEO AUTOEXPANSIVEL EM NITINOL (NEURO)                                         ;0;0;0;7980
7348;PCT.      ;FILTRO DE PROTECAO CEREBRAL COM MICROGUIA INDEPENDENTE (NEURO)                            ;0;0;0;7644
7349;PCT.      ;MOLA DE EMBOLIZACAO CEREBRAL DESCARTAVEIS (NEURO)                                         ;0;0;0;6370
7350;PCT.      ;MICROCATETER CEREBRAL LUXO DEPENDENTE COM PONTA DESC. (NEURO)                             ;0;0;0;5460
7351;PCT.      ;FRASCO DE EMBOESFERAS 300-500 (NEURO)                                                     ;0;0;0;3465
7352;PCT.      ;(ESPEC)CATETER BALAO P/ ANGIOPLASTIA CRANIANA                                             ;0;0;0;4860
7353;UM        ;CANULA P/BIOPSIA E ASPIRACAO DE MEDULA OSSEA 16G X 07CM VERDE.                            ;0;0;0;100
7354;UM        ;CATETER CENTRAL DE INSERCAO PERIFERICA (PICC) 4F 16G 60CM                                 ;0;0;0;411,25
7355;UM        ;(COLOS)BOLSA PARA ESTOMIA INTESTINAL REF 12680 SISTEMA DE 01PECA, PLASTICO ANTIODOR, DRENA;30;1064,7;35,49;35,49
7356;UM        ;FIO POLIPROPILENO N.3-0 AG.2,6CM 1/2 CIRC.COMP.90CM,C/2AG(CARDIOVASCULAR)                 ;144;1458,72;10,13;10,13
7357;UM        ;FIO POLIPROPILENO N.6-0 AG.1,3CM 3/8 CIRC.COMP.75CM,C/2AG(CARDIOVASCULAR)                 ;5460;46956;8,6;8,6
7358;UM        ;FIO POLIESTER TRANCADO N.5 - VERDE C/COBERTURA POLIBUTILATO (EXTRA SUS)                   ;0;0;0;15,3
7359;PC.       ;MEIA MEDICINAL DE COMPRESSAO TAM.P CURTO BEGE ABERTA 7/8 20-30MMHG                        ;0;0;0;91
7360;PC.       ;MEIA MEDICINAL DE COMPRESSAO TAM.P LONGO BEGE ABERTA 7/8 20-30MMHG                        ;0;0;0;91
7361;PC.       ;(ECOES)MEIA MEDICINAL DE COMPRESSAO CURTA M 20-30MMH 7/8                                  ;0;0;0;91
7362;UM        ;(ESPEC)MEIA MEDICINAL DE COMPRESSAO LONGA M 20-30MMHG 7/8                                 ;5;623,95;124,79;124,79
7363;PAR       ;(ESPEC.)MEIA MEDICINAL DE COMPRESSAO LONGA G 20-30MMH 7/8                                 ;10;993,2;99,32;99,32
7364;PC.       ;MEIA MEDICINAL DE COMPRESSAO CURTA G 20-30MMH 7/8                                         ;0;0;0;91
7365;UM        ;(ESPEC)MEIA MEDICINAL DE COMPRESSAO LONGA GG 20-30MMHG 7/8                                ;10;1180;118;118
7366;PC.       ;(ECOES)MEIA MEDICINAL DE COMPRESSAO CURTA GG 20-30MMH 7/8                                 ;0;0;0;91
7367;ENV.      ;FIO POLIDIOXANONA(PDS)N.5-0 AG.1,7CM 1/2 CIRCULAR,COMP.75CM.2AG.                          ;936;32418,75002;34,635416;52,24
7368;ENV.      ;FIO POLIGLECAPRONE N.5-0 AG.1,9CM 3/8 TRIANGULAR ESTRIADA,45CM.                           ;348;6605,04;18,98;18,98
7369;ENV.      ;FIO POLIGLECAPRONE N.5-0 AG.1,7CM 1/2 CILINTRICA ESTRIADA,70CM.                           ;432;8419,68;19,49;19,49
7370;ENV.      ;FIO POLIGLACTINA(VYCRIL)N.4-0 AG.1,9CM 3/8 TRIANGULAR COMP.45CM                           ;2496;32448;13;13
7371;ENV.      ;FIO POLIGLACTINA(VYCRIL)N.4-0 AG.1,6CM 1/2 TRIANGULAR.45CM                                ;1608;23249,04;14,458358;14,77
7372;ENV.      ;FIO POLIESTER(ETHIBOND)N.5-0 AG.4,8CM 1/2 TRIANG.ESTRIADA,COMP.75CM.                      ;0;0;0;34
7373;UM        ;(ESPEC.)BROCA P/CRANIOTOMO                                                                ;0;0;0;3467,99
7374;ENV.      ;(NEURO) CLIPES DE RANEY ENVELOPE C/10 UNIDADES                                            ;0;0;0;70
7375;UM        ;(ESPEC.)BROCA DRILL CURTA 1,3M                                                            ;0;0;0;1100
7376;UM        ;BROCA ADULTO TREPANACAO AUTOCLAVEL (NEURO)                                                ;0;0;0;811,15
7377;UM        ;BROCA INFANTIL TREPANACAO AUTOCLAVEL (NEURO)                                              ;0;0;0;1199
7378;UM        ;(NEURO)SONDA DE MONITORAMENTO DE PRESSAO INTRACRANIANA INTRAPARENQUIMATOSA PARA FIXACAO DE;0;0;0;2083,33
7379;UM        ;(NEURO)CATETER DE MONITORACAO DA PIC VENTRICULAR                                          ;0;0;0;4375
7380;UM        ;BROCA REDONDA CORTANTE MEDIA 1.0MM  (NEURO)                                               ;0;0;0;9,78
7381;UM        ;BROCA REDONDA CORTANTE MEDIA 2.0MM  (NEURO)                                               ;0;0;0;1050
7382;UM        ;BROCA REDONDA CORTANTE MEDIA 3.0MM  (NEURO)                                               ;0;0;0;3467,99
7383;UM        ;BROCA REDONDA CORTANTE MEDIA 4.0MM  (NEURO)                                               ;0;0;0;1050
7384;UM        ;BROCA REDONDA CORTANTE MEDIA 5.0MM  (NEURO)                                               ;0;0;0;3467,99
7385;UM        ;BROCA REDONDA CORTANTE MEDIA 6.0MM  (NEURO)                                               ;0;0;0;1050
7386;UM        ;BROCA REDONDA CORTANTE LONGA 2.0MM  (NEURO)                                               ;0;0;0;1250
7387;UM        ;BROCA REDONDA CORTANTE LONGA 5.0MM  (NEURO)                                               ;0;0;0;1150
7388;UM        ;BROCA REDONDA CORTANTE LONGA 6.0MM  (NEURO)                                               ;0;0;0;1250
7389;UM        ;BROCA REDONDA CORTANTE LONGA 1.0MM  (NEURO)                                               ;0;0;0;1050
7390;UM        ;BROCA REDONDA CORTANTE LONGA 3.0MM  (NEURO)                                               ;0;0;0;1250
7391;UM        ;BROCA REDONDA CORTANTE LONGA 4.0MM  (NEURO)                                               ;0;0;0;1250
7392;UM        ;BROCA REDONDA DIAMANTADA MEDIA 1.0MM  (NEURO)                                             ;0;0;0;3467,99
7393;UM        ;BROCA REDONDA DIAMANTADA MEDIA 2.0MM  (NEURO)                                             ;0;0;0;3467,99
7394;UM        ;BROCA REDONDA DIAMANTADA MEDIA 3.0MM  (NEURO)                                             ;0;0;0;3467,99
7395;UM        ;BROCA REDONDA DIAMANTADA MEDIA 4.0MM  (NEURO)                                             ;0;0;0;3467,99
7396;UM        ;BROCA REDONDA DIAMANTADA MEDIA 5.0MM  (NEURO)                                             ;0;0;0;3467,99
7397;UM        ;BROCA REDONDA DIAMANTADA LONGA 1.0MM  (NEURO)                                             ;0;0;0;1600
7398;UM        ;BROCA REDONDA DIAMANTADA LONGA 2.0MM  (NEURO)                                             ;0;0;0;1600
7399;UM        ;BROCA REDONDA DIAMANTADA LONGA 3.0MM  (NEURO)                                             ;0;0;0;1600
7400;UM        ;BROCA REDONDA DIAMANTADA LONGA 4.0MM  (NEURO)                                             ;0;0;0;1600
7401;UM        ;BROCA REDONDA DIAMANTADA LONGA 5.0MM  (NEURO)                                             ;0;0;0;1600
7402;UM        ;BROCA REDONDA DIAMANTADA CURTA 1.0MM  (NEURO)                                             ;0;0;0;558
7403;UM        ;BROCA REDONDA DIAMANTADA CURTA 2.0MM  (NEURO)                                             ;0;0;0;1600
7404;UM        ;BROCA REDONDA DIAMANTADA CURTA 3.0MM  (NEURO)                                             ;0;0;0;1600
7405;UM        ;BROCA REDONDA DIAMANTADA CURTA 4.0MM  (NEURO)                                             ;0;0;0;558
7406;UM        ;BROCA REDONDA DIAMANTADA CURTA 5.0MM  (NEURO)                                             ;0;0;0;1600
7407;UM        ;(ESPEC.)BROCA CABECA DE FOSFORO CURTA/MEDIA/LONGA 1.7MM 3,0MM                             ;0;0;0;1350
7408;UM        ;BROCA CABECA DE FOSFORO CURTA 3.0MM  (NEURO)                                              ;0;0;0;1350
7409;UM        ;BROCA CABECA DE FOSFORO MEDIA 1.7MM  (NEURO)                                              ;0;0;0;1350
7410;UM        ;BROCA CABECA DE FOSFORO MEDIA 3.0MM  (NEURO)                                              ;0;0;0;1350
7411;UM        ;BROCA CABECA DE FOSFORO LONGA 1.7MM  (NEURO)                                              ;0;0;0;1350
7412;UM        ;BROCA CABECA DE FOSFORO LONGA 3.0MM  (NEURO)                                              ;0;0;0;1350
7413;UM        ;BROCA CABECA DE FOSFORO DIAMANTADA CURTA 1.8MM  (NEURO)                                   ;0;0;0;1600
7414;UM        ;BROCA REDONDA CORTANTE CURTA 1.0MM  (NEURO)                                               ;0;0;0;700
7415;UM        ;BROCA REDONDA CORTANTE CURTA 2.0MM  (NEURO)                                               ;0;0;0;700
7416;UM        ;BROCA REDONDA CORTANTE CURTA 3.0MM  (NEURO)                                               ;0;0;0;700
7417;UM        ;BROCA REDONDA CORTANTE CURTA 4.0MM  (NEURO)                                               ;0;0;0;700
7418;UM        ;BROCA REDONDA CORTANTE CURTA 5.0MM  (NEURO)                                               ;0;0;0;700
7419;UM        ;BROCA REDONDA CORTANTE CURTA 6.0MM  (NEURO)                                               ;0;0;0;850
7420;UM        ;AVENTAL DESC.BRANCO TAM.P 50G                                                             ;0;0;0;8,91
7421;UM        ;USAR CODIGO 10486 - AVENTAL 50G VERDE/AZUL TAMANHO M                                      ;0;0;0;4,14
7422;UM        ;USAR CODIGO 10416 - AVENTAL 50G TAMANHO G                                                 ;0;0;0;10,6
7423;UM        ;EQUIPO P/BOMBA DE INFUSAO P/DIETA ENTERAL (DIETA ENTERAL) SISTEMA FECHADO                 ;0;0;0;27
7424;KIT       ;(NEFRO)KIT CDL 12,5FR X 28CM TIPO PERMICATH LONGA PERMANENCIA                             ;0;0;0;1099,99
7425;PCT.      ;FILTRO C/ BARREIRA C/ TUBO EXTENSOR CORRUGADO                                             ;0;0;0;7,03
7426;PCT.      ;PLACA 1/3 DE CIRCULO 4,5MM (03.084-8)                                                     ;0;0;0;157,71
7427;PCT.      ;PLACA EM L DIREITA/ESQUERDA                                                               ;0;0;0;210,76
7428;KIT       ;(ESPEC.)KIT COMPLETO P/CIRURGIA BARIATRICA(GASTROPLASTIA)POR VIDEOLAPAROSCOPIA            ;0;0;0;9440
7429;UM        ;FIO POLIESTER(ETHIBOND)N.2-0 AG.2,2CM 1/2 75CM(BARIATRIACA) VERDE TRACADO CARDIOVASCULAR  ;0;0;0;16,04
7430;UM        ;FIO POLIDIOXANONA N.3-0 AG.2,6CM 1/2 CILIN.70CM.(BARIATRICA)                              ;0;0;0;20,03
7431;UM        ;CURATIVO HIDROGEL 85G (GEL PURILON)                                                       ;0;0;0;17,99
7432;UM        ;AGULHA DE BIOPSIA 16G X 12CM - TECIDO MOLE COM PISTOLA/DISPARADOR EM COMODATO.            ;0;0;0;51
7433;UM        ;AGULHA DE BIOPSIA 16G X 08CM - TECIDO MOLE COM PISTOLA/DISPARADOR EM COMODATO.            ;0;0;0;43
7434;UM        ;AGULHA DE HUBBER 20G X 15MM                                                               ;0;0;0;12,5
7435;UM        ;AGULHA DESC.P/ANESTESIA RAQUIDIANA 18G X 3 1/2                                            ;0;0;0;9,39
7436;UM        ;PACOTE TESTE BOWIE E DICK/INDICADOR QUIMICO CLASSE 2,P/AUTOCLAVE.                         ;40;232,9;5,8225;8,5
7437;UM        ;COLETOR MASCULINO EM LATEX C/2 PECAS                                                      ;0;0;0;37,01
7438;UM        ;EQUIPO PARA DIETA ENTERAL FRESENIUS (DIETA ENTERAL)SISTEMA ABERTO(GRAVITACIONAL)          ;0;0;0;7,69
7439;UM        ;CATETER GUIA 6FR CAPACIDADE ENDOCRANIAL (NEURO)                                           ;0;0;0;4500
7440;UM        ;(NEURO)BAINHAS LONGAS DE 90CM 6FR                                                         ;0;0;0;2100
7441;UM        ;GUIAS DE INTERCAMBIO TEFLONADAS 260CM 0035 (NEURO)                                        ;0;0;0;309,68
7442;UM        ;GUIAS DE INTERCAMBIO HIDROFILICAS 260CM 0035 (NEURO)                                      ;0;0;0;660
7443;UM        ;GUIAS DE INTERCAMBIO SUPERSTIFF 260CM 0035 (NEURO)                                        ;0;0;0;1011,66
7444;UM        ;(ESPEC)CATETER VERTEBRAL 5F                                                               ;240;32998,5;137,49375;150
7445;UM        ;CATETER PIG TAIL 5F (NEURO)                                                               ;0;0;0;155,8
7446;UM        ;INTRODUTOR FEMORAL 4,5,6 E 8F (NEURO)                                                     ;100;5000;50;50
7447;UM        ;CATETER SIMMONS 5F CURVA I (NEURO)                                                        ;0;0;0;155,8
7448;UM        ;CATETER SIMMONS 5F CURVA II  (NEURO)                                                      ;0;0;0;136,66
7449;UM        ;CATETER SIMMONS 5F CURVA III (NEURO)                                                      ;0;0;0;155,8
7450;UM        ;CATETER HEAD HUNTER 5F (NEURO)                                                            ;0;0;0;133,33
7451;KIT       ;SONDA PARA GASTROSTOMIA 16-4.0 (MIC-KEY)                                                  ;0;0;0;3833,33
7452;KIT       ;SONDA PARA GASTROSTOMIA 20-4.0 (MIC-KEY)                                                  ;0;0;0;4000
7453;UM        ;CATETER PERITONEAL 12FR 02 CUFFS 37CM                                                     ;10;2000;200;200
7454;UM        ;COLETOR DE URINA EM SISTEMA FECHADO NEONATAL USO UNICO                                    ;0;0;0;35,02
7455;UM        ;SONDA ENDOTRAQUEAL N.7,0 ARAMADA C/ CUFF                                                  ;300;4514,4;15,048;21,6
7456;UM        ;SONDA ENDOTRAQUEAL N.8,0 ARAMADA C/ CUFF                                                  ;1500;33321,2;22,214133;22,54
7457;UM        ;SONDA ENDOTRAQUEAL N.8,5 ARAMADA C/ CUFF                                                  ;1310;28383;21,666412;21,89
7458;UM        ;DISPOSITIVO P/ HERNIA INGUINAL 4,1CM X 4,8CM - TELA 7,5CM                                 ;99;50765,22;512,78;512,78
7459;UM        ;DISPOSITIVO P/ HERNIA INGUINAL  4,5CM X 10CM - TELA 10 CM                                 ;109;40055,7;367,483486;307,67
7460;UM        ;DISPOSITIVO P/ HERNIA UMBILICAL 6,4CM                                                     ;55;80349;1460,890909;1465,2
7461;UM        ;PONTEIRAS PARA CRIOTERAPIA COMPATIVEL (OFTALMOLOGIA)                                      ;0;0;0;7250
7462;UM        ;CATETER VENOSO TIPO ABOCATH 18 (OFTALMO)                                                  ;0;0;0;25,5
7463;UM        ;FIO DE SILICONE RIGIDO PARA CORRECAO DE PTOSE PALPEBRAL(OFTAMOLOGIA)                      ;0;0;0;4950
7464;UM        ;CATETER INTRAVENOSO CENTRAL 25G X 08 0,7MM X 20,3CM                                       ;0;0;0;35
7465;UM        ;PARAFUSO DE BLOQUEIO PBA 3,5                                                              ;0;0;0;293,58
7466;UM        ;PARAFUSO DE BLOQUEIO PSB 3,5                                                              ;0;0;0;293,58
7467;UM        ;PLACA PBA-S T 3.5MM DIREITA 3F                                                            ;0;0;0;5687
7468;UM        ;PLACA PBA-S T 3.5MM DIREITA 4F                                                            ;0;0;0;5687
7469;UM        ;PLACA PBA-S T 3.5MM ESQUERDA 3F                                                           ;0;0;0;5687
7470;UM        ;PLACA PBA-S T 3.5MM ESQUERDA 4F                                                           ;0;0;0;5687
7471;UM        ;PLACA PBA-S UMERUS                                                                        ;0;0;0;6847
7472;UM        ;PLACA PBA-S DISTAL DE TIBIA DIREITA                                                       ;0;0;0;10607
7473;UM        ;PLACA RETA PBS-S 3,5 MM                                                                   ;0;0;0;7375
7474;UM        ;AGULHA DE BIOPSIA 16G X 50MM                                                              ;0;0;0;0
7475;PC.       ;PLACA CONDILEA 4,5MM INCLUI PARAFUSO ( 03.088-0 )                                         ;0;0;0;470,48
7476;UM        ;AGULHA PARA ANESTESIA RAQUIDIANA 22XG3,5                                                  ;0;0;0;3,29
7477;UM        ;(LAB.PAT)SWAB PARA TRANSPORTE MEIO CARY BLAIR                                             ;0;0;0;1,87
7478;CX.       ;(MICROB)SWAB PLASTICO ALGODAO                                                             ;0;0;0;175
7479;FR.       ;(MICROB)CALDO TRIPTONA SOJA (TSB)                                                         ;0;0;0;132,91
7480;UM        ;CATETER OCULLOS INFANTIL                                                                  ;0;0;0;1,54
7481;UM        ;(MICROBIOLOGIA)ALCA DE INOCULACAO 1UL                                                     ;0;0;0;0,11
7482;PCT.      ;(MICROB)SWAB PLASTICO EST.PCT C/100                                                       ;0;0;0;11
7483;UM        ;(MICROB)LAMINAS UND ADLIN                                                                 ;0;0;0;0,22
7484;UM        ;(MICROB)PLACAS RODAC ESTERIL                                                              ;0;0;0;6
7485;CRT       ;(C.G)CLIPS DE LIGACAO TITANIUM MEDIUM/LARGE - VERDE                                       ;285;71962,5;252,5;252,5
7486;UM        ;FILME RADIOLOGICO 35,6X43,2 CAIXA COM 100 - DIGITAL                                       ;0;0;0;5,69
7487;FR.       ;(MICROB)CEFOXITIN C/50 DISCOS                                                             ;0;0;0;13,83
7488;UM        ;MASCARA REDONDA N.0                                                                       ;0;0;0;13
7489;UM        ;PRONGA DE SILICONE P/ CIRCUITO CPC NASAL INFANTIL N 4                                     ;0;0;0;8
7490;UM        ;CANULA NASAL N.0 C/2 CAVIDADES - PRONGA                                                   ;216;1728;8;8
7491;UM        ;PRONGA DE SILICONE P/ CIRCUITO CPC NASAL INFANTIL N 2                                     ;0;0;0;8,6
7492;UM        ;TALA METALICA PARA IMOBILIZACAO DE MEMBROS 12X180MM                                       ;0;0;0;0,57
7493;UM        ;TUBO PARA COLETA DE SANGUE- GARROTE.                                                      ;18;191,16;10,62;10,62
7494;UM        ;TUBO CONICO PARA URINA TIPO L 16X100MM                                                    ;0;0;0;0,44
7495;UM        ;CINTA ELASTICA TAM.P FAIXA ABDOMINAL.                                                     ;397;25474,04192;64,166352;139,09
7496;UM        ;CINTA ELASTICA TAM.M FAIXA ABDOMINAL.                                                     ;46;3445,6;74,904347;88,2
7497;UM        ;CINTA ELASTICA TAM.G FAIXA ABDOMINAL.                                                     ;2;278,18;139,09;139,09
7498;UM        ;CINTA ELASTICA TAM.GG FAIXA ABDOMINAL.                                                    ;113;14735,2;130,4;130,4
7499;UM        ;SONDA DE ASPIRACAO ENDOTRAQUEAL C/ VALVULA 6FR 40CM                                       ;0;0;0;2,07
7500;UMA       ;SONDA P/ASPIRACAO TRAQUEAL DESCARTAVEL N.02                                               ;0;0;0;2,46
7501;KIT       ;KIT CANULA NASAL N.00 CIRCUITO NASAL INFANTIL-CPAP.                                       ;161;9084,027169;56,422529;56
7502;PCT.      ;DESTACADOR DE MICROMOLAS V GRIP (NEURO)                                                   ;0;0;0;0
7503;UM        ;AGULHA DESC.P/ANESTESIA RAQUIDIANA 20G X 3 1/2                                            ;1625;7796;4,797538;4,9
7504;UM        ;LAMINA DE BISTURI N.21 COM CABO DE SEGURANCA.                                             ;0;0;0;2,21
7505;UM        ;LAMINA DE BISTURI N.23 COM CABO DE SEGURANCA.                                             ;0;0;0;2,11
7506;UM        ;LAMINA DE BISTURI N.12 COM CABO DE SEGURANCA.                                             ;870;1992,3;2,29;2,29
7507;PCT.      ;(MICROBIOLOGIA)ALCA 10UL DESC. PCT COM 100UND                                             ;0;0;0;11
7508;UM        ;(MICROBIOLOGIA)AGAR SAL MANITOL.                                                          ;0;0;0;127
7509;CX.       ;ENTEROKIT B CX COM 16 CONJUNTOS                                                           ;0;0;0;190
7510;ENV.      ;FIO NYLON N.9-0 AG.05MM 3/8 CIRCULAR CILINDRICA,COMP.13CM.                                ;1220;40162,4;32,92;32,92
7511;ENV.      ;FIO NYLON N.10-0 AG.05MM 3/8 CIRCULAR CILINTRICA,COMP.13CM.                               ;1108;46178,4;41,677256;40,3
7512;UM        ;CATETER UMBILICAL 3,5FR                                                                   ;149;2498,29;16,767046;17,11
7513;UM        ;CATETER UMBILICAL 4,0FR                                                                   ;89;670,17;7,53;7,53
7514;UM        ;USAR CODIGO 10486 - AVENTAL 50G VERDE/AZUL TAMANHO M                                      ;0;0;0;0,000001
7515;UM        ;AVENTAL DESC.MANGA LONGA,EM TNT TAM.P                                                     ;0;0;0;1,31
7516;UM        ;EMBALAGEM P/ESTERELIZACAO EM SMS 121 X  91.(APROX.)LEVE                                   ;0;0;0;3,44
7517;UM        ;CANULA ARTERIAL ARRAMADA PONTA CURVA 45GRAUS N.24FR.                                      ;0;0;0;367,87
7518;UM        ;TUBO EXTENSOR RADIAL. (CARDIO)                                                            ;0;0;0;15,76
7519;UM        ;PELICULA ADESIVA 55X45 (CARDIO)                                                           ;0;0;0;221,38
7520;L.        ;HIPOCLORITO DE SODIO 10 A 12% 1000ML                                                      ;0;0;0;12,3
7521;UM        ;PLACA DE SUSTENTACAO BLOQUEADA TIBIAL (TACO DE GOLFE - T/L) (EXTRA SUS)                   ;0;0;0;2619,04
7523;UM        ;PLACA BLOQUEADA DE TITANEO                                                                ;0;0;0;5687
7524;UM        ;PLACA 1/3 DE CIRCULO 3,5MM                                                                ;0;0;0;55,2
7525;UM        ;PLACA PARA RECONSTRUCAO OSSEA                                                             ;0;0;0;116,93
7526;UM        ;PLACA 1/3 TUBO 12F                                                                        ;0;0;0;6765
7527;UM        ;MACRO PLACA ANGULADA MANDIBULAR 5X19X5F(DUPLA)(05.047-4)                                  ;0;0;0;1150,04
7528;UM        ;PARAFUSO DE BLOQUEIO PBA 2,5                                                              ;0;0;0;293,58
7529;UM        ;PARAFUSO DE BLOQUEIO PBA 2,7                                                              ;0;0;0;293,58
7530;UM        ;SONDA ENDOTRAQUEAL N.2,5 ARAMADA C/ CUFF                                                  ;60;1191;19,85;19,85
7531;UM        ;SONDA ENDOTRAQUEAL N.5,5 ARAMADA C/ CUFF                                                  ;235;5245,2;22,32;22,32
7532;UM        ;USAR CODIGO 10416 - AVENTAL 50G TAMANHO G                                                 ;0;0;0;1,3
7533;UM        ;SONDA ENDOTRAQUEAL N.10,0 ARAMADA C/CUFF                                                  ;10;198,5;19,85;19,85
7534;UM        ;(ESPECIF) BOCAL DESC.P/ESPIROMETRIA ADULTO 28MM TUBO                                      ;0;0;0;1,26
7535;UMA       ;MEMBRANA EM TECIDO FILTRANTE FILTRO BACTERICIDA                                           ;2606;124316,18;47,703829;391,53
7536;ENV.      ;FIO NYLON N.11-0 AG.04MM 3/8 CIRCULAR CILINTRICA,COMP.13CM.                               ;0;0;0;113,53
7537;PC.       ;PLACA BLOQUEADA PILAO TIBIAL TITANIO                                                      ;0;0;0;10607
7538;UM        ;HASTE INTRAMEDULAR NAO BLOQUEADA.                                                         ;0;0;0;101,86
7539;UM        ;PARAFUSO METALICO DE INTERFERENCIA ( 03.075-9 )                                           ;0;0;0;77,19
7540;UM        ;PARAFUSO INTERFERENCIA DE TITANEO ( 03.071-6 )                                            ;0;0;0;243,15
7541;ENV.      ;FIO POLIPROPILENO N.3-0 AG.2,5CM 1/2 CILIN.ESTRI.75CM.                                    ;0;0;0;3,2
7542;UM        ;CATETER CENTRAL DE INSERCAO PERIFERICA (PICC) 3F 17G 30CM                                 ;0;0;0;411,25
7543;UM        ;BICO MAM.ORTODONTICO 0 A 6 MESES LIQ.GROSSO.                                              ;0;0;0;411,25
7544;UM        ;CATETER CENTRAL DE INSERCAO PERIFERICA DUPLO 2F 24G 30CM PICC                             ;0;0;0;376,18
7545;UM        ;ACIDO PERACETICO 1,5 KG EM PO                                                             ;0;0;0;454,49
7546;GL.       ;PROXITANE ACIDO PERACETICO 5% (NEFRO)                                                     ;0;0;0;86,49
7547;UM        ;PARFUSO CANULADO MINI ( 03.065-1 )                                                        ;0;0;0;195,28
7548;PC.       ;PARAFUSO CERVICAL TI 3,5MM                                                                ;0;0;0;687,5
7549;UM        ;PLACA ANGULADA INFANTIL 4X50 90∞                                                          ;0;0;0;779,16
7550;PC.       ;ARRUELA LISA 4,55MM                                                                       ;0;0;0;4,67
7551;PC.       ;PLACA DCS 95 4,5MM PLACA C/PARAFUSO DESLIZANTE 95 GRAUS ( 03.082-1 )                      ;421;140614;334;334
7552;UM        ;BOLSA COLETORA P/OSTOMIA URINARIA 2 PECAS ADULTO(1758)                                    ;0;0;0;9,97
7553;UM        ;(COLOS)BOLSA NEONATAL(REF.14682) TRANSPARENTE FUNCAO INTESTINAL OU URINARIA C/BERREIRA DE ;0;0;0;23,93
7554;UM        ;CONJUNTO ESTOMIA DRENAVEL 02 P RECORT.FECHAM.VELCRO(14379)                                ;0;0;0;29,23
7555;UM        ;DRENO DE KERR EM T N.10                                                                   ;0;0;0;22,74
7556;UM        ;GARROTE S/LATEX N TALCADO 25CMX36CM                                                       ;0;0;0;21,3
7557;UM        ;(NEURO)MATRIZ HEMOSTATICA (SURGIFLOR)                                                     ;0;0;0;581,94
7558;UM        ;COLETOR UNIVERSAL 80 ML PLASTICO DESCARTAVEL S/PA                                         ;0;0;0;0,69
7559;UM        ;COLETOR UNIVERSAL 50 ML PLASTICO DESCARTAVEL S/PA                                         ;0;0;0;0,32
7560;UM        ;CATETER URETRAL DUPLO J 6FR X 28CM (KIT)PIG TAIL                                          ;75;6750;90;90
7561;UM        ;CATETER URETRAL DUPLO J 4.5FR X 28CM (KIT)PIG TAIL                                        ;0;0;0;62,5
7562;UM        ;CATETER URETRAL DUPLO J 5FR X 28CM (KIT)PIG TAIL                                          ;0;0;0;73,7
7563;UM        ;CANULA DE TRAQUEOSTOMIA N.6.5 SEM BALAO                                                   ;20;333,2;16,66;16,66
7564;UM        ;CATETER DE TITANIO 5.0FR(ACESSO VASCULAR)KIT                                              ;45;29964,5;665,877777;651,78
7565;UM        ;DRENO DE KERR EM T N.18                                                                   ;0;0;0;15,76
7566;UM        ;DRENO DE KERR EM T N.12                                                                   ;0;0;0;15,37
7567;PCT.      ;TUBO DE LATEX N.202 PACOTE COM 15 METROS                                                  ;0;0;0;53,46
7568;UM        ;MASCARA MICRONEBULIZADORA INFANTIL                                                        ;0;0;0;9,09
7569;UM        ;MASCARA DILUIDORA DE AR( SELEC A VENT )PEDIATRICO.                                        ;0;0;0;0
7570;UM        ;KIT DRENO MEDIASTIONAL C/BALAO N40(CARDIO)                                                ;0;0;0;35,15
7571;UM        ;PARAFUSO CORTICAL CERVICAL 3,5MM DE FIXACAO OCCIPITAL P/ASSOC.C/ HASTES OCCIPITAL-CERVICAL;0;0;0;154,68
7572;UM        ;TRAVA (BLOQUEADORES) PARA FIXACAO DAS BARRAS LATERAIS AOS   PARAFUSOS (03.005-8)          ;0;0;0;86,8
7573;UM        ;CONECTOR BARRA JUNCAO CERVICO TORACICA (05.078-4)                                         ;0;0;0;55,2
7574;UM        ;PARAFUSO PEDICULAR SEM CABECA DIAPASAO EM TITANIO COM ROSCA  C/PERFIL COMICO              ;0;0;0;347,88
7575;UM        ;PARAFUSO PEDICULAR POLIAXIAL EM TITANEO C/ROSCA C/PERFIL COMICO.                          ;0;0;0;348,7
7576;UM        ;PARAFUSO PEDICULAR SEM CABECA DIAPASAO EM TITANEO...II                                    ;0;0;0;367,16
7577;UM        ;BARRA LATERAL COMPATIVEL C/A CONECAO AO PARAFUSO PEDICULAR NO MAIOR COMPRIMENTO DISPONIVEL;0;0;0;382,92
7578;UM        ;ARRUELA(BLOQUEADA)P/FIXACAO DE BARRA LATERAIS A PARAF. AUTOCLAVES.                        ;0;0;0;78,04
7579;UM        ;SISTEMA PARA FIXACAO TRANSVERSAO DE TITANIO ( 05.052-0 )                                  ;0;0;0;223,6
7580;UM        ;PLACA CERVICAL EM TITANEO DE BAIXO PERFIL,C/SIST.DE BLOQUEIO DE PARAFUSO FIXO NA PLACA,TAM;0;0;0;2175,32
7581;UM        ;PARAFUSO MONOCORTICAIS AUTO ROSQUEAVEL P/AS PLACAS CERVICAISCOMPATIVEL C/COMP.12,14,16,18 ;0;0;0;154,68
7582;UM        ;PARAFUSO DE RESGATE,BICORTICIS,AUTO ROSQUEAVEL P/AS PLACAS   CERVICAIS C/SISTEMAS DE BLOQU;0;0;0;154,67
7583;UM        ;PARAFUSO PEDICULR POLIAXIAL EM TITANEO C/ROSCA C/PERFIL C/ PERFIL CONICO                  ;0;0;0;361,01
7584;UM        ;PARAFUSO PEDICULR POLIAXIAL EM TITAN, C/ROS.C/PERF...II                                   ;0;0;0;377,42
7585;UM        ;BARRAS LATERAIS 5,2 COMPATIVEL C/ A CONEXAO A PARAF.PEDICULARES POLIAXIAIS,MIOR COMPRIMENT;0;0;0;424,45
7586;UM        ;PARAFUSO PEDICULAR MONOAXIAIS EM TITANEO C/ROSCA C/PERFIL CONICO.                         ;0;0;0;365,11
7587;UM        ;CAGE(GAIOLA)EM MALHA DE TITANEO C/DIFERENTESDIAMETROS,RECORTAVEL P/ DIFERENTES TAMANHOS.  ;0;0;0;1207,15
7588;UM        ;CAGE DE FUSAO CERVICAL,INTERSOMATICO(DISCO VERTEBRAL)EM PEEK,RADIOTRANSPARENTE E C/MARCADO;0;0;0;1085,08
7589;UM        ;CAGES EM PEEK,TIPO BANANA P/INSTALACAO INTERSONATICA,VIA TRANSFORAMINAL.(TLIF)C/CORDAO DE ;0;0;0;1085,08
7590;UM        ;CAGE INTERSOMATICA LATERAL EM PEEK,RADIOTRANSPARENE E COM MARCADORES DE POSICIONAMENTO RAD;0;0;0;1180,02
7591;UM        ;PARAFUSO PEDIACULAR POLIAXIAIS EM TITANEO ASSOCIAVEL A HASTE P/ ARTRODESE CEEVIO-TORACICA ;0;0;0;365,11
7592;UM        ;HASTE P/ASSOCIACAO C/PARAFUSO PEDICULAR DE TITANEO AUTOCLAVAVEL.                          ;0;0;0;410,61
7593;UM        ;PARAFUSO DE TITANIO ASSOCIAVEL A PLACA CERVICAL ( 05.040-7 )                              ;0;0;0;175,76
7594;UM        ;PARAFUSO MONOAXIAL ASSOCIADO A PLACA TORACO-LOMBAR-LOMBO-SACRA PEDICULAR DE 3,0 A 7,5MM DE;0;0;0;385,62
7595;UM        ;PLACA TORACO LOMBO SACRA ASSOCIADA A PARAFUSO INTERSOMATICO DE TITANIO ( 03.110-0 )       ;0;0;0;2415,82
7596;UM        ;PARAFUSO ASSOCIAVEL A PLACA TORACO LOMBO SACRA DE TITANEO(05.041-5)/ ARTRODESE TORACICO-LO;0;0;0;131,86
7597;UM        ;CAGE DE MALHA EM TITANEO P/ORPECTOMIA TORACO-LOMBAR VIA ANTERIOR E ANTEROLATERAL DE TAM.VA;0;0;0;1186,8
7598;UM        ;PLACA DCP 4,5MM LARGA  - 22 FUROS (03.091-0)                                              ;0;0;0;236,9
7599;UM        ;KIT P/VERTEROPLASTIA COMPOSTO 1CANULA,1INSTRUMENTO DE INJECAO DE CIMENTO DE PERFURACAO,1 F;0;0;0;592,02
7600;UM        ;GRAMPEADOR CIRURGICO CIRCULAR 25MM PRE CARREGADO                                          ;32;21777;680,53125;600
7601;UM        ;GRAMPEADOR CIRURGICO CIRCULAR 23MM PRE CARREGADO                                          ;0;0;0;1657,91
7602;UM        ;PARAFUSO POLIAXIAL CORTICAL EM TITANEO 3,5 P/FIXACAO CERV.POSTERIOR COMPATIVEL C/SISTEMA D;0;0;0;340,49
7603;UM        ;CLIPS P/ ANEURISMA DE TITANIO CEREBRAL                                                    ;0;0;0;670
7604;UM        ;CLIPS P/ ANEURISMA DE TITANIO 5MM                                                         ;0;0;0;670
7605;UM        ;CLIPS P/ ANEURISMA DE TITANIO 7MM                                                         ;0;0;0;670
7606;UM        ;CLIPS P/ ANEURISMA DE TITANIO 9MM                                                         ;0;0;0;670
7607;UM        ;BARRAS LATERAIS EM TITANEO DE 3,5MM COMP/C/OS PARAFUSOS POLIAXIAIS DE 3,5MM E C/OS PARAFUS;0;0;0;403,69
7608;UM        ;PLACA OCCIPTO-CERVICAL ( 03.103-8 )                                                       ;0;0;0;403,69
7609;UM        ;CONECTORES TRANSVERSAIS 3,5MM(CROSS LINKS)C/RESPQUITIVOS ELEMEMTOS TENSIONADORES,PARAFUSOS;0;0;0;960,03
7610;UM        ;CONECTORES TRANSVERSAIS 3,5MM(CROSS LINKS)C/RESPQUITIVOS ELEMENTOS TENSIONADORES AUTOCLAVA;0;0;0;687,5
7611;UM        ;HASTE FEMORAL LONGA C/BLOQUEIO CEFALICO(PARAFUSOS)                                        ;0;0;0;939,69
7612;UM        ;PARAFUSO PEDICULARES MONOAXIAIS EM TITANEO C/ROSCA C/PERFIL CONICO ( 05.037-7 )           ;0;0;0;389,72
7613;UM        ;PARAFUSO PEDICULAR POLIAXIAL EM TITANEO ASSOCIAVEL A HASTE OU PLACA PARA ARTRODESE        ;0;0;0;832,08
7614;UM        ;PARAFUSO PEDICULAR POLIAXIAL EM TITANEO ASSOCIAVEL A HASTE OU PLACA P/ARTRODESE           ;0;0;0;348,7
7615;UM        ;COMPONENTE UMERAL CIMENTADO/FIXACAO BIOLOGICA                                             ;0;0;0;707,55
7616;UM        ;PARAFUSO DE BLOQUEIO 4,5MM                                                                ;0;0;0;72,92
7617;UM        ;CAGE(GAIOLA)EM MALHA DE TITANEO COM DIFERENTE DIAMETRO RECORTAVEL P/ DIFERENTES TAM.      ;0;0;0;1085,08
7618;UM        ;PARAFUSO DE COMPRESSAO AVANCADA TIBIA                                                     ;0;0;0;0
7619;UM        ;BARRAS LATERAIS 5,2MM C/PATIVEIS C/A CONEX.AOS PARAF¬¥PEDICULARES MONOAXIAIS NO MAIOR COMP;0;0;0;405,99
7620;UM        ;DISPOSITIVO P/ INCONTINENCIA URINARIA N.07                                                ;900;1323;1,47;1,47
7621;UM        ;CAMPO CIRURGICO DESC.IODADO 60X60CM (NEURO)                                               ;0;0;0;4,95
7622;UM        ;CAMPO CIRURGICO DESC.IODADO 15X20CM (NEURO)                                               ;0;0;0;4,95
7623;UM        ;(ESPEC.)CAPA ESTERIL C/VISOR P/MICROSCOPIO CIRURGICO                                      ;16;507,2;31,7;31,7
7624;UM        ;(NEURO)CAMISA DESCARTAVEL PARA ENDOSCOPIA 150MM X 250CM                                   ;0;0;0;39
7625;UM        ;TUBO PARA GASTROSTOMIA 12-2.0(MIC-KEY)                                                    ;25;15150;606;606
7626;UM        ;CAMPO CIRURGICO 75X75CM (NEURO)                                                           ;0;0;0;0
7627;UM        ;ESFIGMOMANOMETRO SEMI -DIGITAL ADULTO                                                     ;0;0;0;105
7628;UM        ;KIT PARA DRENAGEM DE TORAX N.30 C/ FRASCO 1000ML                                          ;0;0;0;26,99
7629;UM        ;ARRUELA LISA 10MM                                                                         ;0;0;0;4,92
7630;UM        ;(ESPEC)SERINGA 200ML PARA BOMBA INJETORA DESCARTAVEL                                      ;0;0;0;48,88
7631;UM        ;AGULHA DE BIOPSIA P/ASPIRACAO 16G X 06CM                                                  ;0;0;0;0
7632;UM        ;AGULHA DE PUNCAO INTRA-OSSEA 15G X 3CM                                                    ;47;41830;890;890
7633;UM        ;AGULHA DE HUBBER 22G X 20MM                                                               ;0;0;0;12,5
7634;UM        ;AGULHA DE HUBBER 22G X 25MM                                                               ;0;0;0;14
7635;UM        ;ELETRODO DESC.P/MONITORACAO CARDIACA C/PRE GEL E ESPUMA.                                  ;0;0;0;0,15
7636;UM        ;CATETER CENTRAL DE INSERCAO PERIFERICA (PICC) 2F 24G 30CM                                 ;0;0;0;345
7638;UM        ;SONDA DE SILICONE N24 3 VIAS.                                                             ;0;0;0;0
7641;KIT       ;SONDA PARA GASTROSTOMIA 18-4.5 (MIC-KEY)                                                  ;0;0;0;600
7642;UM        ;AGULHA DESCARTAVEL (13 X 40 ) C/ DISPOSITIVO DE SEGURANCA                                 ;274300;101491;0,37;0,37
7643;PCT.      ;TUBO DE LATEX N.204 PACOTE CCOM 15 METROS                                                 ;0;0;0;73,6
7644;UM        ;CAGE TITANIO (DISPOSITIVO INTERSOMATICO LOMBAR)                                           ;0;0;0;1356,34
7645;UM        ;PLACA DE ENDUBUTTON                                                                       ;0;0;0;1220
7646;UM        ;CANULA DE SHAVER PARTES MOLES (ORTESE E PROTESE)                                          ;0;0;0;1160
7647;UM        ;PLACA SUSTENTACAO BLOQUEADA TIDAL TIPO TACO DE GOLF EM T E LORTESE E PROTESE)             ;0;0;0;2619,04
7648;UM        ;PARAFUSO AUTO ROSQUEAVEL 5,0MM(ORTESE E PROTESE)                                          ;0;0;0;93,33
7649;CX.       ;LAMINA PARA MICROSCOPIA 26X76MM LATERAL FOSCA CX C/ 50 UND                                ;54;282,42;5,23;5,23
7650;CX.       ;FITA INDICADORA P/MONITORACAO DE ACIDO PERACETICO 0,2%                                    ;228;12882;56,5;56,5
7652;UMA       ;CONJUNTO DE VALVULA P/HIDROCEFALIA BAIXA PRESSAO TAMANHOS D IFERENTES                     ;0;0;0;526,66
7653;UM        ;(NEURO)CATETER DE DRENAGEM EXTERNA LCR - ADULTO                                           ;0;0;0;298
7654;UM        ;EMBALAGEM P/ESTERELIZACAO EM SMS 120 X 120.(APROX.)LEVE                                   ;0;0;0;5,14
7655;UM        ;EMBALAGEM P/ESTERELIZACAO EM SMS  90 X  90.(APROX.)LEVE                                   ;0;0;0;2,74
7656;UM        ;EMBALAGEM P/ESTERELIZACAO EM SMS 75 X 75 (APROX.)LEVE                                     ;0;0;0;2,62
7657;KIT       ;CONJUNTO P/ NEBULIZACAO P/ AR COMPRIMIDO INFANTIL                                         ;0;0;0;4,64
7658;UM        ;(COLOS) FITA ADESIVA REF 12070 EM FORMA DE ARCO PARA REFORCO, FIXACAO E ADERENCIA DO ADESI;0;0;0;11,32
7659;UM        ;(COLOS)BOLSA DE COLOSTOMIA ADULTA REF 17491 SISTEMA 1 PECA 70MM TRANSPARENTE, DRENAVEL COM;0;0;0;28,07
7660;UM        ;(COLOS)PLACA PARA BOLSA ADULTA REF 10015 RECORTAVEL 10-35MM                               ;0;0;0;16,45
7661;UM        ;(COLOS)PLACA PARA BOLSA REF 413161 RECORTAVEL 10-40MM (CONVATEC)                          ;0;0;0;12,66
7662;UM        ;BOLSA DE COLOSTOMIA 60MM DRENAVEL(COD.10366)                                              ;0;0;0;9,44
7663;UM        ;(CPRE)CESTA P/EXTRACAO DE CALCULO BILIAR,LITOTRIPSIA,COMP 4.0CM DIAMETRO DE 2.0MM         ;0;0;0;944,4375
7664;UM        ;(CPRE)FIO GUIA BILIAR, DIAMETRO 0,35, MATERIAL NITINOL, PO  NTA RETA, COMPRIMENTO 450CM.(5;0;0;0;1080
7665;UM        ;(CPRE)PROTESE PLASTICA BILIAR TIPO AMSTERDAM 7FR/15CM (COD. 3924).                        ;0;0;0;688,33
7666;UM        ;(CPRE)AGULHA DE ESCLEROSE 23GX230CM                                                       ;0;0;0;114,51
7667;UM        ;(CPRE)CATETER BALAO DILATADOR DE ESOFAGO/PILORO/COLON TAM 10 A 12MM. (5868)               ;0;0;0;516,66
7668;UM        ;(CPRE)CATETER BALAO DILATADOR DE ESOFAGO/PILORO/COLON 12 A  15MM. (5869)                  ;0;0;0;1062,08
7669;UM        ;(CPRE)CATETER BALAO DILATADOR DE ESOFAGO/PILORO/COLON 15 A  18MM. (5870)                  ;0;0;0;519,44
7670;UM        ;(CPRE)CATETER BALAO DILATADOR DE ESOFAGO/PILORO/COLON 18 A  20MM.(5871)                   ;0;0;0;525
7671;UM        ;"CATETER INTRAVENOSO PERIFERICO ""POR-FORA-DA-AGULHA"" 18G                                   ";0;0;0;446,66
7672;PCT.      ;(CPRE)AGULHA PARA ESCLEROSE INTERJECT TAM 23G X 4MM(1835).                                ;0;0;0;162,5
7673;UM        ;(CPRE) SERINGA DE INSUFLACAO ALLIANCE. COD 5060                                           ;0;0;0;475
7674;KIT       ;SONDA PARA GASTROSTOMIA 18-4.0 (MIC-KEY)                                                  ;0;0;0;1275
7675;KIT       ;SONDA PARA GASTROSTOMIA 20-3.0 (MIC-KEY)                                                  ;0;0;0;662,5
7676;UM        ;(CPRE)BALAO P/DILATACAO BILIAR HURRICANE 4CM X 180CM DE 10MM(4596).                       ;0;0;0;972,22
7677;UM        ;(CPRE)BALAO P/DILATACAO BILIAR HURRICANE 4MM X 180CM DE 6MM.(4592)                        ;0;0;0;1314,16
7678;UM        ;CANULA P/COLANGIO PTA ULTRA CONICA CONTOUR(COD.3087)-COLANGIOPANCREATITE.(CPRE).          ;0;0;0;333,33
7679;UM        ;(CPRE)CESTA P/EXTRACAO DE CALCULO BILIAR,LITOTRIPSIA,COMP 3.0CM DIAMETRO 1.5MM            ;0;0;0;969,733334
7680;UM        ;ARRUELA EM TITANEO P/CIRURGIA DE COLUNA AUTOCLAVAVEL                                      ;0;0;0;72,92
7681;UM        ;HASTE P/FIXACAO OCCIPTO-CERVICAL AUTOCLAVAVEL                                             ;0;0;0;447,51
7682;UM        ;PLACA DE COMPRESSAO DINAMICA 4,5MM                                                        ;0;0;0;94,32
7683;UM        ;SONDA ENDOTRAQUEAL N.5,0 ARAMADA C/ CUFF                                                  ;440;9622,8;21,87;21,87
7684;UM        ;SONDA ENDOTRAQUEAL N.6,5 ARAMADA C/ CUFF                                                  ;500;7490;14,98;14,98
7685;UM        ;SONDA ENDOTRAQUEAL N.9,0 ARAMADA C/ CUFF                                                  ;0;0;0;21,96
7686;UM        ;DISPOSITIVO INTERSOMATICO DE MANUTENCAO DE ESPACO INVERTEBRAL ( CAGE ) ( 05.015-6 )       ;0;0;0;908,75
7687;UM        ;EMBALAGEM P/ESTERELIZACAO EM SMS 70 X 70 (APROX.)LEVE                                     ;0;0;0;0
7688;UM        ;SONDA P/ASPIRACAO TRAQUEAL C/ VALVULA N.16                                                ;0;0;0;0,72
7689;UM        ;SONDA DE FOLEY N.10 3 VIAS (SILICONE)                                                     ;0;0;0;6
7690;UM        ;SONDA P/ASPIRACAO TRAQUEAL C/ VALVULA N.18                                                ;0;0;0;0,73
7691;UM        ;HEMOSTATICO ABSORVIVEL-ESPONJA-OXIDADA ESTERIL EM TIRAS DE  5,1X7,6                       ;0;0;0;85
7692;UM        ;(NEURO) SISTEMA DE FIXACAO P/CALOTA CRANIANA - CLAMPS                                     ;0;0;0;530
7693;UM        ;KIT P/APLICADOR ULTRASSONICO COMPATIVEL C/ASPIRADOR SONOCA                                ;0;0;0;1316,66
7694;UM        ;STENT BILIAR WALLFLEX (COD.7049)-COLANGIOPANCREATITE.                                     ;0;0;0;3302,08
7695;CX.       ;FILME RADIOLOGICO 25 X 30 CAIXA COM 125 CARESTREAM - DIGITAL                              ;72;26590;369,305555;367,5
7696;CX.       ;FILME RADIOLOGICO 35 X 43 CAIXA COM 125 - DIGITAL                                         ;0;0;0;665
7697;CX.       ;FILME RADIOLOGICO 20 X 25 CAIXA COM 125 CARESTREAM - DIGITAL                              ;284;75260;265;265
7698;UM        ;PLACA ESPECIFICA DE TITANIO P/ MINI/MICRO-FRAGMENTO INCLUI  PARAFUSO  ( 05.048-2 )        ;0;0;0;343,71
7699;UM        ;(COLOS)BOLSA PARA ESTOMIA INTESTINAL INFANTIL REF.8002/119789/17467 DE 0 A 10 ANOS        ;0;0;0;13,95
7701;UM        ;SISTEMA DE REPARSOS DE PROLAPSO(PATCH INORGANICO) UROLOGIA 0                              ;0;0;0;2375
7702;UM        ;EMBALAGEM P/ESTERELIZACAO EM SMS 60 X 60 (APROX.)LEVE                                     ;0;0;0;0,85
7703;UM        ;EMBALAGEM P/ESTERELIZACAO EM SMS 150 X 150.(APROX.)LEVE                                   ;0;0;0;4,69
7704;UM        ;PAPEL GRAU CIRURGICO 12CM X 100M.                                                         ;0;0;0;64,1
7705;UM        ;PAPEL GRAU CIRURGICO 15CM X 100M.                                                         ;0;0;0;77,46
7706;UM        ;PLACA DE PETRI 35 X 10 MM. ESTERIL                                                        ;0;0;0;0,66
7707;UM        ;PAPEL GRAU CIRURGICO  9CM X 50M.                                                          ;0;0;0;17,21
7708;UM        ;(URO) IMPLANTE UROLOGICO INJETAVEL VANTRIS                                                ;0;0;0;3100
7709;UM        ;(ESPEC)MATERIAL DE EMBOLIZACAO NAO ADERENTE - TIPO ONIX 18                                ;0;0;0;2375
7710;UM        ;FRASCO DE EMBOESFERA 250-500(NEURO)                                                       ;0;0;0;2375
7711;UM        ;SISTEMA DE FIXACAO OCCIPTO CERVICAL ASSOCIADA A PARAFUSO GANCHO E FIO ( 03.126-7 )        ;0;0;0;1443,43
7712;UM        ;FIXADOR EXTERNO C/SISTEMA DE CORRECAO ANGULAR OU ROTACIONAL ( 03.036-8 )                  ;0;0;0;452,6
7713;UM        ;EMBALAGEM P/ESTERELIZACAO EM SMS 140 X 140.(APROX.)LEVE                                   ;0;0;0;4,73
7714;UM        ;FIO POLIPROPILENO N.0 AG.4,0CM 1/2 CIRCULAR,COMP.75CM (FECHAMENTO GERAL).                 ;1080;2386,8;2,21;2,21
7715;UM        ;CATETER CENTRAL DE INSERCAO PERIFERICA (PICC) 3F 17G 60CM                                 ;0;0;0;362,25
7716;UM        ;CATETER CENTRAL DE INSERCAO PERIFERICA (PICC) 4F 16G 30CM                                 ;0;0;0;500
7717;UM        ;SERINGA DESC.03ML C/AGULHA 13X4,5 LUER SLIP                                               ;0;0;0;0,17
7718;UM        ;FILTRO DE CARVAO ATIVADO PARA IMPRESSORA DV5700 (ESPECIFICO)                              ;0;0;0;0,000001
7719;UM        ;FILTRO DE CARVAO ATIVADO PARA IMPRESSORA DV6800/6850(ESPC.)                               ;0;0;0;0,000001
7720;UM        ;PROTESE MECANICA VALVULAR AORTICA N.21                                                    ;0;0;0;8911,87
7721;UM        ;(CARDIO) PROTESE VALV. BIOLOGICO PERIOCARDIO MITRAL 29MM.                                 ;0;0;0;2285
7722;UM        ;(URO)PROTESE PENIANA COM EXTENSOR 12MM X 15,5 X 24,5CM                                    ;0;0;0;1808,33
7723;UM        ;FIO CATGUT SIMPLES N.4-0 AG.1,5CM 1/2 CIRCULAR,70CM.                                      ;3144;13217,36;4,203994;4,21
7724;ENV.      ;NYLON PRETO 0 45CM                                                                        ;0;0;0;0,99
7725;FR.       ;FRASCO PARA DRENAGEM TORAX 250ML                                                          ;0;0;0;14,21
7726;ENV.      ;FIO POLIGLACTINA(VYCRIL)N.5-0 AG.8MM 1/4 2AG.                                             ;0;0;0;0
7727;ENV.      ;CURATIVO TRANSPARENTE DE POLIURETANO 9.0 X 12CM.(FILME)                                   ;0;0;0;3,78
7729;UM        ;PARAFUSO DE BLOQUEIO PBA 5,0                                                              ;0;0;0;406,23
7730;UM        ;PLACA 3,5 TIBIA DISTAL                                                                    ;0;0;0;5060
7731;UM        ;PLACA 3,5 TIBIA DISTAL MEDIA                                                              ;0;0;0;4884,92
7732;UM        ;PLACA PBA FEMUR DISTAL                                                                    ;0;0;0;7490,73
7733;UM        ;(CARDIO) CANULA ARTERIAL ARAMADA PONTA CURVA 45 18FR                                      ;0;0;0;475,13
7734;UM        ;PLACA PBA TIBIA PROXIMAL                                                                  ;0;0;0;4360,72
7735;UM        ;SONDA GASTRICA (NASOGASTRICA) N.20 CURTA.                                                 ;738;612,54;0,83;0,83
7737;UM        ;PLACA DE RECONSTRUCAO ACETABULAR 3,5MM                                                    ;0;0;0;116,93
7738;UM        ;KIT ELETRODOS PARA MONITORACAO DE EEG SUBDURAL                                            ;0;0;0;17500
7739;FR.       ;SOLUCAO DE CLOREXIDINA 4% 22ML                                                            ;0;0;0;26,36
7740;UM        ;(ESPEC.)SONDA GASTRICA TIPO FOUCHET 32FR                                                  ;185;22552,95;121,907837;44,37
7741;UM        ;(NEURO)BROCA DE PERFURACAO HELICOIDAL                                                     ;0;0;0;383
7742;FR.       ;BROCA TREPANACAO ADULTO AUTOCLAVEL COMPATIVEL COM EQUIPAMENTDIAAMONTE. (NEURO)            ;0;0;0;750
7743;PCT.      ;TUBO DE LATEX N.206 PACOTE COM 15 METROS                                                  ;0;0;0;10,56
7744;FR.       ;(MICROB)FRASCO DE AGAR MILLER HINTON.                                                     ;0;0;0;284,43
7745;FR.       ;(MICROB)FRASCO DE AGAR MACCONKEI.                                                         ;0;0;0;191,27
7746;FR.       ;(MICROB)FRASCO DE AGAR SANGUE.                                                            ;0;0;0;201,39
7747;UM        ;AGULHA DE BIOPSIA P/ASPIRACAO 16G X 20CM SEMI-AUTOMATICA                                  ;160;7680;48;48
7748;UM        ;AGULHA DE BIOPSIA P/ASPIRACAO 14G X 06CM                                                  ;0;0;0;32,01
7749;UM        ;AGULHA DE BIOPSIA P/ASPIRACAO 14G X 10CM                                                  ;0;0;0;0
7750;UM        ;AGULHA DE BIOPSIA P/ASPIRACAO 14G X 12CM                                                  ;0;0;0;0
7751;UM        ;AGULHA DE BIOPSIA P/ASPIRACAO 14G X 20CM                                                  ;0;0;0;0
7752;UM        ;AGULHA DE BIOPSIA P/ASPIRACAO 15G X 06CM                                                  ;0;0;0;28
7753;UM        ;AGULHA DE BIOPSIA P/ASPIRACAO 15G X 04CM                                                  ;0;0;0;0
7754;UM        ;SONDA ENDOBRONQUIAL DUPLO LUMEN, DIREITA,TAM.41                                           ;0;0;0;221,08
7755;UM        ;AGULHA DE BIOPSIA P/ASPIRACAO 18G X 10CM                                                  ;0;0;0;0
7756;UM        ;SOLUCAO ANTICOAGULANTE.(NEFROLOGIA)                                                       ;0;0;0;0
7757;UM        ;PLACA DE TITANIO 10X10CM E ESPESSURA FALHAS OSSEAS C/RESPECIVOS TAMANHOS CORRESPONDENTES.(;0;0;0;8
7758;UM        ;DISCO PARA ANTIOBIOGRAMA IMIPENEM IPN 10.(MICROBIOLOGIA)                                  ;0;0;0;10,95
7759;UM        ;(NEURO)PARAFUSO AUTO PERFURANTE AUTO ROSQUEANTE QUE DISPENSA USO DE DRILL                 ;0;0;0;310
7760;UM        ;DISCO PARA ANTIOBIOGRAMA AMPICILINA AMP 10(MICROBIOLOGIA)                                 ;0;0;0;9,87
7761;UM        ;DISCO PARA ANTIBIOGRAMA ERTAPENEM ERT 10.(MICROBIOLOGIA)                                  ;0;0;0;9,87
7762;UM        ;DISCO PARA ANTIBIOGRAMA MEROPENEM NMP10.(MICROBIOLOGIA)                                   ;0;0;0;10,95
7763;UM        ;ARRUELAS(BLOQUEADORAS P/FIXACAO DE BARRAS LATERAIS AOS PARAFUSOS MONOAXIAIS AUTOCLAVEL.   ;0;0;0;76,39
7764;KIT       ;SONDA PARA GASTROSTOMIA 24 FR C/2 VIAS 5ML.                                               ;0;0;0;891,1
7765;KIT       ;SONDA PARA GASTROSTOMIA 20-3.5 (MIC-KEY)                                                  ;0;0;0;900
7766;KIT       ;SONDA PARA GASTROSTOMIA 16 -2.5 (MIC-KEY)                                                 ;0;0;0;900
7767;UM        ;SONDA DE FOLEY N.12 2 VIAS (LATEX).                                                       ;5712;18059,38;3,161656;2,99
7768;UM        ;SONDA DE FOLEY N.14 2 VIAS (LATEX).                                                       ;0;0;0;3,01
7769;UM        ;SONDA DE FOLEY N.16 2 VIAS (LATEX).                                                       ;890;2171,6;2,44;2,44
7770;UM        ;SONDA DE FOLEY N.18 2 VIAS (LATEX).                                                       ;197;638,28;3,24;3,24
7771;UM        ;SONDA DE FOLEY N.24 2 VIAS (LATEX).                                                       ;1220;4123,6;3,38;3,38
7772;UM        ;SONDA GASTRICA (NASOGASTRICA) N.22 CURTA.                                                 ;88;95,04;1,08;1,08
7773;UM        ;SONDA DE FOLEY N.06 2 VIAS (LATEX).                                                       ;650;2099,5;3,23;3,23
7774;UM        ;(URO) SONDA VESICAL TIPO FOLEY 08FR C/2 VIAS (LATEX)                                      ;0;0;0;2,99
7775;UM        ;SONDA DE FOLEY N.10 2 VIAS (LATEX).                                                       ;370;2704,7;7,31;7,31
7786;UM        ;PLACA ABSORVIVEL BUCO MAXILO 1,5MM 1,6MM 1,7MM (EXTRA SUS)                                ;0;0;0;13666
7787;UM        ;PLACA ABSORVIVEL BUCO MAXILO 2,0MM 2,2MM (EXTRA SUS)                                      ;0;0;0;11333
7789;UM        ;PLACA BLOQUEADA GRANDES FRAGMENTOS C/PARAFUSOS (EXTRA SUS)                                ;0;0;0;138,88
7800;UM        ;PLACA DE ENDONUTTON                                                                       ;0;0;0;1220
7801;UM        ;FITA PARA TESTE DE GLICEMIA (ON CALL PLUS )                                               ;0;0;0;1
7802;UM        ;APARELHO PARA TESTE DE GLICEMIA ( ON CALL PLUS )                                          ;0;0;0;10
7804;UM        ;CONJUNTO DILATADOR RENAL GRADUADO TIPO AMPLATZ (COD.260-250)                              ;0;0;0;850
7805;PCT.      ;GERADOR DE PULSO ELETRICO MARCAPASSO(VVI)(CARDIO)                                         ;0;0;0;8600
7806;UM        ;(ESPEC)GERADOR DE PULSO ELETRICO IMPLANTAVEL (VDD)                                        ;0;0;0;8333,3
7807;PCT.      ;GERADOR DE PULSO ELETRICO(DDD)(CARDIO)                                                    ;0;0;0;11000
7808;PCT.      ;KIT RESSINCRONIZADOR CARDIACO ATRIO-BIVENTRICULAR(CARDIO)                                 ;0;0;0;36500
7809;PCT.      ;KIT CARDIOVERSOR-DESFRIBILADOR IMPLANTAVEL DESC.(CARDIO)                                  ;0;0;0;44900
7810;PCT.      ;KIT CARDIOVERSOR-DESFIBRILADOR C/RESSINCRONIZADOR IMPLANTAVEL(CARDIO)                     ;0;0;0;66666,6
7811;UM        ;SONDA ENDOTRAQUEAL N.4,0 ARAMADA S/CUFF                                                   ;2050;47557,5;23,19878;25,32
7812;UM        ;SONDA ENDOTRAQUEAL N.5,5 ARAMADA S/CUFF                                                   ;95;2089,05;21,99;21,99
7813;UM        ;SONDA ENDOTRAQUEAL N.4,5 ARAMADA S/CUFF                                                   ;70;1538,6;21,98;21,98
7814;UM        ;SONDA ENDOTRAQUEAL N.3,0 ARAMADA S/CUFF                                                   ;1950;45588,5;23,378717;22,43
7815;UM        ;SONDA ENDOTRAQUEAL N.3,5 ARAMADA S/CUFF                                                   ;220;5124;23,290909;24,96
7816;UM        ;LAMINA DE BISTURI N.20 COM CABO DE SEGURANCA.                                             ;32770;77337,2;2,36;2,36
7817;UM        ;(URO) AGULHA PARA PUNCAO INICIAL 18G/23CM                                                 ;0;0;0;119,33
7818;UM        ;(URO)CATETER URETERAL DUPLO J 6FR-26CM PONTA ABERTA - 1 FIO                               ;0;0;0;312,84
7819;UM        ;(URO) ELETRODO MONOPOLAR 1 HASTE ANGULADA 30/24FR                                         ;0;0;0;217,74
7820;UM        ;FIO GUIA TEFLONADO 035HBN(UROLOGIA)                                                       ;0;0;0;232,3
7821;UM        ;(URO) PINCA EXTRATORA RIGIDA 10,6FR/3 GARRAS/40 CM                                        ;0;0;0;790,35
7822;UM        ;PINCA EXT.DE CAL.FLEXIVEL-3FR-4 FIOS 120CM(UROLOGIA)                                      ;0;0;0;727,2
7824;UM        ;CLIPS HEM-O-LOK ROXO                                                                      ;0;0;0;356,49
7825;UM        ;CLIPS HEM - O - LOK DOURADO                                                               ;0;0;0;356,42
7826;UM        ;CLIPADOR ENDOSCOPICO                                                                      ;0;0;0;2500
7827;UM        ;"TUBO TRAQUEAL EM ""T"" TIPO MONTGOMERY TAMANHO N 12                                         ";0;0;0;266,48
7828;UM        ;AGULHA PARA BIOPSIA DE MEDULA OSSEA 13G X 2.5MM X 7CM                                     ;100;6496;64,96;64,96
7829;UM        ;(ESPEC)CLIP E MINI CLIP PERMANENTE E TEMPORARIO DE ANEURISMA CEREBRAL                     ;0;0;0;670
7830;UM        ;PARAFUSO CORTICAL 1,5MM                                                                   ;0;0;0;10,74
7831;UM        ;PLACA EM L 2,7MM.(INCLUI PARAFUSOS)                                                       ;0;0;0;84,72
7832;UM        ;PARAFUSO CORTICAL 2,0MM.                                                                  ;0;0;0;9,12
7833;UM        ;PLACA EM T 2,77MM.(INCLUI PARAFUSOS)                                                      ;0;0;0;90,63
7834;UM        ;PARAFUSO CANULADO 3,5MM.                                                                  ;0;0;0;104,41
7889;UM        ;SONDA FOLEY 2-WAY 16 FR 30 ML                                                             ;0;0;0;0,000001
7890;UM        ;SONDA FOLEY 2-WAY 18FR 30 ML                                                              ;0;0;0;0,000001
7891;UM        ;SONDA ARAMADA 8,5                                                                         ;0;0;0;0,000001
7892;UM        ;SONDA ARAMADA 8,0                                                                         ;0;0;0;0,000001
7893;UM        ;FIXADOR P/ CANULAS DE TRAQUEOSTOMIA NEONATAL                                              ;240;1015,2;4,23;4,23
7896;UM        ;DOSADOR ORAL 20ML.                                                                        ;32;21,44;0,67;0,67
7901;UM        ;(C.G)GRAMPEADOR LINEAR CORTANTE 75MM                                                      ;67;75844;1132;1132
7902;UM        ;(C.G)RECARGA PARA GRAMPEADOR LINEAR CORTANTE 75MM                                         ;414;190080;459,130434;464
7903;UM        ;FIO GUIA HIDROFILO DE NITINOL 145CMX0,38 PONTA ANGULADA     (UROLOGIA).                   ;0;0;0;187,09
7920;UM        ;COBRE CORPO TAM.1.90X2.10                                                                 ;0;0;0;7,91
7936;PCT.      ;(NEURO)EXTENSOR EE 0101                                                                   ;0;0;0;2,33
7937;PCT.      ;(NEURO)EXTENSOR EE 201                                                                    ;0;0;0;2,2
7938;UM        ;FRALDA GERIATRICA TM PP                                                                   ;0;0;0;0,48
7978;UM        ;PROTESE ARTERIAL KNITTED MICROVELOUR 16X8 MM                                              ;0;0;0;670
7981;UM        ;AGULHA DESC. P/ANESTESIA RAQUIDIANA 22G X 3 1/2ND C/25UN                                  ;0;0;0;3,29
7983;UM        ;FRASCO DE POLICARBONATO OU VIDRO P/OXIGENIO - ITEM EXCLUIDO USAR O CCODIGO 10540          ;61;6392,316333;104,792071;104,792071
7986;UM        ;ALMOFADAS P/CADEIRAS DE RODAS ROHO NEOPRENE                                               ;0;0;0;952,51
7993;UM        ;KIT INTRODUTOR 10 CM                                                                      ;0;0;0;291,7
7994;UM        ;(CARDIO) CANULA VENOSA ARAMADA UNICO ESTAGIO PONTA RETA 28FR                              ;0;0;0;489,47
7995;UM        ;CANULA ENDOTRAQUEAL C/BALAO 9,5                                                           ;0;0;0;0
7996;UM        ;ACESSORIO DE MONITORACAO DE PRESSAO TRUCLIP                                               ;0;0;0;13,31
7997;UM        ;EMBALAGEM P/ESTERELIZACAO EM SMS  40 X  40.(APROX.)LEVE                                   ;0;0;0;0,3
7998;UM        ;CATETER INTRAVENOSO CENTRAL 1,7MM X 30,5CM AG.14GA(AMARELO)                               ;0;0;0;32
7999;UM        ;(CARDIO) CABO TRANSDUTOR DE PRESSAO SPACEL ABS/DISTAL                                     ;0;0;0;43,824
8000;UMA       ;PONTEIRA MINIFLARED 45K                                                                   ;0;0;0;184,28
8001;PCT.      ;(OFTAL) PONTEIRA TIPO UNIVERSAL(AMARELA)PCT C/1000 UND.                                   ;0;0;0;0
8003;UMA       ;FMS INT. BASICO PLUS                                                                      ;0;0;0;402,89
8005;UM        ;(ESPEC)SONDA DE VITRECTOMIA ANTERIOR                                                      ;0;0;0;701,08
8006;UM        ;(OFTAL) BISTURI OPTIMUM 15 GRAUS.                                                         ;0;0;0;27,15
8007;UM        ;(OFTAL) BISTURI XSTAR 2,75 ANG.45 GRAUS                                                   ;0;0;0;39,99
8017;UM        ;(OFTAL) AFASTADORES RETRATOR DE IRIS                                                      ;0;0;0;542,9
8019;UM        ;CAMPO CATARATA ESTERIL 1,00 X 1,40                                                        ;0;0;0;19
8028;UM        ;(ESPEC)FIBRA OTICA 23GA                                                                   ;0;0;0;660,828334
8029;UM        ;(ESPEC)KIT COMPLETO PARA VITRECTOMIA 23GA                                                 ;0;0;0;3100,25
8031;UM        ;KIT DE TREPANACAO LAMINA 07.00MM. TREPANO (OFTALMO).                                      ;0;0;0;569
8032;UM        ;KIT DE TREPANACAO LAMINA 07.50MM. TREPANO (OFTALMO).                                      ;0;0;0;618,93
8033;UM        ;KIT DE TREPANACAO LAMINA 08,00MM. TREPANO (OFTALMO).                                      ;0;0;0;499
8034;UM        ;KIT DE TREPANACAO LAMINA 08.50MM. TREPANO (OFTALMO).                                      ;0;0;0;499
8035;UM        ;KIT DE TREPANACAO LAMINA 09.00MM. TREPANO (OFTALMO).                                      ;0;0;0;540
8036;UM        ;(ESPEC.)PUNCH 07.50MM (OFTALMO)                                                           ;0;0;0;326,6
8037;UM        ;(ESPEC.)PUNCH 08.00MM (OFTALMO)                                                           ;0;0;0;453,33
8038;UM        ;(ESPEC.)PUNCH 08.75MM (OFTALMO)                                                           ;0;0;0;450
8039;UM        ;(ESPEC.)PUNCH 09.50MM (OFTALMO)                                                           ;0;0;0;410
8040;UM        ;(ESPEC.)PUNCH 08.50MM (OFTALMO)                                                           ;0;0;0;450
8041;UM        ;(ESPEC)AGULHA DESC.P/ANESTESIA RAQUIDIANA ESPINHAL 22G X 3 1/2                            ;0;0;0;6,86
8042;UM        ;(ESPEC)CATETER DE PERIDURAL C/AG. N.16                                                    ;0;0;0;22,61
8043;UM        ;(ESPEC)SIST.DE CONTROLE URINARIO(ESFINCTER ARTIFICIAL)AMS 800                             ;0;0;0;104433,33
8044;UM        ;TELA CIRURGICA PLANA PARCIAL.ABSOR. 15CM X 15CM.COMPOSTA POR 50% POLIPROPILENO MONOFILAMEN;73;28864,93;395,41;397,04
8045;UMA       ;TELA CIRURGICA PLANA PARCIAL.ABSOR. 30CM X 30CM.COMPOSTA POR 50% POLIPROPILENO MONOFILAMEN;68;62849,18;924,252647;940,39
8046;UMA       ;TELA CIRURGICA PLANA PARCIAL.ABSOR. 06CM X 11CM COMPOSTA POR 50% POLIPROPILENO MONOFILAMEN;83;27051,2;325,918072;332,45
8047;UMA       ;GRAMPEADOR CIRURGICO CIRCULAR 28-29MM PRE CARREGADO                                       ;26;25551,12;982,735384;1429,26
8048;UMA       ;GRAMPEADOR CIRURGICO CIRCULAR 31-33MM PRE CARREGADO                                       ;12;7200;600;600
8049;UM        ;(C.G)GRAMPEADOR LINEAR CIRCULAR 25MM                                                      ;3;4287,78;1429,26;1429,26
8050;UM        ;(C.G)GRAMPEADOR LINEAR CORTANTE 55MM                                                      ;80;35872;448,4;448,4
8051;UM        ;(C.G)GRAMPEADOR LINEAR TITANIUM DE 100MM                                                  ;0;0;0;600
8052;UM        ;(C.G)RECARGA PARA GRAMPEADOR LINEAR CORTANTE 55MM                                         ;292;38952,8317;133,400108;166,55
8053;UM        ;(C.G)RECARGA P/ GRAMPEADOR LINEAR TITANIUM 100MM                                          ;14;2234;159,571428;158
8054;UMA       ;SONDA ENDOTRAQUEAL N.5,0 ARAMADA S/ CUFF                                                  ;70;1539,3;21,99;21,99
8055;UMA       ;SONDA ENDOTRAQUEAL N.6,0 ARAMADA S/ CUFF.                                                 ;150;3724;24,826666;22,24
8056;UMA       ;SONDA DE FOLEY N.20 2 VIAS (LATEX).                                                       ;2019;6285,99;3,113417;2,96
8057;UMA       ;SONDA DE FOLEY N.22 2 VIAS (LATEX).                                                       ;1420;4444,6;3,13;3,02
8058;UM        ;(URO)PINCA EXTRATORA SEMI-RIGIDA 11FR/40CM BASKET 4 FIOS                                  ;0;0;0;3,8
8059;UMA       ;SONDA DE FOLEY N.18 3 VIAS (LATEX).                                                       ;650;2759,9;4,246;5,59
8060;UMA       ;SONDA DE FOLEY N.20 3 VIAS (LATEX).                                                       ;220;1004,1;4,56409;4,62
8061;UMA       ;SONDA DE FOLEY N.22 3 VIAS (LATEX).                                                       ;60;277,2;4,62;4,62
8062;UMA       ;SONDA DE FOLEY N.24 3 VIAS (LATEX).                                                       ;80;343,1;4,28875;4,62
8063;UMA       ;SISTEMA FECHADO DE ASPIRACAO TRAQUEAL N.08FR PEDIATRICO.                                  ;370;22730,2;61,432972;50,36
8064;UMA       ;FIO CATGUT SIMPLES N.2-0 AG.1,7CM( VARIACAO +/- 3MM) 3/8 70CM)                            ;840;3612;4,3;4,3
8065;UMA       ;FIO CATGUT CROMADO N.4-0 AG.1,7CM 1/2 CILINDRICA.70CM                                     ;600;2526;4,21;4,21
8066;UMA       ;FIO NYLON N.4-0 AG.1,7CM 1/2 CIRCULAR 45CM.                                               ;2928;6039,36;2,062622;2,22
8067;UMA       ;CADARCO DE ALGODAOO SARJADO, APROX. DE 1 CM X 10 M.                                       ;1170;4563;3,9;3,9
8068;UMA       ;TELA CIRURGICA SEPARADORA DE TECIDO 20CM X 30CM(PROCEED)                                  ;42;289800;6900;6900
8069;KIT       ;SONDA PARA GASTROSTOMIA 20-2.5 (MIC-KEY)                                                  ;0;0;0;900
8070;KIT       ;SONDA PARA GASTROSTOMIA 24-4.5 (MIC-KEY)                                                  ;0;0;0;900
8071;KIT       ;SONDA PARA GASTROSTOMIA 18-3.5 (MIC-KEY)                                                  ;0;0;0;900
8072;KIT       ;SONDA PARA GASTROSTOMIA 16-3.0 (MIC-KEY)                                                  ;0;0;0;900
8073;ENV.      ;FIO POLIESTER(ETHIBOND)N.5-0 AG.4,7CM 1/2 75CM.(VERDE)                                    ;0;0;0;0
8074;UMA       ;SISTEMA FECHADO DE ASPIRACAO TRAQUEAL N.02FR                                              ;0;0;0;690,9
8075;UMA       ;SISTEMA FECHADO DE ASPIRACAO TRAQUEAL N.04FR                                              ;0;0;0;589,68
8076;RL.       ;ALGODAO HIDROFILO 250G                                                                    ;0;0;0;13,5
8077;ENV.      ;FIO POLIESTER ALGODAO(POLYCOT)N.2-0 AG.3,0CM 3/8 CIRC.75CM.                               ;7104;16765,44;2,36;2,36
8078;ENV.      ;FIO POLIESTER ALGODAO(POLYCOT)N.3-0 AG.3,0CM 3/8 CIRC.75CM                                ;3312;7816,32;2,36;2,36
8079;ENV.      ;FIO DE MARCAPASSO N.2-0, C/ 1AG RETA 60-90MM E 1AG 26 MM 1/2 CURVA                        ;696;19832,28;28,494655;34,93
8080;ENV.      ;FIO CATGUT SIMPLES N.4-0 AG.1,7CM 1/2 CIRCULAR,70CM.                                      ;1180;5977,8;5,065932;5,22
8081;ENV.      ;FIO POLIGLACTINA(VYCRIL)N.2-0 AG 3,64CM 1/2         .70CM                                 ;6168;45334,8;7,35;7,35
8082;UM        ;FIO POLIGLACTINA(VYCRIL)N.3-0 AG.1,7CM 1/2 CILIN.ESTR.70CM.                               ;2736;22763,52;8,32;8,32
8083;ENV.      ;MASCARA DE OXIGENIO ALTA CONCENTRACAO ADULTO.                                             ;0;0;0;15,11
8084;FR.       ;ALCOOL GEL 70% 430G                                                                       ;0;0;0;4,1
8085;PCT.      ;CANULA TRIPLO LUMEN TANDEM CRPE(COD.535700)                                               ;0;0;0;333,33
8087;PCT.      ;AGULHA DESC.P/ESCLEROSE 23G X 4MM                                                         ;0;0;0;96,66
8088;UM        ;EXTENSOR DE BOMBA DE INFUSAO FOTOSSENSIVEL 60CM                                           ;0;0;0;2,17
8089;UM        ;(C.G)TELA DE POLIPROPILENO 7,6CM X 15CM - BIOMALHA                                        ;0;0;0;67,91
8090;UMA       ;MASCARA FACIAL P/ANESTESIA/VENTILACAO NAO INVASIVA NEONATAL                               ;0;0;0;109,96
8091;UMA       ;MASCARA FACIAL P/ANESTESIA/VENTILACAO NAO INVASIVA PEDIATRICA.                            ;0;0;0;34,16
8092;UMA       ;FIXADOR CEFALICO EM SILICONE,AUTOCLAVAVEL ADULTO.                                         ;372;13090,08;35,188387;41,25
8093;UMA       ;FIXADOR CEFALICO EM SILICONE,AUTOCLAVAVEL INFANTIL.                                       ;159;10212,2167;64,227777;64,240699
8094;UMA       ;PROTETOR FACIAL EM POLIURETANO,TRANSPARENTE.                                              ;1816;3105,36;1,71;1,71
8095;UMA       ;ESPACADOR P/SER USADO EM CONJUNTO C/INALADORES SPRAY TAM M                                ;0;0;0;25,55
8096;UMA       ;ESPACADOR P/SER USADO EM CONJUNTO C/INALADORES SPRAY TAM P                                ;0;0;0;14,99
8097;UMA       ;ESTETOSCOPIO DUPLO ADULTO                                                                 ;4;39,02;9,755;10,5
8098;UM        ;PULSEIRA DE IDENTIFICACAO TERMICA INFANTIL 20X150M ROLO C/  200 UNIDADES                  ;0;0;0;2,93
8099;UM        ;CATETER INTRAVENOSO CENTRAL 19GA X 20CM AG.17GA(VERDE)                                    ;0;0;0;0
8100;UMA       ;COLAR CERVICAL TIPO PHILADELPHIA CURTO P                                                  ;0;0;0;46,82
8101;UM        ;COLAR CERVICAL RIGIDO PP                                                                  ;102;1020;10;10
8102;UM        ;ESFIGMOMANOMETRO ANEROIDE SIMPLES S/ESTETO. ADULTO OBESO                                  ;78;10906,14;139,822307;83,33
8103;UMA       ;SONDA ENDOBRONQUIAL DUPLO LUMEN, ESQUERDA,TAM.37.                                         ;0;0;0;315,01
8104;UMA       ;SONDA ENDOBRONQUIAL DUPLO LUMEN, DIREITA,TAM.37                                           ;27;3572,1;132,3;132,3
8105;UMA       ;SISTEMA P/ANESTESIA TIPO BARAKA (ADULTO) 2000ML                                           ;178;28155,46;158,176741;154,26
8106;UMA       ;MASCARA P/MACRONEBULIZACAO 22MM TIPO TENDA.                                               ;71;1575,571176;22,191143;22,11
8107;BOB.      ;PAPEL P/ELETROCARDIOGRAMA 48MM X 30M                                                      ;0;0;0;0
8108;UM        ;CURATIVO DE ESPUMA DE POLIURETANO REF.422357 10CMX10CM COM BORDAS DE SILICONE E CARBOXIMET;620;42160;68;68
8109;UM        ;CURAT. AQUACEL AG+ REF. 413567 10X10CM COM COBERTURA ANTIMICROBIANA ESTERIL.              ;1460;219000;150;150
8110;UM        ;CURATIVO HIDROCOLOIDE 10 X 10CM                                                           ;0;0;0;7,53
8111;UM        ;CURATIVO HIDROCOLOIDE 15 X 18CM                                                           ;0;0;0;40,82
8112;UM        ;CURATIVO HIDROCOLOIDE 7,5X7,5CM                                                           ;0;0;0;20,75
8113;UM        ;COBERTURA 100% ESPUMA E POLIURETANO IONS DE AG 5CM X 8CM                                  ;0;0;0;132,36
8114;UM        ;CURATIVO DE HIDROFIBRA(ALGINATO)C/PRATA 15 X 15CM                                         ;0;0;0;146,52
8115;UM        ;CATETER DUPLO LUMEN ACESSO VENOSO CENTRAL (PICC) 4FRX60CM                                 ;0;0;0;420
8116;KIT       ;SONDA PARA GASTROSTOMIA 22-3.0 (MIC-KEY)                                                  ;44;8808,8;200,2;200,2
8117;KIT       ;SONDA PARA GASTROSTOMIA 22-3.5 (MIC-KEY)                                                  ;0;0;0;900
8118;UM        ;TUBO PARA GASTROSTOMIA 12-1.5(MIC-KEY)                                                    ;22;13684;622;622
8119;UM        ;(COLOS)BOLSA DE ILEOSTOMIA (8931)SISTEMA 1 PECA SEM FILTRO DE CARVAO ATIVADO RECORTAVEL 13;709;36248,27;51,125909;51,05
8120;UM        ;(COLOS)BOLSA P/ESTOMIA INTESTINAL INFANTIL (3795) SISTEMA 1 PECA RECORTAVEL 51MM HOLLISTER;510;43614;85,517647;88,5
8121;UM        ;CATETER DUPLO LUMEN ACESSO VENOSO CENTRAL 2FR X 30CM (PICC)                               ;419;88417,44;211,020143;209,7
8122;UM        ;BALAO (DIPOSITIVO) INTRAGASTRICO EM SILICONE (CIRUR. BARIATRICA + CPRE )                  ;0;0;0;3020,83
8123;UM        ;AGULHA DESCARTAVEL (40 X 16.0)                                                            ;0;0;0;0,14
8124;ENV.      ;FIO NYLON N.1 AG. 65MM CIRCULAR,150CM,CURVATURA 1/2 OU 3/8 COM VARIACAO +/-.              ;2902;8996,2;3,1;3,1
8125;ENV.      ;FIO NYLON N.8-0 AG.6,5MM 1/4 ESPATULADAS ESTRIADAS,20CM.2AG                               ;0;0;0;31,25
8126;UM        ;SONDA VERSICAL DE DEMORA N.16                                                             ;0;0;0;3,99
8127;UM        ;SONDA VERSICAL DE DEMORA N.18                                                             ;0;0;0;4,08
8128;ENV.      ;FIO POLIGLACTINA(VYCRIL)N.5-0 AG.1,6CM 3/8 45CM                                           ;0;0;0;9,86
8129;ENV.      ;FIO POLIGLACTINA(VYCRIL)N.6-0 AG.1,1CM 3/8 45CM                                           ;684;16840,08;24,62;24,62
8130;ENV.      ;FIO NYLON N.2-0 AG.2,6CM 1/2 TRIANGULAR COMP.45CM (FECHAMENTO DE PELE) +/- 1MM            ;13848;17322,48;1,250901;1,21
8131;UM        ;CATETER DUPLO LUMEN ACESSO VENOSO CENTRAL 3.5FRX13CM                                      ;0;0;0;45,3
8132;UM        ;FITA MICROPOROSA 05CM X 10M                                                               ;4904;25500,8;5,2;5,2
8133;RL.       ;FITA MICROPOROSA 1,2CMX 10M                                                               ;0;0;0;4,14897
8134;ENV.      ;FIO CATGUT SIMPLES N.0 AG.4,0CM 1/2 CIRCULAR ESTRIADA,COMP.75CM EXCLUIDO (INATIVO)        ;0;0;0;1,99
8135;ENV.      ;FIO CATGUT SIMPLES N.2-0 AG.4,0CM 1/2 CIRCULAR,COMP.70CM.                                 ;1304;6410,08;4,915705;2,71
8136;UM        ;FIO CATGUT CROMADO N.1-0 AG.4,0CM 1/2 CIRCULAR,COMP.70 A 75CM                             ;2208;9185,28;4,16;4,16
8137;ENV.      ;FIO CATGUT CROMADO N.2-0 AG.4,0CM 1/2 CILINDRICA,COMP.70CM.                               ;2160;8942,4;4,14;4,14
8138;UM        ;"SONDA ENDOTRAQUEAL,NASAL FORMATO EM ""S"" N.6,0                                             ";0;0;0;5,98
8139;UM        ;"SONDA ENDOTRAQUEAL,NASAL FORMATO EM ""S"" N.6,5 C/BALAO                                     ";0;0;0;4,41
8140;UM        ;"SONDA ENDOTRAQUEAL,NASAL FORMATO EM ""S"" N.7,0                                             ";0;0;0;4,9
8141;UM        ;"SONDA ENDOTRAQUEAL,NASAL FORMATO EM ""S"" OU ""L"" 7.0 COM BALAO                              ";0;0;0;18,04
8142;UM        ;"SONDA ENDOTRAQUEAL,NASAL FORMATO EM ""S"" N.8,0                                             ";0;0;0;4,41
8143;UM        ;SONDA ENDOTRAQUEAL N.2,5 ARAMADA S/ CUFF                                                  ;100;2199;21,99;21,99
8144;UM        ;CANULA DE BIOPSIA TERCIDO MOLE HISTO 18G X 25CM                                           ;0;0;0;0
8145;ENV.      ;FIO POLIPROPILENO N.0 AG.36,4CM 1/2 CIRCULAR,COMP.75CM.                                   ;0;0;0;1,67
8146;ENV.      ;FIO POLIPROPILENO N.0 AG.2,6CM 1/2 CIRCULAR,COMP.75CM.C/2AG                               ;0;0;0;1,67
8147;ENV.      ;FIO CATGUT SIMPLES N.0 AG.4,0CM 1/2 CIRC.ESTR.COMP.70CM A 75CM                            ;865;3810,19;4,404843;4,65
8148;ENV.      ;FIO NYLON N.0 AG.1,9CM 3/8 TRIANGULAR,45CM (VARIACAO DE +/- 1MM)                          ;9120;11546,4;1,266052;1,26
8149;ENV.      ;FIO NYLON N.2-0 AG.1,9CM 3/8 CIR. TRIANG. COMP. 45CM (+/- 1MM VARIACAO)                   ;1305;2962,35;2,27;2,27
8150;UM        ;(ENDOSC)PINCA DE AGARRA,TAM.160CM/2.2MM TIPO JACARE LONGA P/CORPO ESTRANHO(2417-PJ)       ;0;0;0;1666,5
8151;UM        ;SONDA P/ALIMENTACAO ENTERAL 10FR (SILICONE)                                               ;300;8400;28;28
8152;UM        ;SONDA P/ALIMENTACAO ENTERAL 06FR (SILICONE)                                               ;1370;13795,9;10,07;10,07
8153;UM        ;SONDA P/ALIMENTACAO ENTERAL 08FR (SILICONE)                                               ;565;6209,35;10,99;10,99
8154;UM        ;SONDA P/ALIMENTACAO ENTERAL 12FR (SILICONE)                                               ;915;25620;28;28
8155;UM        ;(ENDOSC)CAPA PROTETORA DE CORPUS ESTRANHOS                                                ;0;0;0;490
8156;UM        ;SONDA P/ALIMENTACAO ENTERAL 05FR (SILICONE)                                               ;343;12348;36;36
8157;UM        ;TUBO ENDOTRAQUEAL N 10.0 C/ CUFF                                                          ;0;0;0;4,9
8158;BOB.      ;PAPEL P/ELETROCARDIOGRAMA 47MM X 20M                                                      ;0;0;0;4,33
8159;UM        ;(ESPEC)CANETA DE BISTURI ELETROCIRURGICA                                                  ;0;0;0;174,9924
8160;UM        ;EMBALAGEM P/ESTERELIZACAO EM SMS 40 X 40.(APROX.)PESADO 50G                               ;4325;1384;0,32;0,32
8161;UM        ;(COLOS) PLCA PARA BOLSA COLOSTOMIA ADULTA REF 401611 RECORTAVEL 10-44MM ADESIVA DE RESINA ;0;0;0;0,85
8162;UMA       ;"ESCALPE COLETA A VACUO 23G X 3/4"" X 7"" (0.6X19MMX178MM).                                  ";1800;990;0,55;0,55
8163;UMA       ;PULSEIRA DE IDENTIFICACAO TERMICA ADULTO 25X180MM ROLO C/ 200 UNIDADES                    ;0;0;0;0,79
8164;UM        ;(COLOS)PLACA PARA BOLSA DE ESTOMIA INTESTINAL REF 411451 SISTEMA DE DUAS PECAS CONVEXA    ;790;85568,7;108,31481;80,36
8165;UMA       ;EMBALAGEM P/ESTERELIZACAO EM SMS  90 X  90.(APROX.)PESADO                                 ;11600;18560;1,6;1,6
8166;UMA       ;CERA PARA OSSO                                                                            ;76;380,76;5,01;5,01
8167;UMA       ;TUBO DE SILICONE P/HIPOSPADIA N.14FR 30CM                                                 ;0;0;0;74,21
8168;UMA       ;(CARDIO)GRAMPEADOR CIRCULAR ARTICULADO INTRALUMINAL 21MM                                  ;0;0;0;1300
8169;UMA       ;(CARDIO)GRAMPEADOR CIRCULAR ARTICULADO INTRALUMINAL 25MM                                  ;0;0;0;1250
8170;UM        ;(C.G)GRAMPEADOR CIRCULAR ARTICULADO ULTRALUMINAL STAPLER 29 .MM-CDH29A                    ;0;0;0;1300
8171;UMA       ;(CARDIO)GRAMPEADOR CIRCULAR ARTICULADO INTRALUMINAL 33MM                                  ;0;0;0;1300
8172;UMA       ;(CARDIO)CARGA VERDE P/GRAMPEADOR CURVO CORTANTE CONTOUR 40MM                              ;0;0;0;11362
8173;UMA       ;(CARDIO)GRAMPEADOR CORTANTE CURVO CONTOUR PRE CARREGADO 40MMC/CARGA VERDE                 ;0;0;0;2600
8174;UMA       ;LANCETAS DESC.USO UNICO C/SISTEMA DE DISPARO E RETRACAO.                                  ;438950;35446;0,080751;0,08
8175;UMA       ;INCUBADORA MICROPROCESSADA P/INCUBACAO,DETECAO E LEITURA INDIVIDUAL DO RESCIMENTO BACTERIA;1;24000;24000;24000
8176;UMA       ;(CME) ENVELOPE AUTO-SELANTE 150MM X 270MM.                                                ;0;0;0;0,25
8177;PTE.      ;VASELINA SOLIDA FARMACEUTICA 100% POTE COM 1000ML                                         ;0;0;0;16,62
8178;ENV.      ;FIO CATGUT CROMADO N.5-0 AG.1,7CM 1/2 CILINDRICA,70CM.                                    ;4800;27357,6;5,6995;4,73
8179;UM        ;AVENTAL CIRURGICO ESTERIL IMPERMEAVEL MANGA LONGA AZUL TAM.P                              ;0;0;0;8,07
8180;UM        ;AVENTAL CIRURGICO ESTERIL IMPERMEAVEL MANGA LONGA AZUL TAM.G50G                           ;8580;80223;9,35;9,35
8181;UM        ;CAIXA TERMICA PARA TRANSPORTE DE MATERIAL BIOLOGICO 5L A 7L                               ;45;2766,15;61,47;61,47
8182;UM        ;(NEURO)TRANSDUTOR DE PRESSAO (EQUIPO PAM)                                                 ;0;0;0;670
8183;ENV.      ;FIO NYLON N.0 AG.4,0CM 3/8 CIRCULAR,COMP.45CM.                                            ;0;0;0;0
8184;ENV.      ;FIO POLIDIOXANONA(PDS)N.3-0 AG.2,2CM 1/2 CIRCULAR 70CM                                    ;0;0;0;20,5
8185;UM        ;SONDA ENDOBRONQUIAL DUPLO LUMEN, DIREITA,TAM.39                                           ;17;2249,1;132,3;132,3
8186;UM        ;HASTE FEMORAL                                                                             ;0;0;0;989,05
8187;KIT       ;(NEFRO)KIT CTL RETO 11,5-12,FR X 15-16CM EM POLIURETANO - CATETER TRIPLO LUMEN            ;0;0;0;120
8188;UM        ;(PROCT)GRAMPEADOR CIRURGICO CIRCULAR HEMORROIDAL 33MM                                     ;0;0;0;1794,07
8189;UM        ;(EDA)PINCA DE BIOPSIA RADIAL JAW 240CM 2.8MM STANDARD (1340)                              ;0;0;0;37,73
8191;CX.       ;(EDA)WALLFLEX STENT ESOFAGIANO 10/18CM (1670)                                             ;0;0;0;5122,5
8192;PC.       ;(EDA)WALLFLEX STENT ESOFAGIANO 18/23-25MM X 12CM (1671)                                   ;0;0;0;5122,5
8193;CX.       ;(EDA)WALLFLEX STENT ESOFAGIANO 18/23-25MM X 15CM (1672)                                   ;0;0;0;5122,5
8194;CX.       ;(EDA)WALLFLEX STENT ESOFAGIANO 23/28MM X 10CM (1673)                                      ;0;0;0;5122,5
8195;PC.       ;(EDA)WALLFLEX STENT ESOFAGIANO 23/28MM X 12CM (1674)                                      ;0;0;0;5122,5
8196;CX.       ;(EDA)WALLFLEX STENT ESOFAGIANO 23/28MM X 15CM (1675)                                      ;0;0;0;5122,5
8197;CX.       ;(EDA)CRE CAT BALAO DILATACAO ESOFAGICO TAM 10-12MM P/ FIO GUIA.                           ;0;0;0;520,83
8198;UM        ;PRO-P DESCARTAVEL                                                                         ;0;0;0;5,79
8199;CX.       ;(EDA)CRE CAT BALAO DILATACAO ESOFAGICO TAM 15-18MM P/ FIO GUIA.                           ;0;0;0;468,75
8200;CX.       ;(EDA)GOLD PROBE CATETER BIPOLAR HEMOSTATICO 7FR X 300CM.                                  ;0;0;0;490
8201;PC.       ;(EDA)ALCA P/POLIPECTOMIA CAPTIVATOR MEDIUM HEXAGONAL 27MMX240CM(6234)                     ;0;0;0;45,37
8202;PC.       ;(EDA)ALCA P/POLIPECTOMIA SENSATION SHORT 30MM X 240CM (6265)                              ;0;0;0;45,37
8203;PC.       ;(EDA)ALCA P/POLIPECTOMIA SENSATION MEDIUM 27MMX240(6267) OVAL                             ;0;0;0;45,37
8204;PC.       ;(EDA)ALCA P/POLIPECTOMIA SENSATION SHORT 13MM X240CM (6269)                               ;0;0;0;45,37
8205;KIT       ;SONDA PARA GASTROSTOMIA 22-4.0 (MIC-KEY)                                                  ;0;0;0;447,91
8206;KIT       ;SONDA PARA GASTROSTOMIA 22-4.5 (MIC-KEY)                                                  ;0;0;0;381,94
8207;KIT       ;SONDA PARA GASTROSTOMIA 24-4.0 (MIC-KEY)                                                  ;0;0;0;430
8208;KIT       ;SONDA PARA GASTROSTOMIA 12-1.2 (MIC-KEY)                                                  ;0;0;0;430
8209;UM        ;(EDA)CRE CAT BALAO DILATACAO ESOFAGICO TAM 12-15MM P/ FIO GUIA 0.35.                      ;0;0;0;1330
8210;UM        ;(EDA)CRE CAT BALAO DILATACAO ESOFAGICO TAM 18-20MM P/ FIO GUIA.                           ;0;0;0;1487,5
8211;UM        ;(EDA)ALCA DE POLIPECTOMIA  SNARE 15MMX180CM OVAL PEQUENA                                  ;0;0;0;157,5
8212;UM        ;(EDA)CLIP P/HEMOSTASIA PRE CARREGADA C/1 CLIP 13MM X 230CM  RADIOPACO                     ;0;0;0;490
8213;UM        ;(EDA)BALAO DILATADOR PNEUMATICO P/ACHALASIA 35-80                                         ;0;0;0;1277,53
8214;UM        ;(EDA)BALAO DILATADOR PNEUMATICO P/ACHALASIA 40-80                                         ;0;0;0;1458,33
8215;UM        ;(EDA)FIO GUIA HIDROFILICO BILIAR STANDARD 0.35 X 450CM.                                   ;0;0;0;626,76
8216;UM        ;(EDA)MANOPLA(PISTOLA)P/LITROPSIA E INSUFLACAO KIT                                         ;0;0;0;3500
8217;FR.       ;ALCOOL GEL 70% 1000ML                                                                     ;6;40,5;6,75;6,75
8218;KIT       ;KIT GINECOLOGICO COMPLETO TAM G - (ESPECULO, ESCOVA, ESPATULA E LAMINA)                   ;0;0;0;2,91
8219;KIT       ;KIT GINECOLOGICO COMPLETO TAM M - (ESPECULO, ESCOVA, ESPATULA E LAMINA)                   ;0;0;0;1,69
8220;KIT       ;KIT GINECOLOGICO COMPLETO TAM P - (ESPECULO, ESCOVA, ESPATULA E LAMINA)                   ;0;0;0;1,47
8221;UM        ;(EDA) PINCA DE RETIRADA DE CORPO ESTRANHO TIPO REDINHA 25MM                               ;0;0;0;104,15
8222;UM        ;(EDA)ALCA DE POLIPECTOMIA SNARE 15MM X 230CM.                                             ;0;0;0;1566,6
8223;UM        ;PINCA RET.CORP.ESTR,JACARE DENTE RATO 2.4XMM230CM                                         ;0;0;0;78,33
8224;UM        ;ENVELOPE AUTO-SELANTE 60MM X 130MM APROXIMADAMENTE                                        ;0;0;0;0,28
8225;UM        ;AVENTAL IMPERMEAVEL EM PVC AMARELO                                                        ;14;124,46;8,89;8,89
8226;PCT.      ;PARAFUSO CANULADO 2,0MM ( 03.061-9 )                                                      ;0;0;0;154,38
8227;PCT.      ;PARAFUSO CANULADO 2,7MM ( 03.065-1 )                                                      ;0;0;0;257,26
8228;UM        ;PLACA 1/3 TUBULAR 2,7 X 10 FUROS (03.130-5)                                               ;0;0;0;92,99
8229;UM        ;(COLO)BOLSA ADULAT REF. 416719 SISTEMA 1 PECA OPACA PLASTOCO ANTIODOR,DRENAVEL,COM FILTRO ;200;4666;23,33;23,33
8230;UM        ;BANDAGEM P/TRATAMENTO DE ULCERA VENOSA 10,2X7M(BOTA DE UNNA)                              ;0;0;0;92
8231;UM        ;(OFTAL) SONDA ENDOLASER RETA 23GA                                                         ;0;0;0;800
8232;UM        ;(OFTAL)GAS COMPRIMIDO (PERF LUOROPROPANO)                                                 ;0;0;0;7000
8233;PCT.      ;PACOTE TESTE DESAFIO PRONTO (ACOMPANHA AMPOLA TESTE E CONTRA TESTE)                       ;475;16905,25;35,59;35,59
8234;FR.       ;ALCOOL GEL 70% ATE 100ML                                                                  ;2068;4053,28;1,96;1,96
8235;FR.       ;SOLUCAO DE CLOREXIDINA DEGERMANTE 2% COM 100ML                                            ;360;943,2;2,62;2,62
8236;UM        ;(CARDIO)ESTABILIZADOR P/CIRURGIA DE CORONARIA                                             ;0;0;0;9772
8238;UM        ;(EDA)AGULHA P/ESCLEROSE 23G X 240CM                                                       ;0;0;0;59,98
8239;UM        ;(EDA)AGULHA P/ESCLEROSE 25G X 240CM                                                       ;0;0;0;65
8240;UM        ;(EDA)AGULHA P/ ESCLEROSE 25G X 200CM                                                      ;0;0;0;62,49
8241;UM        ;(EDA)AGULHA P/ESCLEROSE 23G X 200CM                                                       ;0;0;0;62,49
8242;UM        ;CATETER UMBILICAL 5,0FR                                                                   ;220;2994,2;13,61;15,22
8243;UM        ;(ESPEC)PERFUSOR SET 20CM                                                                  ;0;0;0;4,5
8244;UM        ;(ECOESC)AGULHA HIPODERMICA BISELADA EM ACO 0,80X40MM-21GX1 1/2                            ;0;0;0;7,42
8245;UM        ;(ESPEC)MEIA MEDICINAL DE COMPRESSAO 20-30MMHG 7/8 LONGA P                                 ;0;0;0;123,6
8246;UM        ;(ECOESC)FITA CREPE BRANCA DE USO HOSPITLAR 20MMX50M                                       ;0;0;0;0
8247;UM        ;(NEURO)TUBO ENDOTRAQUEAL ARAMADO TAM.3.0                                                  ;0;0;0;14
8248;UM        ;(NEURO)KIT MONITORACAO DO NIVEL CONSCIENCIA TIPO BIS C/MONITOR TOUCHSCREEN E CABO DE ALIME;0;0;0;300
8249;UM        ;COLETOR UNIVERSAL 80 ML DE POLICARBONATO ESTERIL C/PA E TAMPA                             ;0;0;0;0,53
8250;ENV.      ;FIO CATGUT CROMADO N.0 AG.2,6CM (VARIACAO +/- 1MM) 1/2 CILINDRICA 70 CM (VARIACAO +/- 5 CM;216;935,28;4,33;4,33
8251;ENV.      ;FIO POLIDIOXANONA(PDS)N.7-0 AG.9,3MM 3/8 2AG CILIN.ESDRI.75CM.                            ;684;26833,32;39,23;39,23
8252;UM        ;TUBO PARA VENTILACAO COM HASTE-1,0MMX2,4MM                                                ;0;0;0;92,45
8254;KIT       ;(ESPEC)COMPRESSA PARA NEUROCIRURGIA ESTERIL 2,5X2,5CM                                     ;0;0;0;40,4
8255;UM        ;(CARDIO)PROTESE BIOLOGICA ANTI CALCIO MITRAL N.25 A 33 IMPARES                            ;0;0;0;15371
8256;UM        ;(CARDIO)PROTESE BIOLOGICA ANTI CALCIO AORTICA N.21 A 27 IMPARES                           ;0;0;0;22342
8257;UM        ;"CATETER INTRAVENOSO PERIFERICO ""POR-FORA-DA-AGULHA"" 22G                                   ";0;0;0;11138
8258;ENV.      ;FIO NYLON N.8-0 AG.6,5MM 1/4 ESPATULADAS ESTRIADAS,30CM.2AG OFTALMICO                     ;1440;36000;25;25
8259;ENV.      ;FIO KIT CESAREA 6 FIOS:1 NYLON,3 CATGUT E 2 CATGUT CROMADO ADIAMETROS 4-0,2-0 E 0,AGULHAS:;1872;75659,4;40,416346;38,49
8260;UMA       ;(COLOS) PLACA PARA BOLSA REF 10035 COM FLANGE DE 60MM RECORTAVEL 10-55MM, COM DUPLA CAMADA;3525;133641,5;37,912482;37,94
8261;UMA       ;(COLOS)BOLSA PARA COLOSTOMIA ADULTO (18183) HOLLISTER                                     ;790;48955,2;61,968607;62
8262;KIT       ;(NEFRO)KIT CATETER DUPLO LUMEN 13,5-14,5 X 40CM TIPO PERMICATH - LONGA PERMANENCIA.       ;0;0;0;1037,48
8263;UM        ;EQUIPO P/BOMBA DE INFUSAO FRESENIUS-SOLUCOES PARENTERAIS ST 02                            ;0;0;0;24
8264;UM        ;EQUIPO P/BOMBA DE INFUSAO FOTOSSENSSIVEL REF ON 90/AIR FS                                 ;0;0;0;20
8265;UM        ;EQUIPO P/BOMBA DE INFUSAO PARA TRANSUFANSAO REF. TR00/SANGUE                              ;300;6480;21,6;20
8266;UM        ;CADARCO DE ALGODAOO SARJADO, APROX. DE 2 CM X 10 M.                                       ;190;1204,6;6,34;6,34
8267;BOB.      ;PAPEL GRAU CIRURGICO 40CM X 100M.                                                         ;1;227,28;227,28;227,28
8268;UM        ;CATETER CENTRAL DE INSERCAO PERIFERICA (PICC) 3,5FR C/MANDRIL                             ;0;0;0;350
8269;UM        ;EMBALAGEM P/ESTERELIZACAO EM SMS 137 X 137.(APROX.)PESADO                                 ;0;0;0;4,73
8270;UM        ;(NEFRO)KIT CATETER DUPLO LUMEN 12,5FR X 32CM                                              ;0;0;0;921
8271;UM        ;COLETOR UNIVERSAL 80 ML DE POLICARBONATO ESTERIL S/PA E C/ TAMPA                          ;150;48;0,32;0,32
8272;UM        ;AVENTAL CIRURGICO ESTERIL IMPERMEAVEL MANGA LONGA AZUL TAM.M50G                           ;14280;131376;9,2;9,2
8273;PC.       ;FIO TIPO STEINMAN LISO ( 03.079-2 )                                                       ;0;0;0;5,88
8274;KIT       ;SISTEMA DE INJECAO DE MATERIALA P/ VERTEBROPLASTIA, KIT PARA VERTEBROPLASTIA (03.127-5)   ;0;0;0;672,62
8275;UM        ;(EDA)TESOURA ENDOSCOPICA TUBO DE METAL 2.2MM X 160CM        AUTOCLAVAVEL(3254MS. METZENBAU;0;0;0;2634,335
8276;UM        ;(EDA)BOCAL ADULTO P/PROCEDIMENTOS ENDOSCOPICOS C/FAIXA ELASTICA (0250-01)                 ;0;0;0;56,54
8277;UM        ;FORMOL LIQUIDO 37% 1000ML                                                                 ;0;0;0;14,68
8278;UM        ;EMBALAGEM P/ESTERELIZACAO EM SMS 140 X 140.(APROX.)PESADO                                 ;0;0;0;4,41
8279;UM        ;CATETER DE TITANIO 6.6FR(ACESSO VASCULAR)KIT                                              ;0;0;0;1979,16
8280;UMA       ;(COLOS)PLACA P/ BOLSA DE UROSTOMIA REF 11203 C/FLANGE FLOTOANTE DE 57MM HOLLISTER.        ;1624;121188,88;74,623694;71,5
8281;UM        ;TUBO PARA GASTROSTOMIA 20-2.0(MIC-KEY)                                                    ;21;12600;600;600
8283;KIT       ;SONDA PARA GASTROSTOMIA 24-3.0 (MIC-KEY)                                                  ;0;0;0;687,5
8284;PCT.      ;TUBO DE LATEX N.205 PACOTE COM 15 METROS                                                  ;0;0;0;77,6
8285;UM        ;SONDA NAOGASTROJEJUNAL N. 08 C/2 VIAS                                                     ;0;0;0;1350
8286;UM        ;SONDA NAOGASTROJEJUNAL N. 10 C/2 VIAS                                                     ;0;0;0;1350
8287;ENV.      ;FIO CATGUT CROMADO N.3-0 AG.3,0CM 1/2 CIRC.ESTR.75CM                                      ;3144;12733,2;4,05;4,05
8288;FR.       ;GEL CLINICO UNIVERSAL 250/300 G                                                           ;0;0;0;4,31
8289;UM        ;(NEURO)CLIP HEMOSTATICO (CX. 10UNID.)                                                     ;0;0;0;36,66
8290;PCT.      ;(MICROB)PLACAS DE AGAR ESBL PCT C/20 PLACAS                                               ;0;0;0;168,04
8291;PCT.      ;(MICROB)PLACAS DE MEIO BHI C/VANCOMICINA PCT C/100 PLACAS                                 ;0;0;0;500
8292;CX.       ;(MICROB)ENTEROKIT B CX C/16CONJUNTOS                                                      ;0;0;0;349,5
8293;PCT.      ;(MICROB)PLACAS PRONTAS C/MEIO AGAR SANGUE                                                 ;0;0;0;40,24
8294;UM        ;(MICROB)FRASCO DE AGAR NUTRIENTES                                                         ;0;0;0;125
8295;CX.       ;(MICROB)TESTE COMPLETO P/ BACTERIAS GRAM NEGATIVAS-INDENTIFICACAO E ANTIBIOGRAMA COMPATIVE;0;0;0;1558,33
8296;CX.       ;(MICROB)TESTE COMPLETO P/ BACTERIAS GRAM POSITIVAS-INDENTIFICACAO E ANTIBIOGRAMA COMPATIVE;0;0;0;1558,33
8297;FR.       ;(MICROB)CALDO DE HEMOCULTURA PEDIATRICO FRASCO C/INIBIDOR DE ANTIBIOTICO COMPATIVEL C/EQUI;0;0;0;1023,33
8298;PCT.      ;(MICROB)PLACAS PRONTAS C/MEIO MAC CONKEY                                                  ;0;0;0;25,99
8299;UM        ;(COLOS) PROTETOR PARA COLSOTOMIA E ILESTOMIA REF 17444, SISTEMA DE UMA PECA PARA USO POS I;570;18849,9;33,07;33,07
8300;UM        ;PROTESE TOTAL DE QUADRIL EM CERAMICA DE OXIDO DE ALUMINIO TIPO NAO CIMENTADA DIAM.28MMCOM ;0;0;0;20000
8301;UM        ;IOBAM IODOFORADO (EXTRA SUS)                                                              ;0;0;0;290
8302;PC.       ;(EDA)TUBO D GASTRO LOW PROFIL BUTTON 24FR/4.4CM (6835)                                    ;0;0;0;468,75
8303;UM        ;DISPOSITIVO P/ HERNIA UMBILICAL 4,3CM                                                     ;89;108365,42;1217,588988;1228,21
8304;UM        ;CANULA DE TRAQUEOSTOMIA N.8.5 SEM BALAO                                                   ;0;0;0;20,83
8305;UM        ;(NEFRO)ACIDO PERACETICO 0,2% 5000ML                                                       ;0;0;0;15,46
8306;FR.       ;GEL PARA ULTRASSONOGRAFIA FRASCO COM 250-300G                                             ;0;0;0;7,05
8307;UMA       ;ADESIVO P/PROTECAO E TRATAMENTO DA PELE PERIESTOMA COD(3215/3210) E ABSORCAO DE UMIDADE-FL;0;0;0;44,98
8308;UMA       ;(CARDIO)PROTESE DACRON 18X09 TIPO ENXERTO VASCULAR COMPOSTO                               ;0;0;0;664,95
8309;UMA       ;(CARDIO)PROTESE DACRON 16X08 TIPO ENXERTO VASCULAR COMPOSTO                               ;0;0;0;675,7
8310;UM        ;(COLOS)BOLSA POS OPERATORIO EM ESTOMIA INTESTINAL REF 19011 RECORTAVEL 10-115MM.(COLOPLAST;680;65735,6;96,67;96,67
8312;UM        ;CATETER DE TITANIO 8,0FR(ACESSO VASCULAR)KIT                                              ;0;0;0;1072,91
8313;UM        ;SONDA DE FOLEY N.08 3 VIAS (SILICONE)                                                     ;0;0;0;77,35
8314;UM        ;(ESPEC.)CATETER CENTRAL DE INSERCAO PERIFERICA (PICC) 3F 60CM                             ;0;0;0;607,3125
8315;UM        ;(NEURO) CATETER CENTRAL DE INSERCAO PERIFERICA (PICC) 4F 60CM                             ;0;0;0;607,3125
8316;UM        ;(NEURO) CATETER CENTRAL DE INSERCAO PERIFERICA (PICC) 5F 60CM                             ;0;0;0;607,3125
8317;UM        ;(NEURO) CATETER CENTRAL DE INSERCAO PERIFERICA (PICC) 4-5F 60CM                           ;0;0;0;607,3125
8318;UM        ;(COLOS)BOLSA POS OPERATORIO EM ESTOMIA INTESTINAL REF 19010 RECORTAVEL 10-78MM.(COLOPLAST);1805;182383,85;101,043684;96,67
8319;UM        ;(OFTAL) PONTEIRA I/A SILICONE CURVA REESTERELIZAVEL                                       ;0;0;0;1055,57
8320;UM        ;(C.G)GRAMPEADOR CIRCULAR INTRALUMINAL 21MM                                                ;0;0;0;1300
8321;UM        ;(C.G)GRAMPEADOR CIRCULAR INTRALUMINAL 25MM                                                ;0;0;0;1250
8322;UM        ;(C.G)GRAMPEADOR CIRCULAR INTRALUMINAL 29MM                                                ;0;0;0;1459
8323;UM        ;(C.G)GRAMPEADOR CIRCULAR INTRALUMINAL 33MM                                                ;0;0;0;1300
8324;UM        ;(C.G)GRAMPEADOR LINEAR ENDOSCOPIO ARTICULAR COM CORTE                                     ;0;0;0;2600
8325;UM        ;(C.G)RECARGA PARA GRAMPEADOR CURVO CORTANTE CONTOUR 40MM                                  ;0;0;0;11362
8326;UM        ;CURATIVO SAF-GEL REF.145730 COM ALGINATO DE CALCIO E SODIO  TUBO 85G.                     ;352;49280;140;140
8327;UM        ;CURATIVO HIDROCOLOIDE FORMATO SACRAL 18X20CM(APROX.)  OU    CURATIVO DE ESPUMA DE SILICONE;0;0;0;21,83
8328;UM        ;(OFTAL)LENTES INTRA OCULAR NR 16.0-RAYNER                                                 ;0;0;0;235
8329;UM        ;(OFTAL)LENTES INTRA OCULAR NR 17.0-RAYNER                                                 ;0;0;0;235
8330;UM        ;(OFTAL)LENTES INTRA OCULAR NR 18.0-RAYNER                                                 ;0;0;0;235
8331;UM        ;(OFTAL)LENTES INTRA OCULAR NR 18.5-RAYNER                                                 ;0;0;0;235
8332;UM        ;(OFTAL)LENTES INTRA OCULAR NR 21.0-RAYNER                                                 ;0;0;0;235
8333;UM        ;(OFTAL)LENTES INTRA OCULAR NR 25.0-RAYNER                                                 ;0;0;0;235
8334;UM        ;(OFTAL)LENTES INTRA OCULAR NR 26.0-RAYNER                                                 ;0;0;0;235
8335;UM        ;(OFTAL)LENTES INTRA OCULAR NR 26.5-RAYNER                                                 ;0;0;0;235
8336;UM        ;(OFTAL)LENTES INTRA OCULAR NR 28.0-RAYNER                                                 ;0;0;0;235
8337;UM        ;(OFTAL)LENTES INTRA OCULAR NR 29.0-RAYNER                                                 ;0;0;0;235
8338;UM        ;(OFTAL)LENTES INTRA OCULAR NR 30.0-RAYNER                                                 ;0;0;0;235
8339;UM        ;CURATIVO-OLEO A BASE DE ACIDO GRAXO ESSENCIAL(AGE)100ML VITAMINA A E E, TRIGLICERIDEOS DE ;0;0;0;4,08
8340;UMA       ;SONDA DE FOLEY N.06 3 VIAS (SILICONE)                                                     ;0;0;0;76,94
8341;UMA       ;SONDA DE FOLEY N.12 3 VIAS (SILICONE)                                                     ;0;0;0;77,08
8342;UMA       ;SONDA DE FOLEY N.06 3 VIAS (LATEX)                                                        ;0;0;0;0
8343;KIT       ;SONDA PARA GASTROSTOMIA 24-3.5 (MIC-KEY)                                                  ;0;0;0;687,5
8344;KIT       ;SONDA PARA GASTROSTOMIA 24-2.5 (MIC-KEY)                                                  ;0;0;0;687,5
8345;FR.       ;(BARIAT.)AGULHA DESC.P/ANESTESIA RAQUIDIANA 22G X 3 1/2                                   ;0;0;0;8,17
8346;UM        ;(CARDIO)TRENO DE RETRACAO DESCARTAVEL                                                     ;0;0;0;0
8347;UMA       ;(ESPEC.)TORNEIRA 5 VIAS 3 VALVULAS                                                        ;0;0;0;39,55
8349;UM        ;FITA ADESIVA ZEBRADA VH2O2 - PEROXIDO DE HIDROGENIO.                                      ;0;0;0;277
8350;UM        ;(MICRO)INDICADOR QUIMICO EM TIRA P/ PCD-PEROXIDO REFIL 250UND                             ;0;0;0;26,5
8351;UM        ;(HEMO) CATETER DE ASPIRA«AO ASPICATH 6F REF.BG A6F-ASPICATH                               ;0;0;0;3382,5
8352;UM        ;(ESPEC.)FIO GUIA HIDROFILICO 0,035 260CM STIFF CURVO                                      ;0;0;0;249,91
8353;UM        ;(ESPEC.)FIO GUIA HIDROFILICO 0,035 150CM STIFF CURVO                                      ;0;0;0;165,83
8354;UM        ;(CARDIO)STENT CONVENCIONAL CROMO-COB ALTO 3.0X18MM                                        ;0;0;0;1847,22
8355;UM        ;(CARDIO)STENT CONVENCIONAL CROMO-COB ALTO 4.0X18MM                                        ;0;0;0;1847,22
8356;UM        ;(CARDIO)STENT CONVENCIONAL CROMO-COB ALTO 3.5X18MM                                        ;0;0;0;1791,66
8357;UM        ;(ESPEC.)CATETER P/ANGIOGRAFIA CORONARIANA, RADIAL, TIPO TIG 5F                            ;0;0;0;92,2
8358;UM        ;(ESPEC.)FIO GUIA TEFLONADO 0,35 C/PONTA CURVA 150CM                                       ;0;0;0;97,16
8359;UM        ;CATETER DUPLO LUMEN ACESSO VENOSO CENTRAL 4FR X 13 A 15 CM                                ;10;468,2;46,82;46,82
8360;UM        ;CURATIVO TECIDO BIOLOGICO ESTERIL POROSO NAO ADERENTE 10X08CM (VARIACAO +/- 1CM)          ;770;23823,8;30,94;30,94
8361;UM        ;CURATIVO TECIDO BIOLOGICO ESTERIL POROSO NAO ADERENTE 7,6X20,3CM                          ;0;0;0;17,55
8362;UM        ;CURATIVO TECIDO BIOLOGICO ESTERIL POROSO NAO ADERENTE 7,6X7,6CM                           ;0;0;0;0
8363;ENV.      ;FIO POLIDIOXANONA(PDS)N.2-0 AG.2,6CM 1/2 CIRCULAR 70CM                                    ;818;22676,36;27,721711;26,32
8364;ENV.      ;FIO POLIDIOXANONA(PDS)N.3-0 AG.2,6CM 1/2 CIRCULAR 70CM                                    ;2052;52408,08;25,54;25,54
8365;ENV.      ;FIO POLIDIOXANONA(PDS)N.4-0 AG.2,6CM 1/2 CIRCULAR 70CM                                    ;476;9738,52;20,459075;19,07
8366;ENV.      ;FIO POLIDIOXANONA(PDS)N.4-0 AG.1,7CM 1/2 CIRCULAR,70CM                                    ;360;11015,40017;30,598333;33,21
8367;UM        ;SERINGA DESC.01ML C/AGULHA 13X3,0 LUER SLIP                                               ;0;0;0;0,28
8368;UM        ;SERINGA DESC.01ML C/AGULHA 13X3,8 LUER SLIP                                               ;0;0;0;0,31
8369;UM        ;(PATOL)NAVALHA EM ACO PERFIL ALTO CX C/50UND                                              ;0;0;0;340
8370;UM        ;(EDA)PINCA P/ BIOPSIA MULTIPLAS COLETAS 23MM X 180CM P/ ENDOSCOPIAS.                      ;0;0;0;78,33
8371;UM        ;(EDA)PINCA P/ BIOPSIA MULTIPLAS COLETAS 23MM X 230CM GBF.                                 ;0;0;0;28,47
8372;UM        ;(EDA)ALCA DE POLIPECTOMIA SNARE 25MMX230CM                                                ;0;0;0;79,02
8373;UM        ;(EDA)ALCA DE POLIPECTOMIA SNARE 35MMX180 OVAL                                             ;0;0;0;97,22
8374;UM        ;(EDA)ALCA DE POLIPECTOMIA DESC. ESTERIL 240CM X 13MM TIPO MACRO OVAL                      ;0;0;0;98,95
8376;UM        ;(EDA)PINCA P/BIOPSIA MANDIBULA S/AG.23MM180 2.8M APRESENTA  MANDIBULA FENESTRADA          ;0;0;0;32,63
8377;UM        ;PLACA BLOQUEADA TIPO ROSQUEAVEL ESTRELA P/CALCANEO (EXTRA SUS)                            ;0;0;0;2755,32
8378;UM        ;(PATOL) ALCOOL ETILICO HIDRATADO 70%                                                      ;0;0;0;5,81
8379;L.        ;(ESPEC)XILOL P.A 1000ML                                                                   ;0;0;0;29,13
8380;UM        ;(EDA)PINCA DE RETIRADA DE CORPO ESTRANHO TIPO REDINHA 25MM X 180CM.                       ;0;0;0;34,8
8390;UM        ;PLACA BLOQUEADA PARA FIBULA DISTAL (EXTRA SUS)                                            ;0;0;0;847,22
8391;UM        ;PLACA BLOQUEADA EM S PERFIL BAIXO P/CLAVICULA (EXTRA SUS)                                 ;0;0;0;3382,97
8392;UM        ;PARAFUSO AUTO ROSQUEAVEL 4,5MM (EXTRA SUS)                                                ;0;0;0;669,64
8393;UM        ;FIXADOR ARTICULADO COTOVELO (EXTRA SUS)                                                   ;0;0;0;28750
8395;GL.       ;HIPOCLORITO DE SODIO 5% 5000ML                                                            ;0;0;0;57,19
8396;UM        ;(NEURO)HEMOSTATICO ABSOLVIVEL ESPONJA GELATNA PURIFICADA 10X10                            ;0;0;0;80,64
8397;UM        ;COLETOR UNIVERSAL 70 ML DE POLICARBONATO ESTERIL C/PA E TAMPA                             ;0;0;0;0,87
8398;UM        ;(CPRE)FIO GUIA JAGWIRE STANDARD 0,035 X 260CM COD.5684                                    ;0;0;0;300
8399;UM        ;CABO E CANETA P/CAUTERIO BIPOLAR AUTOCLAVAVEL                                             ;12;18881,32;1573,443333;1568
8400;UM        ;(OFTAL)FIO POLIPROPILENO N.10-0 AG.1,6CM COM.20CM C/2AG                                   ;0;0;0;43,48
8402;UM        ;BROCA REDONDA DIAMANTADA 6.0MM (NEURO)                                                    ;0;0;0;3467,99
8403;UM        ;(ESPEC.)BROCA ADULTO/INFANTIL TREPANACAO AUTOCLAVAVEL                                     ;0;0;0;5088,35
8404;UM        ;BROCA REDONDA DIAMANTADA CURTA/MEDIA/LONGA 7.0MM (NEURO)                                  ;0;0;0;2000
8405;UM        ;(PATOL)SOLUCAO CORANTE ORANGE G G6 1000ML                                                 ;0;0;0;44,05
8406;UM        ;(PATOL)SOLUCAO CORANTE POLICROMO EA 36 1000ML                                             ;0;0;0;79,5
8407;UM        ;(PATOL)SOLUCAO CORANTE AZUL DE METILENO GIEMSA 1000ML                                     ;0;0;0;33,33
8408;UM        ;(EDA)BOCAL PEDIATRICO P/ PROCEDIMENTOS ENDOSCOPICOS C/FAIXA ELASTICA.REUTILIZAVEL         ;0;0;0;62,5
8409;UM        ;FITA MICROPOROSA 2,5CMX 10M                                                               ;0;0;0;0
8410;FR.       ;(ESPEC)FORMOL 10% 1000ML                                                                  ;0;0;0;11,01
8411;UM        ;(NEURO)ENXERTO DURAL ABSOLVIVEL 5X5CM                                                     ;0;0;0;1000
8413;FR.       ;(PATOL)SOLUCAO HEMATOXILINA DE HARRIS C/1000ML                                            ;0;0;0;195,99
8414;KIT       ;(PATOL)KIT COLORACAO ZIEHL NEELSEN MINIMO DE 60 TESTES P/HISTOPATOLOGIA.                  ;0;0;0;350
8415;UM        ;SERINGA DESC.60ML S/AGULHA BICO LONGO OU BICO CATETER                                     ;0;0;0;0,96
8416;UMA       ;AGULHA DE PUNCAO INTRAOSSEA PEDIATRICA 18G 1,25MM X 23,6MM                                ;4;3520;880;880
8417;FR.       ;(MICRO)BOBINA MOD.TYVEK 350MMX70MM                                                        ;0;0;0;985
8418;UM        ;PAPEL GRAU CIRURGICO 60CM X 100M.                                                         ;68;19499,68;286,76;286,76
8419;CX.       ;(CPRE)BALAO DILATACAO BILIAR COM LUMEM DUPLO COM BALAO DE 8MMX4CM DE TAM 180CM.(4594)     ;0;0;0;600
8420;CX.       ;(EDA)BALAO DILATADOR PNEUMATICO P ACALASIA, DESCARTAVEL DE TAM 10CM X 30MM.(5451)         ;0;0;0;1230
8421;KIT       ;(NEFRO)KIT CATETER DUPLO LUMEN 12,5FR X 40CM                                              ;0;0;0;921
8422;UM        ;(ESPEC)CIMENTO OSSEO C/ANTIBIOTICO                                                        ;0;0;0;354,37
8423;UM        ;CONJUNTO DE VALVULA P/HIDROCEFALIA BAIXA/MEDIA/ALTA PRESSAO ADULTO E INFANTIL             ;0;0;0;660,66
8424;UMA       ;ESPONJA HEMOSTATICA DE GELATINA (20X7X0,05CM)                                             ;0;0;0;86,5
8425;UM        ;CURATIVO HIDROGEL 15G (GEL PURILON)                                                       ;0;0;0;29
8426;UM        ;FITA CARDIACA 80CMX35X80                                                                  ;0;0;0;3,46
8429;UM        ;(ESPEC)CATETER PARA ANGIOGRAFIA PIGTAIL EM NYLON 5F 110CM (100 A 125CM). PONTA ATRAUMATICA;0;0;0;91,66
8431;UM        ;CATETER DUPLO LUMEN ACESSO VENOSO CENTRAL 6FR X 20CM                                      ;0;0;0;399,9
8432;UM        ;"(ESPEC)FIO POLIGLACTINA(VYCRIL)DIAMETRO ""7-0"",COMP.45CM,2AG DE 6,5MM E CURVATURA DE 3/8 ES";0;0;0;370
8433;UM        ;"(OFTAL)FIO POLIGLACTINA(VYCRIL),DIAMETRO ""8-0"",COMP.30CM,2A DE 6,5MM E CURVATURA DE 3/8 ES";0;0;0;461,25
8434;UM        ;(OFTAL)FIO POLIPROPILENO N.10-0 AG.0,65CM 20CM C/2AG ESPATULADAS ESTRIADAS                ;0;0;0;397
8435;UM        ;(OFTAL)FIO NYLON N.9-0 AG.0,65MM 3/8 30CM 2AG.ESPATULADAS ESTRIADAS                       ;0;0;0;319
8436;UMA       ;CANULA DE TRAQUEOSTOMIA N.9.5 COM BALAO                                                   ;260;4183,4;16,09;16,09
8437;UM        ;(NEURO)ENXERTO DURAL ABSOLVIVEL 7,5 X 7,5CM                                               ;0;0;0;1800
8438;UM        ;(CARDIO)CAMPO CIRURGICO AUTOADESIVO (INCIFILM)30X28CM                                     ;0;0;0;37,5
8439;KIT       ;(NEFRO)KIT CDL 13,5FR-14,5FR X 36CM TIPO PERMICATH LONGA PERMANENCIA-CATETER DUPLO LUMEN  ;18;22213,8;1234,1;1234,1
8440;UM        ;SONDA GASTRICA (NASOGASTRICA) N.24 CURTA.                                                 ;169;172,38;1,02;1,02
8441;ENV.      ;FIO CATGUT SIMPLES N.1-0 AG.4,0CM 1/2 CIL.ROB.75CM.                                       ;1896;9972,96;5,26;5,26
8442;ENV.      ;FIO CATGUT SIMPLES (5-0), COMPRIMENTO 70 CM,AGULHA CILINDRICA 17 MM CURVATURA DE 1/2.     ;0;0;0;3,09
8443;ENV.      ;FIO NYLON N.4-0 AG.1,9CM 3/8 CIRCULAR, TRIANGULAR COMP.45CM (+/- 1MM VARIACAO)            ;6180;13731;2,221844;2,79
8445;UM        ;(NEURO)SELANTE CIRURGICO C/FIBRINOGENIO,TROMPINA E CLORETO DE CALCIO(ACESSORIO DE PULVERIZ;0;0;0;82,4
8446;UM        ;CATETER DUPLO LUMEN ACESSO VENOSO CENTRAL 5FR X 13 A 15CM                                 ;1640;114800;70;70
8447;UMA       ;FIO NYLON N.3-0 AG.2,4CM 1/2 CIRCULAR,COMP.45CM (+/- 1MM VARIACAO)                        ;6376;37217,52;5,837126;1,86
8448;UMA       ;FIO NYLON N.4-0 AG.2,6CM 1/2 CIRCULAR,COMP.45CM (+/- 1MM VARIACAO)                        ;2000;2900;1,45;1,45
8449;UMA       ;FIO ACO(MONOF)N.4-0 AG.4,8CM 1/2 TRIANGULAR ESTRIADA,COMP.45CM (8 FIOS NO ENVELOPE).      ;276;18768;68;68
8450;ENV.      ;FIO NYLON N.5-0 AG.2,6CM 1/2 TRIANGULAR,45CM (+/- 1MM VARIACAO)                           ;1848;3345,84;1,810519;1,53
8451;UMA       ;PULSEIRA PARA INDENTIFICACAO ADULTO VERDE                                                 ;0;0;0;0,41
8452;UM        ;CATETER CENTRAL DE INSERCAO PERIFERICA (PICC) 2F 24G 60CM                                 ;0;0;0;270
8453;PAR       ;LUVAS NITRILICA S/ FORRO TAM. P                                                           ;0;0;0;16,05
8454;ENV.      ;FIO CATGUT SIMPLES N.3-0 AG.3,5CM 1/2 CILINDRICA, COMP.75CM.                              ;4200;19614;4,67;4,67
8455;FR.       ;IODOPOLIVIDONA SOLUCAO DEGERMANTE 1000ML                                                  ;0;0;0;43
8456;FR.       ;IODOPOLIVIDONA SOLUCAO HIDROALCOOLICA 1000ML                                              ;0;0;0;56
8457;UM        ;(ESPEC.)EXTENSOR CURTO DE ALTA PRESSAO P/CONTRASTE ATE 1200PSI                            ;0;0;0;28,66
8458;UM        ;FIO POLIESTER ALGODAO(POLYCOT)N.2-0 AG.3,0CM CIRC.TRIAN.45CM                              ;4416;10314,24;2,335652;2,85
8459;UM        ;(HEMODINAMICA)CATETER BALAO PTA 0,018 X 3,0MM X 150MM X 135CM                             ;0;0;0;499,14
8460;UM        ;(HEMODINAMICA)CATETER BALAO PTA 0,014 X 2,5MM X 150MM X 150CM                             ;0;0;0;499,14
8461;UM        ;(HEMODINAMICA)CATETER BALAO PTA 0,014 X 2,0MM X 150MM X 150CM                             ;0;0;0;499,14
8462;UM        ;(HEMODINAMICA)CATETER BALAO PTA 0,014 X 2,5MM X 200MM X 150CM                             ;0;0;0;499,14
8463;UM        ;(HEMODINAMICA)CATETER BALAO PTA 0,014 X 3,0MM X 280MM X 150CM                             ;0;0;0;499,14
8464;UM        ;(HEMODINAMICA)CATETER BALAO PTA 0,014 X 2,5MM X 280MM X 150CM                             ;0;0;0;499,14
8465;UM        ;(HEMODINAMICA)CATETER BALAO PTA 0,014 X 2,0MM X 200MM X 150CM                             ;0;0;0;499,14
8466;UM        ;(HEMODINAMICA)CATETER BALAO PTA 0,014 X 3,0MM X 150MM X 150CM                             ;0;0;0;499,14
8467;UM        ;(ESPEC)TESOURA COAGULADORA ULTRASSONICA LAMINA CURVA 5MM DE DIAMENTRO E HASTE DE 36CM DE C;0;0;0;2580
8468;UM        ;(ESPEC)TRICOTOMIZADOR DE CRANIO COM BATERIA RECARREGAVEL C/ CABO 220V                     ;0;0;0;1733,5
8469;UM        ;(ESPEC)LAMINAS PARA TRICOTOMIZADOR                                                        ;0;0;0;73,98
8470;UM        ;FIO POLIPROPILENO N.3-0 AG.1,7CM 1/2 CIRC.75CM,C/2AG(CARDIOVASCULAR)                      ;1224;10918,08;8,92;8,92
8471;UM        ;FIO POLIPROPILENO N.4-0 AG.2,6CM 1/2 CIRCULAR,90CM C/2AG                                  ;0;0;0;9,6
8472;UM        ;FIO POLIPROPILENO N.3-0 AG.2,6CM 1/2 CIRCULAR,75CM GASTROINTESTINAL                       ;0;0;0;0
8473;FR.       ;(BARIAT)FIO POLIDIOXANONA(PDS)N.4-0 AG.1,7CM 1/2 CIRC.70CM                                ;0;0;0;1333,71
8474;FR.       ;(BARIAT)FIO POLIDIOXANONA(PDS)N.5-0 AG.1,3CM 3/8 CIRC.75CM                                ;0;0;0;2424,27
8475;ENV.      ;FIO POLIPROPILENO N.7-0 AG.1,3CM 3/8 CILIN.60CM C/2AG CARDIOVASCULAR                      ;864;23319,36;26,99;26,99
8476;ENV.      ;FIO POLIPROPILENO N.7-0 AG.9,3MM 3/8 CILIN.75CM C/2AG CARDIOVASCULAR                      ;0;0;0;19
8477;UM        ;COLETOR UNIVERSAL 50 ML PLASTICO DESCARTAVEL C/PA                                         ;0;0;0;0,5
8478;ENV.      ;FIO POLIPROPILENO N.5-0 AG.1,7MM 1/2 CILIN.ESTR.75CM C/2AG CARDIOVASCULAR                 ;2232;20571,84;9,216774;11,73
8480;ENV.      ;FIO POLIPROPILENO N.0 AG.2,6CM 1/2 CILIN.ESTR.75CM C/2AG FECHAMENTO GERAL                 ;0;0;0;1,67
8481;ENV.      ;FIO POLIPROPILENO N.2-0 AG.2,2CM 1/2 75CM CIL.ESTR.RETANG.C/2AG CARDIOVASCULAR            ;3648;27141,12;7,44;7,44
8482;ENV.      ;FIO POLIPROPILENO N.3-0 AG.2,6CM 1/2 CORT.ESTR.QUAD.90CM C/2AG CARDIOVASCULAR             ;0;0;0;11,52
8483;ENV.      ;FIO POLIPROPILENO N.4-0 AG.1,7CM 1/2 CORT.ESTR.QUAD.90CM C/2AG CARDIOVASCULAR             ;0;0;0;19,54
8484;ENV.      ;FIO POLIPROPILENO N.5-0 AG.1,7CM 1/2 CORT.ESTR.QUAD.90CM C/2AG CARDIOVASCULAR             ;0;0;0;13,92
8485;ENV.      ;FIO POLIDIOXANONA(PDS)N.1 AG.4,8CM 1/2 CIL.ESTR.90CM FECHAMENTO GERAL.                    ;780;23420,04;30,025692;28,91
8486;ENV.      ;FIO POLIDIOXANONA(PDS)N.1 AG.6,5CM 1/2 CIL.ESTR.244CM FECHAMENTO GERAL.                   ;0;0;0;53,34
8487;UM        ;(ESPEC.)GUIA P/ MEDICAO DE FLUXO FRACIONADO DE RESERVA FFR                                ;0;0;0;2875
8488;UM        ;(NEURO)KIT DE BIOPSIA ESTEREOTAXICA C/AGULHA E PARAFUSOS                                  ;0;0;0;3716,66
8489;FR.       ;(PATOL)MEIO DE INCLUSAO P/ CONGELACAO C/MINIMO 100ML                                      ;0;0;0;190
8490;TESTE     ;(PATOL)CONJUNTO COLORACAO GROCOT C/MINIMO 60 TESTE                                        ;0;0;0;400
8491;TESTE     ;(PATOL)CONJUNTO COLORACAO PICROSIRIUS RED STAINIG PRONTO P/SO MINIMO 60 TESTE             ;0;0;0;350
8492;TESTE     ;(PATOL)CONJUNTO COLORACAO PAS-ACIDO PERIODICO SCHIFF-PRONTO P/USO MINIMO 60 TESTE         ;0;0;0;450
8493;TESTE     ;(PATOL)CONJUNTO COLORACAO TRICROMIO DE MASSON PRONTO P/USO MINIMO 60 TESTE                ;0;0;0;350
8494;TESTE     ;(PATOL)CONJUNTO COLORACAO PERLS PRONTO P/USO MINIMO 60 TESTE                              ;0;0;0;350
8495;TESTE     ;(PATOL)CONJUNTO COLORACAO FONTANA MASSON P/USO MINIMO 60 TESTE                            ;0;0;0;400
8496;TESTE     ;(PATOL)CONJUNTO COLORACAO VERHOEFF PRONTO P/USO MINIMO 60 TESTE                           ;0;0;0;350
8497;TESTE     ;(PATOL)CONJUNTO COLORACAO ALCIAN BLUE PH 2,5 PRONTO P/USO MINIMO 60 TESTE                 ;0;0;0;350
8498;TESTE     ;(PATOL)CONJUNTO COLORACAO RETICULINA PRONTO P/USO MINIMO 60 TESTE                         ;0;0;0;400
8499;TESTE     ;(PATOL)CONJUNTO COLORACAO MUCICARMIM PRONTO P/USO MINIMO 60 TESTE                         ;0;0;0;350
8500;TESTE     ;(PATOL)CONJUNTO COLORACAO VERMELHO CONGO PRONTO P/USO MINIMO 60 TESTES                    ;0;0;0;350
8501;UM        ;CURATIVO DE ABSORCAO,DE CARVAO ATIVADO C/ALGINATO DE CALCIO E SODIO E CARBOXIM.SODICA 08X1;0;0;0;43,83
8502;ENV.      ;FIO POLIDIOXANONA(PDS)N.0 AG.3,6CM 1/2 CIL.ESTR.90CM FECHAMENTO GERAL.                    ;0;0;0;28,5
8503;ENV.      ;FIO POLIESTER ALGODAO N.0 AG.3,0CM 3/8 CIRCULAR,COMP.75CM                                 ;4356;10470,6;2,403719;2,85
8504;ENV.      ;FIO NYLON N.2-0 AG.2,6CM 3/8 OU 1/2 TRIAN. ESTR. 45 CM NEUROCIRURGIA                      ;0;0;0;1,61
8506;UM        ;(HEMODINAMICA)CATETER BALAO PTA 0,014 X 3,0MM X 120MM X 150CM                             ;0;0;0;499,14
8507;UM        ;(HEMODINAMICA)CATETER BALAO PTA 0,014 X 4,0MM X 120MM X 150CM                             ;0;0;0;499,14
8508;UM        ;CAPA PARA VIDEO CIRURGIA DESC.15X250CM                                                    ;74;210,16;2,84;2,84
8509;UM        ;CATETER NASAL P/OXIGENIO TIPO OCULOS N.10                                                 ;0;0;0;1,35
8510;UM        ;(VASCULAR)FIO GUIA EXTRA SUPORRT 0,14X300                                                 ;0;0;0;195
8511;CX.       ;FILME RADIOLOGICO 18 X 13 CAIXA COM 100                                                   ;0;0;0;47,69
8512;UM        ;(JPII)BAINHA INTRODUTORA C/REVESTIMENTO HODROFILICO 18X28CM                               ;0;0;0;1200
8513;UM        ;(JPII)CATETER DILATADOR NONOCROSS 14 OTW                                                  ;0;0;0;499,14
8514;UM        ;(JPII)STENT PER EVERFLEX 6X060X120                                                        ;0;0;0;2034,5
8515;UM        ;(JPII)CATETER BALAO P/ANGIO PER XTREME 4X120MM 130CM                                      ;0;0;0;499,14
8516;UM        ;(JPII)CATETER BALAO P/ANGIO PER AMPH DEEP 2,50X150MM 150CM                                ;0;0;0;499,14
8517;UM        ;(JPII)CATETER BALAO P/ANGIO PER AMPH DEEP 3X80MM 120CM                                    ;0;0;0;499,14
8518;UM        ;(JPII)VALIANT CAPTIVIA ENDOPROT. TORACICA RETA 40/40/20                                   ;0;0;0;14000
8519;UM        ;(JPII)VALIANT CAPTIVIA ENDOPROT. TORACICA RETA 38/38/20                                   ;0;0;0;14000
8520;UM        ;(JPII)ENDOPROTESE ENDURANT II BIFURCADA 25X16X166                                         ;0;0;0;14000
8521;UM        ;(JPII)ENDOPROTESE ENDURANT II LIMB 16X24X156 I                                            ;0;0;0;10200
8522;UM        ;(JPII)TALENT SISTEMA DE ENDOPROT VASCULAR BIFURC BALAO 46                                 ;0;0;0;499,14
8523;UM        ;(JPII)ENDOPROTESE ENDURANT II LIMB 16X24X124 I                                            ;0;0;0;10200
8524;UM        ;(JPII)ENDOPROTESE ENDURANT II CONTRALATERAL 16X16X12                                      ;0;0;0;10200
8525;UM        ;(JPII)ENDOPROTESE ABDOMINAL ENDURANT II CORPO BIFURCADO 28X16X166 I                       ;0;0;0;14000
8526;UM        ;(JPII)ENDOPROTESE ENDURANT II ABD TUBES 23X23X70                                          ;0;0;0;10200
8527;UM        ;(JPII)ENDOPROTESE ENDURANT II ABD TUBES 25X25X70                                          ;0;0;0;10200
8528;UM        ;(JPII)VALIANT CAPTIVIA ENDOPROT. TORACICA RETA 36/36/200                                  ;0;0;0;14000
8529;UM        ;(JPII)ENDOPROTESE ENDURANT II AUI 36X14X102 I                                             ;0;0;0;14000
8530;UM        ;(JPII)ENDOPROTESE ENDURANT II EXTENSAO 20X20X82 I                                         ;0;0;0;10200
8531;UM        ;(JPII)ENDOPROTESE ENDURANT II CONTRALATERAL 16X16X156                                     ;0;0;0;10200
8532;UM        ;(JPII)ENDOPROTESE ENDURANT II CONTRALATERAL 16X16X19                                      ;30;78,6;2,62;2,62
8533;UM        ;(JPII)ENDOPROTESE FLUENCY PLUS 12X060MM 117CM OTW                                         ;0;0;0;18000
8534;UM        ;(JPII)FIO GUIA HIDROFILICO ANG.035X260CM                                                  ;0;0;0;476
8535;UM        ;(JPII)CONECTOR Y CLICK C/EXTENSOR 25CM (832904)                                           ;0;0;0;100
8536;UM        ;(JPII)INTRODUTOR P/CATETER COM E SEM VALVULA 8FX90CM (G11897)                             ;0;0;0;2498
8537;UM        ;(JPII)CATETER ANGIOGRAFICO PIG TAIL CENTIMETRADO 5FX100CM (7602-20M)                      ;0;0;0;1798
8538;UM        ;(JPII)CATETER ANGIOGRAFICO (G06005-HNB5.0-38-100-P-NS-HI)                                 ;0;0;0;418
8539;UM        ;(JPII)CATETER ANGIOGRAFICO COBRA 15FRX80CM(BT-AC5-C1)                                     ;0;0;0;284,35
8540;UM        ;(JPII)FIO GUIA LUNDERQUIST(G53967-TSCMG-35-260-E-LESDC)                                   ;0;0;0;1452,04
8541;UM        ;(JPII)AGULHA DE PUNCAO (HQ-1510)                                                          ;0;0;0;48,8
8542;UM        ;(JPII)INTRODUTOR P/CATETER COM E SEM VALVULA 9FX70CM (G12606)                             ;0;0;0;2498
8543;UM        ;(JPII)CATETER ANGIOGRAFICO VERTEBRAL 5FX100CM (BT-AC5-RCI)                                ;0;0;0;284,35
8544;UM        ;(JPII)CATETER ANGIOGRAFICO VERTEBRAL 4FX100CM (7717-BO)                                   ;0;0;0;284,35
8545;UM        ;(JPII)FIO GUIA AMPLATZ SUP STIFF(45-509)                                                  ;0;0;0;1500
8546;UM        ;(JPII)CATETER BALAO P/ANGIO PER ADM XTREME 4X80MM 130CM                                   ;0;0;0;499,14
8547;UM        ;(JPII)CATETER SIM 2 5FR 100CM (5576-B3)                                                   ;0;0;0;200
8548;UM        ;(JPII)CATETER PIGATIL NORMAL 5FR 110CM (7529-11)                                          ;0;0;0;200
8549;UM        ;(JPII)CATETER MAMARIA 5FR 100CM (7531-13)                                                 ;0;0;0;200
8550;UM        ;(JPII)CATETER VERTEBRAL 5FR 100CM (5583-A3)                                               ;0;0;0;200
8551;UM        ;(ESPEC)KIT P/ASPIRADOR ULTRASSONICO COMPATIVEL C/ASPIRADOR SONOCA                         ;0;0;0;650
8552;UM        ;ESCOVA PARA DEGERMACAO COM CLOREXIDINA 1%                                                 ;0;0;0;2,39
8553;UM        ;(URO)FIO GUIA HIDROFILICO 150CMX0,038 PONTA CURVA                                         ;0;0;0;179,99
8554;UM        ;(NEURO) KIT DE ESTIMULACAO CEREBRAL COM PONTA ANGULADA COMPATIVEL COM EQUIPAMENTO NEUROEST;0;0;0;21583,33
8555;UM        ;MASCARA P/ OXIGENIOTERAPIA EM TRAQUEOSTOMIA OU LARINGECTOMIA INFANTIL.                    ;54;579,91;10,739074;10,5
8556;UM        ;MASCARA OXIGENIO COM RESERVATORIO E DE NAO REINALACAO INFANTIL.                           ;200;5600;28;28
8557;UM        ;MASCARA OXIGENIO COM RESERVATORIO E DE NAO REINALACAO ADULTO.                             ;20;97,2;4,86;4,86
8558;UM        ;TUBO RESERVATORIO DE OXIGENIO P/AMBU NEONATAL                                             ;0;0;0;21,69
8559;UM        ;(EDA)PINCA DE BIOPSIA MANDIBULA DE GRANDE CAPACIDADE C/AG. DESCARTAVEL 23MM X 230CM.      ;0;0;0;104,15
8560;UM        ;(NEURO)CAMISA DESCARTAVEL ESTERIL P/ULTRASSOM INTRA-OPERATORIO 15X80CM                    ;0;0;0;39
8561;UM        ;(URO)PECA DE MAO DO LITOTRITOR PNEUMATICO                                                 ;0;0;0;30750
8562;UM        ;(URO)PROBE PARA BALISTICO DE LITOTRIPSIA PERCUTANEA  (D= 2,0MM, C= 40 CM)                 ;0;0;0;567
8563;UM        ;(URO)PROBE PARA BALISTICO DE LITOTRIPSIA PERCUTANEA (D= 1,5 MM, C= 40 CM)                 ;0;0;0;567
8564;UM        ;(URO)CAPA DE MICROCAMERA(LUVA DE ARTROSCOPIA)15X250CM                                     ;0;0;0;3,77
8565;UM        ;(HEMODINAMICA)CATETER BALAO PTA 0,018 X 2,5MM X 150MM X 135CM                             ;0;0;0;499,14
8566;UM        ;(HEMODINAMICA)CATETER BALAO PTA 0,014 X 3,0MM X 200MM X 150CM                             ;0;0;0;499,14
8567;UM        ;(ESPEC.)PUNCH 06.50MM (OFTALMO)                                                           ;0;0;0;570
8568;UM        ;(ESPEC.)PUNCH 07.00MM (OFTALMO)                                                           ;0;0;0;570
8570;UM        ;KIT DE TREPANACAO LAMINA 06.50MM. TREPANO (OFTALMO).                                      ;0;0;0;594
8571;KIT       ;SONDA ENDOBRONQUIAL DUPLO LUMEN, DIREITA,TAM.26.                                          ;0;0;0;389,49
8572;UMA       ;IMOBILIZADOR DE JOELHO FIXO.                                                              ;0;0;0;1,56
8573;ENV.      ;ITEM EXCLU√≠DO - USAR O C√≥DIGO 10592                       FIO NYLON N.5-0 AG.2,0CM 3/8 C;0;0;0;2,41
8574;UM        ;COLETOR SECRECOES DE VIAS AEREAS(BRONQUINHO)500ML C/TAMPA C/2 VIAS                        ;0;0;0;11,51
8575;UM        ;(RADIO)BOLSA APLICACAO ENEMA,MATERIAL PLASTICO FABRICADO EM PVC ATOXICO 3000ML            ;0;0;0;36,72
8576;UM        ;CANULA RETAL RIGIDA (RADIO)                                                               ;0;0;0;15,41
8577;UM        ;ANCORA NAO ABSORVIVEL (EXTRA SUS)                                                         ;0;0;0;1320,27
8578;UM        ;ANCORAS DIVERSOS TAMANHOS - SUS                                                           ;0;0;0;223,57
8579;UM        ;KIT LAVAGEM P/CIRURGIA ORTOPEDICA AR COMPRIMIDO(EXTRA SUS)                                ;0;0;0;786
8580;UM        ;CATETER DE TITANIO 9,0FR(ACESSO VASCULAR)KIT                                              ;0;0;0;672,64
8581;UM        ;COLETOR UNIVERSAL 50 ML ESTERIL S/PA C/TAMPA                                              ;0;0;0;0,32
8582;UM        ;(ESPEC)KIT APLICADOR P/SELANTE DE FIBRINA HUMANA COM SELANTE DE FIBRINA HUMANA 4ML (COLA B;0;0;0;364,52
8583;UM        ;MICRO PLACA LEFORT 11F AVANCO 6MM ESQUERDA                                                ;0;0;0;343,72
8584;UM        ;(ESPEC)FITA INDICADOR QUIMICO INTERNO                                                     ;0;0;0;40
8585;UM        ;(URO)AGULHA DE CHIBA 18GX20CM                                                             ;0;0;0;108,32
8586;UM        ;FRASCO PLAST. C/TAMPA ROSCA 60ML C/30ML FORMOL TAMPONADO 10%                              ;0;0;0;1,85
8587;UM        ;FRASCO PLAST. C/TAMPA ROSCA 60ML C/30ML FORMOL TAMPONADO 10%                              ;0;0;0;1,68
8588;UM        ;(C.G)FIO VICRIL N.0 POLIGLACTINA 910-PGLA 1/2X70CM ESTRIADO                               ;0;0;0;5,69
8589;UM        ;(C.G)FIO PDS N.0 AGULHA CILINDRADA 60 X 150 CM                                            ;0;0;0;33,65
8590;UM        ;PONTEIRA TIPO UNIVERSAL                                                                   ;0;0;0;0
8591;UM        ;TUBO ENDOTRAQUEAL N 10.0 S/CUFF                                                           ;0;0;0;0
8595;PC.       ;LAMINA DE LARINGOSCOPIO RETA N.03                                                         ;75;9039,75;120,53;120,53
8596;UM        ;ALMOTOLIA TRANSPARENTE BICO RETO 300ML                                                    ;0;0;0;0
8597;UM        ;(VASCULAR)STENT ABSOLUTE PRO/7.0/100MM ON 135CM                                           ;0;0;0;3000
8598;UM        ;(ESPEC.)CATETER BALAO ARMADA 35LL 6.0X80MM 135CM                                          ;0;0;0;900
8600;UM        ;(C.G)FIO VICRIL N.1 POLIGLACTINA 910-PGLA1/2X70CM CILINDRADO                              ;0;0;0;36,71
8602;UM        ;PAPEL P/ELETROCARDIOGRAMA EP3 (A4) 100FL                                                  ;0;0;0;13,29
8603;FR.       ;VASELINA SOLIDA FARMACEUTICA 100% POTE COM 500G                                           ;0;0;0;0
8606;UM        ;VALVULA REGULADORA PARA CILINDRO P/AR COMPRIMIDO                                          ;0;0;0;0
8607;UM        ;DISPOSITIVO PARA CATETER VENOSSO CENTRAL 2FR                                              ;0;0;0;0
8608;UM        ;AGULHA DE RAQUIDIANA REALSAVEL 80 X 7                                                     ;0;0;0;0
8609;UM        ;FIO POLIESTER ALGODAO(POLYCOT)N.3-0 AG.2,5CM 1/2 CIRC.45CM                                ;0;0;0;0
8610;ENV.      ;FIO POLIPROPILENO N.0 AG.2,6CM 1/2 CIRCULAR,COMP.75CM                                     ;2832;6428,64;2,27;2,27
8611;ENV.      ;FIO POLIGLICOLICO N.0 AG.2,5CM 1/2 CIRCULAR,COMP.70CM                                     ;0;0;0;0
8613;UM        ;FIO POLIPROPILENO N.3-0 AG.2,6CM 1/2 CIRC.75CM 2AG CARDIO                                 ;144;318,24;2,21;2,21
8614;UM        ;(EDA)PINCA DE BIOPSIA RADIAL JAW 160CM 2.8MM STANDARD (1330)                              ;0;0;0;33,26
8615;UM        ;FIO GUIA CALIBRADO (EXTRA SUS)                                                            ;21;472,08;22,48;22,48
8616;UM        ;FIO GUIA EM ACO INOX (EXTRA SUS)                                                          ;0;0;0;190
8617;UM        ;(ESPEC.)INDICADOR BIOLOGICO AUTO-CONTIDO                                                  ;0;0;0;16,93
8618;UM        ;(ESPEC.)BROCA REDONDA DIAMANTADA CURTA/MEDIA/LONGA 1MM,2MM,3MM,4MM,5MM                    ;0;0;0;2000
8619;UM        ;(ESPEC.)BROCA CABECA DE FOSFORO DIAMANTADA CURTA/MEDIA/LONGA 1,7MM 1,8MM 3,0MM            ;0;0;0;1600
8620;UM        ;CURAT. AQUACEL EXTRA REF. 420672 10X10CM COM FIBRA E CARBOX.SODICA.                       ;0;0;0;84
8621;UM        ;CURATIVO DE HIDROFIBRA ANTIMICROBIANO,EM PLACA C/PRATA IONICA 15 X 15CM                   ;0;0;0;63,53
8622;UM        ;"CATETER INTRAVENOSO CENTRAL DE SUBCLAVIA 16G X 12""-1,7MM X 20,3CM                         ";0;0;0;131,25
8623;UM        ;"CATETER INTRAVENOSO CENTRAL DE SUBCLAVIA 16G X 08""-1,7MM X 20,3CM                         ";0;0;0;29,64
8624;UM        ;"CATETER INTRAVENOSO CENTRAL DE SUBCLAVIA 19G X 12""-1,1MM X 20,3CM                         ";0;0;0;131,25
8625;UM        ;"CATETER INTRAVENOSO CENTRAL DE SUBCLAVIA 22G X 12""-0,7MM X 30,5CM                         ";0;0;0;138,88
8626;UM        ;AGULHA DE BIOPSIA 12G X 10CM SEMIAUTOMATICA                                               ;260;17908,8;68,88;68,88
8627;UM        ;AGULHA DE BIOPSIA P/ASPIRACAO 16G X 10CM                                                  ;230;16801,5;73,05;73,05
8628;UM        ;AGULHA DE BIOPSIA 11G X 15CM                                                              ;0;0;0;42
8629;UM        ;AGULHA DE BIOPSIA 13G X 10CM                                                              ;0;0;0;42
8630;UM        ;ALCA DE POLIPECTOMIA GIMET OVAL 30X50MM                                                   ;0;0;0;255
8631;UM        ;ALCA POLIPECTOMIA SIMET OVAL 15X25MM                                                      ;0;0;0;255
8632;UM        ;(ESPEC.)PROTESE(STENT)CORONARIA BALAO EXPANSIVEL DIAM.3,25MMC/PLATAFORMA EM ACO OU CROMOCO;0;0;0;3088
8633;UM        ;(ESPEC.)PROTESE(STENT)CORONARIA BALAO EXPANSIVEL DIAM.4,5MM C/PLATAFORMA EM ACO OU CROMOCO;0;0;0;3108
8634;UM        ;(ESPEC.)BROCA REDONDA CORTANTE CURTA/MEDIA/LONGA 1MM,2MM,3MM,4MM,5MM,6MM                  ;0;0;0;1300
8635;UM        ;(C.G)RECARGA PARA GRAMPEADOR LINEAR ENDOSCOPIA 45MM (AZUL)                                ;0;0;0;770
8636;UM        ;(ESPEC.)PINCA DISSECCAO SERRILHADA CRUZADA 5MM                                            ;0;0;0;1500
8637;UM        ;(NEURO.)AVENTAL ESTERIL CONFECCIONADO EM NAO TECIDO POLIPROPILENO TECNOLOGIA SMS MANGA LON;0;0;0;32,4
8638;UM        ;(NEURO.)CAMPO CIRURGICO DESCARTAVEL(OPSITE OU SIMILAR)15CM X20CM                          ;0;0;0;41,6
8639;PCT.      ;MASCARA DESC.FIXADA POR TIRAS ELASTICAS -PCT C/100UND                                     ;98;999,6;10,2;10,2
8640;UM        ;(OFTAL) FIO POLIESTER C/ALGODAO N.2-0 S/AG 15X45CM                                        ;200;236;1,18;1,18
8641;UM        ;(OFTAL) FIO POLIPROPILENO N.10-0 AG.6,5MM 3/8 30CM 2AG.ESPA TULADAS ESTRIADAS             ;0;0;0;33,083334
8642;UM        ;(OFTAL) FIO NYLON N.8-0 AG.6,5MM 1/4 ESPATULADAS ESTRIADAS, 30CM.2AG                      ;0;0;0;26,5792
8643;UM        ;FILTRO UMIDIFICADOR C/BARREIRA ADULTO CONEXAO UNIVERSAL.                                  ;0;0;0;40
8644;UM        ;CURATIVO CREME BARREIRA PROTETOR CUTANEO 50G C/OXIDO DE ZINCO MICRONIZADO COM ACIDO GRAXOS;0;0;0;41,08
8645;UM        ;CURATIVO PROTETOR CUTANEO PELICULA PROTETORA 28ML                                         ;0;0;0;51,23
8646;UM        ;FIO NYLON N.0 AG.4,0CM 1/2 CIRCULAR,COMP.150CM                                            ;4080;26397,6;6,47;6,47
8647;UM        ;ITEM EXCLU√≠DO - USAR O C√≥DIGO 10605                       FIO NYLON N.3-0 AG.2,4CM 3/8 C;0;0;0;1,3
8648;UM        ;CURATIVO DE ESPUMA C/IBUPROFENO (BAITAIN) 15X15CM REF 34115.5CM                           ;855;93323,25;109,15;109,15
8649;UM        ;(ESPEC.)FITA INDICADORA P/AUTOCLAVE                                                       ;0;0;0;2,52
8650;UM        ;(OFTAL) BISTURI CRESCENTE DESCARTAVEL LAMINA 2.5                                          ;0;0;0;71,72
8651;UM        ;(ESPEC.)CANULA SOFT TIP N 23 GAUGE                                                        ;0;0;0;158,33
8652;UM        ;(OFTAL) BISTURI ESCLEROTOMO 23 GAUGE                                                      ;0;0;0;363,33
8653;UM        ;(ESPEC.)CANULA DE INFUSAO METALICA 4MM, 20 GAUGE                                          ;0;0;0;250,03
8654;UM        ;(ESPEC.)CANULA DE INFUSAO METALICA 6MM, 20 GAUGE                                          ;0;0;0;264,53
8655;UM        ;(OFTAL) IMPLANTE ESCLERAL DE SILICONE/TIRA DE SILICONE/FAIXAIXA DE SILICONE N 42          ;0;0;0;97,56
8656;UM        ;(OFTAL) IMPLANTE ESCLERAL DE SILICONE (FAIXA DE SILICONE) N 240                           ;0;0;0;98,11
8657;UM        ;(OFTAL) IMPLANTE OFTALMOLOGICO TIPO LUVA/SLEEVE EM SILICONE  2,1X1X125MM                  ;0;0;0;527
8658;UM        ;(OFTAL)CANULA DUAL BORE 23G                                                               ;0;0;0;1103,4
8659;UM        ;(ESPEC)HEMOSTATICO DE CELULOSE 5,1X7,6CM. OXIDADA REGENERADA ABSORVIVEL COM ACAO BACTERICI;0;0;0;88,32
8660;UM        ;(NEURO)ESPONJA HOMEOSTATICA ABSORVIVEL GELATINOSE - GEL FOAM                              ;0;0;0;86,5
8661;UM        ;"(ESPEC)FIO NYLON, DIAMETRO ""9-0"",COMP.30CM,2AG DE 6,5MM E CURVATURA DE 3/8 ESPATULADAS EST";0;0;0;26,583334
8662;UM        ;"(ESPEC)FIO NYLON, DIAMETRO ""8-0"",COMP.30CM,2AG.DE 6,5MM E CURVATURA DE 1/4 ESPATULADAS EST";0;0;0;25,18
8663;UM        ;(OFTAL) BISTURI DESCARTAVEL, ESTERIL, PARA FACOEMULSIFICACAOLAMINA 2,75MM                 ;0;0;0;30,269995
8664;FR.       ;(ESPEC)ALCOOL ETILICO LIQUIDO, HIDRATADO A 70% (1 LITRO)                                  ;0;0;0;4,24
8665;KIT       ;(ESPEC)RESINA FLUIDA(SELANTE) FOTOPOLIMERIZAVEL COR BRANCO OPACO. SERINGA COM 2 GRAMAS + P;0;0;0;21,23
8666;UM        ;(ESPEC)BROCA DE ALTA ROTACAO CILINDRICA CARBIDE N.702                                     ;0;0;0;10,75
8667;FR.       ;(ESPEC)FIXADOR DENTAL(P/FIXAR RADIOGRAFIAS ODONTOLOGICAS) EMBALAGEM COM VOLUME ENTRA 450 E;0;0;0;12,75
8668;UM        ;(ESPEC)CONDICIONADOR DENTAL EM GEL A BASE FOSFORICA A 37%(AZUL) COM ESPESSANTES SILICAS CO;0;0;0;5,83
8669;CX.       ;(ESPEC)TIRAS ABRASIVAS DE POLIESTER 4MM CAIXA C/150                                       ;0;0;0;9,61
8670;UM        ;(ESPEC)CUNHA DE MADEIRA COM FORMATO ANATOMICO DE AMEIA EM 4 TAMANHOS CODIFICADOS POR CORES;0;0;0;0,21
8671;UM        ;(ESPEC)FITA BANDA MATRIZ EM ACO INOX PARA RESTAURACAO ODONTOLOGICA 5X0,07X500MM           ;0;0;0;1,79
8672;KIT       ;(ESPEC)KIT DE PONTAS DIAMANTADAS PARA ACABAMENTO FINO E ULTRAFINO - C/ 7 BROCAS + 1 BROQUE;0;0;0;48,84
8673;FR.       ;(ESPEC)CURATIVO (PASTA MEDICAMENTOSA) PARA TRATAMENTO DE ALVEOLITE C/10G                  ;0;0;0;35,58
8674;FR.       ;(ESPEC)ADESIVO FOTOPOLIMERIZAVEL MONOCOMPONENTE PARA ESMALTEE DENTINA A BASE DE ALCOOL E A;0;0;0;12,54
8675;KIT       ;(ESPEC)CIMENTO DE HIDROXIDO DE CALCIO P/CAPEAMENTO PULPAR E FORRAMENTO CAVITARIO RADIOPACO;0;0;0;13,29
8676;FR.       ;(ESPEC)SOLUCAO HEMOSTATICA TOPICA C/10ML                                                  ;0;0;0;10,58
8677;BS.       ;"CATETER INTRAVENOSO PERIFERICO ""POR-FORA-DA-AGULHA"" 24G                                   ";0;0;0;63,16
8678;BS.       ;BOLSA VAZIA SOLUCAO PARENTERAL 500ML                                                      ;0;0;0;54,74
8679;BS.       ;BOLSA VAZIA SOLUCAO PARENTERAL 1000ML                                                     ;0;0;0;24,62
8680;BS.       ;(ESPEC)RESINA FOTOPOLIMERIZAVEL PARA DENTES ANTERIORES E POSTERIORES (100 NANOPARTICULAS) ;0;0;0;73,99
8681;UM        ;(ESPEC)TACA DE BORRACHA PARA PROFILAXIA DENTAL                                            ;0;0;0;1,77
8682;ENV.      ;(ESPEC)FITA MATRIZ DE POLIESTER 0,05X10X100MM EMBALAGEM C/50UNIDADES                      ;0;0;0;1,75
8683;UM        ;(CPRE)CATETER BALAO EXTRATOR BILIAR TRIPLO LUMEN TAM 9 A 12 MM.                           ;0;0;0;300
8684;UM        ;"CATETER INTRAVENOSO PERIFERICO ""POR-FORA-DA-AGULHA"" 20G                                   ";0;0;0;320
8685;UM        ;(ESPEC)CONJUNTO DRENAGEM INTERNA, COMPONENTES COMPATIVEL COMFIO GUIA DE 0,035 X 200CM STEN;0;0;0;315
8686;UM        ;EXTENSOR DE LINHA DE INFUSAO 20CM                                                         ;2350;2491;1,06;1,06
8687;UM        ;CURATIVO CREME BARREIRA REF. 4720 TUBO 60 ML                                              ;1200;44166;36,805;35,71
8688;UM        ;(ESPEC)CONJUNTO DRENAGEM INTERNA, COMPONETES COMPATIVEL COM FIO GUIA DE 0,035 X 200CM 8.5F;0;0;0;315
8689;UM        ;(ESPEC)FIO GUIA BILIAR, DIAMETRO 0,035, MATERIAL NITINOL, PONTA ANGULADA, COMPRIMENTO 400 ;0;0;0;290
8690;UM        ;(ESPEC)FIO GUIA BILIAR, DIAMETRO 0,035, MATERIAL NITINOL, PONTA RETA, COMPRIMENTO 400 A 48;0;0;0;350
8691;UM        ;(ESPEC)PAPILATOMO TRIPLO LUMEN ESFINCTEROTOMO(PAPILATOMO)TRIPLO LUMEN, C/7FR, PONTA AFILAD;0;0;0;300
8692;UM        ;RESTRITOR PARA CIMENTO - PROTESE DE QUADRIL (EXTRA SUS)                                   ;0;0;0;154,41
8693;UM        ;ANCORA ROSQUEADA C/PARAFUSO NAO ABSORVIVEL 2,0MM AUTOPERFURANTE (EXTRA SUS)               ;0;0;0;327,77
8694;UM        ;(ESPEC)KIT INTRODUTOR DE CATETER 5FR                                                      ;0;0;0;176
8695;UM        ;(ESPEC)DISPOSITIVO INFLACAO 30 ATM                                                        ;0;0;0;480
8696;UM        ;ANCORA 2,0MM(03.002-3)                                                                    ;0;0;0;197,58
8697;UM        ;ANCORA 2,7MM(03.002-3)                                                                    ;0;0;0;197,52
8698;UM        ;(ESPEC)KIT INTRODUTOR LONGO 7X65CM                                                        ;0;0;0;2100
8699;UM        ;(ESPEC)FIO GUIA HIDROFILICO 0,035 X 260CM STIFF PONTA ANGULADA                            ;0;0;0;144,2
8700;UM        ;(ESPEC)FIO GUIA METALICO TEFLONADO AMPLATZ 0,035 X 260CM                                  ;0;0;0;756,3
8701;UM        ;(ESPEC)CATETER DILATADOR CORONARIO 5MMX12MM 143 CM REF.1012455-12                         ;0;0;0;3200
8702;UM        ;(ESPEC)CATETER BALAO 6.0 X 80MM                                                           ;0;0;0;3200
8703;UM        ;(ESPEC)PONTEIRA PARA CANETA                                                               ;0;0;0;550
8704;UM        ;(ESPEC)KIT DE INJECAO E EXTRACAO DE OLEO DE SILICONE, CANULA COMPATIVEL COM 23GA          ;0;0;0;900
8705;UM        ;(ESPEC)LUVA DE SILICONE PARA PONTEIRA DE CANETA                                           ;0;0;0;200
8706;UM        ;(ESPEC)KIT COMPLETO PARA VITRECTOMIA E FACOEMULSIFICACAO 23GA COM NO MINIMO 5000 CORTES PO;0;0;0;4598,2
8707;UM        ;(ESPEC)LENTE INTRAOCULAR RAYONE ESFERICA DIOPTRIA 15.0                                    ;0;0;0;133,2
8708;UM        ;(ESPEC)LENTE INTRAOCULAR RAYONE ESFERICA DIOPTRIA 16.0                                    ;0;0;0;133,2
8709;UM        ;(ESPEC)LENTE INTRAOCULAR RAYONE ESFERICA DIOPTRIA 17.0                                    ;0;0;0;133,2
8710;UM        ;(ESPEC)LENTE INTRAOCULAR RAYONE ESFERICA DIOPTRIA 17.5                                    ;0;0;0;133,2
8711;UM        ;(ESPEC)LENTE INTRAOCULAR RAYONE ESFERICA DIOPTRIA 18.0                                    ;0;0;0;133,2
8712;UM        ;(ESPEC)LENTE INTRAOCULAR RAYONE ESFERICA DIOPTRIA 18.5                                    ;0;0;0;133,2
8713;UM        ;(ESPEC)LENTE INTRAOCULAR RAYONE ESFERICA DIOPTRIA 19.0                                    ;0;0;0;133,2
8714;UM        ;(ESPEC)LENTE INTRAOCULAR RAYONE ESFERICA DIOPTRIA 19.5                                    ;0;0;0;133,2
8715;UM        ;(ESPEC)LENTE INTRAOCULAR RAYONE ESFERICA DIOPTRIA 20.0                                    ;0;0;0;133,2
8716;UM        ;(ESPEC)LENTE INTRAOCULAR RAYONE ESFERICA DIOPTRIA 20.5                                    ;0;0;0;133,2
8717;UM        ;(ESPEC)LENTE INTRAOCULAR RAYONE ESFERICA DIOPTRIA 21.5                                    ;49;37608,48;767,52;767,52
8718;UM        ;(ESPEC)LENTE INTRAOCULAR RAYONE ESFERICA DIOPTRIA 22.0                                    ;0;0;0;133,2
8719;UM        ;(ESPEC)LENTE INTRAOCULAR RAYONE ESFERICA DIOPTRIA 22.5                                    ;0;0;0;133,2
8720;UM        ;(ESPEC)LENTE INTRAOCULAR RAYONE ESFERICA DIOPTRIA 23.0                                    ;0;0;0;133,2
8721;UM        ;(ESPEC)LENTE INTRAOCULAR RAYONE ESFERICA DIOPTRIA 24.5                                    ;0;0;0;133,2
8722;UM        ;(ESPEC)LENTE INTRAOCULAR RAYONE ESFERICA DIOPTRIA 27.5                                    ;0;0;0;133,2
8723;UM        ;(ESPEC)LENTE INTRAOCULAR RAYONE ESFERICA DIOPTRIA 28.0                                    ;0;0;0;133,2
8724;UM        ;(ESPEC)LENTE INTRAOCULAR RAYONE ESFERICA DIOPTRIA 28.5                                    ;0;0;0;133,2
8725;UM        ;(ESPEC)LENTE INTRAOCULAR RAYONE ESFERICA DIOPTRIA 29.5                                    ;0;0;0;133,2
8726;UM        ;(OFTAL)LENTE INTRAOCULAR RAYONE ESFERICA DIOPTRIA 31.0                                    ;0;0;0;133,2
8727;UM        ;(ESPEC)LENTE INTRAOCULAR RAYONE ESFERICA ESPECIAL DIOPTRIA 32.0                           ;0;0;0;133,2
8728;UM        ;(ESPEC)LENTE INTRAOCULAR RAYONE ESFERICA DIOPTRIA 21.0                                    ;0;0;0;133,2
8729;UM        ;(OFTALMO)CAMPO CIRURGICO OFTALMOLOGICO COM BEG 1,00X1,20CM                                ;0;0;0;10,5
8730;UM        ;(OFTAL)BISTURI ESCLEROTOMO 20 GAUGE                                                       ;0;0;0;381,11
8731;UM        ;(OFTALMO)GAS PERFLUOPROPANO (C3F8) PARA USO OFTALMOLOGICO CILINDRO 125G                   ;0;0;0;7150
8732;UM        ;SWAB PARA COLETA E TRANSPORTE COM MEIO AMIES                                              ;678;976,32;1,44;1,44
8733;UM        ;SWAB PARA COLETA E TRANSPORTE COM MEIO CARY-BLAIR                                         ;1000;1470;1,47;1,47
8734;UM        ;PAPEL GRAU CIRURGICO 7,0CM X 50M                                                          ;0;0;0;19,04
8735;UM        ;CONJUNTO DE VALVULA P/HIDROCEFALIA NEONATAL BAIXA PRESSAO                                 ;70;43654,1;623,63;623,63
8736;UM        ;CONJUNTO DE VALVULA P/HIDROCEFALIA NEONATAL MEDIA PRESSAO                                 ;116;89032,32;767,52;767,52
8737;UM        ;CONJUNTO DE VALVULA P/HIDROCEFALIA NEONATAL ALTA PRESSAO                                  ;70;43654,1;623,63;623,63
8738;UM        ;CAMPO CIRURGICO DESCARTAVEL (OPSITE OU SIMILAR) 60CM X 60CM                               ;3178;127244,48;40,039169;39,71
8739;UM        ;(ESPEC)STENT AUTO EXPANSIVEL 7,0X100MM                                                    ;0;0;0;6500
8740;UM        ;(NEFRO)KIT CDL 14,5FR X 40CM TIPO PERMICATH LONGA PERMANENCIA-CATETER DUPLO LUMEN - 23CM D;27;30699;1137;1137
8741;UM        ;(ESPE)KIT CATETER DUPLO LUMEN DE LONGA PERMANENCIA TIPO PERMICTH CUFF 3,5FRX36CM FIO GUIA ;0;0;0;884,97
8742;UM        ;BOBINA DE PAPEL TERMOSENSIVEL 57MM X 25M - BAUMER.                                        ;0;0;0;49,66
8743;UM        ;SERINGA DESC.20ML C/AGULHA 25X7,0 LUER LOCK                                               ;102750;59595;0,58;0,58
8744;UM        ;AGULHA PERIDURAL N.22G X 3 1/2 LUER LOCK                                                  ;0;0;0;4,41
8745;UM        ;AGULHA DE BIOPSIA INTRAOSSEA 18G X 23,6MM                                                 ;0;0;0;880
8746;UM        ;SERINGA DESC.03ML C/AGULHA 25X7,0 LUER LOCK COM OU SEM DISPOSITIVO DE SEGURANCA.          ;299966;109580,33;0,365309;0,37
8747;UM        ;(ESPEC)SONDA PARA DILATACAO BENIQUE CURVOS E SEM CANAL INTERNO 28,5FR 9,7MM               ;0;0;0;262,54
8748;UM        ;(ESPEC)SONDA PARA DILATACAO BENIQUE CURVOS E SEM CANAL INTERNO 27FR 9,0MM                 ;0;0;0;262,42
8749;UM        ;(ESPEC)SONDA PARA DILATACAO BENIQUE CURVOS E SEM CANAL INTERNO 25,5FR 8,7MM               ;0;0;0;262,42
8750;UM        ;(ESPEC)SONDA PARA DILATACAO BENIQUE CURVOS E SEM CANAL INTERNO 09FR 3,0MM                 ;0;0;0;262,42
8751;UM        ;(ESPEC)SONDA PARA DILATACAO BENIQUE CURVOS E SEM CANAL INTERNO 24FR 8,0MM                 ;0;0;0;262,42
8752;UM        ;(ESPEC)SONDA PARA DILATACAO BENIQUE CURVOS E SEM CANAL INTERNO 22,5FR 7,7MM               ;0;0;0;262,42
8753;UM        ;(ESPEC)SONDA PARA DILATACAO BENIQUE CURVOS E SEM CANAL INTERNO 21FR 7,0MM                 ;0;0;0;262,42
8754;UM        ;(ESPEC)SONDA PARA DILATACAO BENIQUE CURVOS E SEM CANAL INTERNO 19,5FR 6,7MM               ;0;0;0;262,42
8755;UM        ;(ESPEC)SONDA PARA DILATACAO BENIQUE CURVOS E SEM CANAL INTERNO 18FR 6,0MM                 ;0;0;0;262,42
8756;UM        ;(ESPEC)SONDA PARA DILATACAO BENIQUE CURVOS E SEM CANAL INTERNO 16,5FR 5,7MM               ;0;0;0;262,42
8757;UM        ;(ESPEC)SONDA PARA DILATACAO BENIQUE CURVOS E SEM CANAL INTERNO 15FR 5,0MM                 ;0;0;0;262,42
8758;UM        ;(ESPEC)SONDA PARA DILATACAO BENIQUE CURVOS E SEM CANAL INTERNO 13,5FR 4,7MM               ;0;0;0;262,42
8759;UM        ;(ESPEC)SONDA PARA DILATACAO BENIQUE CURVOS E SEM CANAL INTERNO 12FR 4,0MM                 ;0;0;0;262,42
8760;UM        ;(ESPEC)SONDA PARA DILATACAO BENIQUE CURVOS E SEM CANAL INTERNO 10,5FR 3,7MM               ;0;0;0;262,42
8761;PCT.      ;(ESPEC.)INTRODUTOR TS COM AG 6F 11CM PCT C/5UN                                            ;0;0;0;307,1
8762;PCT.      ;(ESPEC.)INTRODUTOR TS COM AG 7F 11CM PCT C/5UN                                            ;0;0;0;307,1
8763;PCT.      ;(ESPEC.)  INTRODUTOR RADIAL RADIOFOCUS 5FRX100MM GUIA METAL RETA                          ;0;0;0;65
8764;PCT.      ;(ESPEC.) INTRODUTOR RADIAL RADIOFOCUS 6FRX100MM GUIA METAL RETA                           ;0;0;0;65
8765;UM        ;SERINGA DESC.05ML C/AGULHA 25X7,0 LUER LOCK                                               ;82600;32719;0,396113;0,38
8766;UM        ;PLACA BLOQUEADA P/TIBIA DISTAL TIPO LISS COM PARAFUSO DE BLOQUEIO E CORTICAL - NAO SUS -  ;0;0;0;7200
8767;UM        ;(ESPEC)KIT INTICA 5HF + SISTEMA DE ELETRODO.SISTEMA DE ELETRODOS PARA ESTIMULACAO         ;0;0;0;35000
8768;UM        ;(URO)CATETER P/RETIRADA DE CALCULOS 3FR X 90CM C/4 FIOS NITIPONTA HELICOIDAL              ;0;0;0;14523,6
8769;UM        ;INTRODUTOR PARA CATETER COM E SEM VALVULA 7X55CM                                          ;0;0;0;1432,37
8770;UM        ;PLACA ANGULADA 4,5X 4F(03.085-6)                                                          ;0;0;0;377,42
8771;UM        ;PLACA DCP 2,0MM 8FUROS                                                                    ;0;0;0;122,8
8772;UM        ;PLACA TITANIO MINI-MICRO FRAG.                                                            ;0;0;0;361,81
8773;KIT       ;SONDA PARA GASTROSTOMIA 16 FR C/2 VIAS 5ML.                                               ;0;0;0;850
8774;KIT       ;SONDA PARA GASTROSTOMIA 18 FR C/2 VIAS 5ML.                                               ;0;0;0;850
8775;UM        ;WRAPS EMBALAGEM P/EST DESC TAM. 1,20X1,20 C/25                                            ;0;0;0;85,5
8776;UM        ;WRAPS EMBALAGEM P/EST DESC. 1,50X1,50 C/25                                                ;0;0;0;108,5
8777;UM        ;(6FX11CM 038 G/W BX/10) BAINHA MEDIKIT                                                    ;0;0;0;708,3
8778;UM        ;(HEMO )CATETER GUIA RUNWAY VL4 SH 6FR                                                     ;0;0;0;130,17
8779;UM        ;SLING TRASOBTURATORIO KFF-                                                                ;0;0;0;1194,44
8780;UM        ;(URO)CONJUNTO CATETER URETERAL DUPLO (RABO DE PORCO)6FR/26CM                              ;0;0;0;671,62
8781;UM        ;LAMINA PARA FACA DERMATONO 4 TIPO RICHTER                                                 ;555;53862,75;97,05;97,05
8782;UM        ;CATETER BALAO NC TREK RX 3.00X15MM BDC                                                    ;0;0;0;371,04
8783;UM        ;CATETER BALAO NC TREK RX 3.00X20MM BDC                                                    ;0;0;0;371,04
8784;UM        ;CATETER INTRAVENOSO 22 PARA ACESSO PERIFERICO C/SISTEMA DE SEGURANCA                      ;0;0;0;1,8
8785;UM        ;(ESPEC)CATETER DE DIL. EMERGE MONORIAL 1.20X15MM REF.H74493919315120                      ;0;0;0;391,66
8786;UM        ;(ESPEC.)EMERGE CATETER DILAT MR 2.50MM X 15MM                                             ;0;0;0;391,66
8787;UM        ;20X4.00-CAT DILAT PTCA QUANTUM APEX MON                                                   ;0;0;0;443,6
8788;UM        ;(ESPEC)CATETER GUIA P/ANGIOPLASTIA CORONARIA CURVA FL4 6F 100 A 120CM. ORIFICIO LATERAL (S;0;0;0;185,68
8789;UM        ;(HEMO)FIO GUIA PT2 0,014 X 185CM MODERATE SUPPORT                                         ;0;0;0;120
8790;UM        ;(ESPEC)CATETER BALAO P/ ANGIOPLASTIA CORONARIA 2,5MM X 12MM. BAIXO PERFIL                 ;0;0;0;449,67
8791;UM        ;FG EMERGE MR. OUS 2.50MM X 20MM                                                           ;0;0;0;391,66
8792;UM        ;(ESPEC)CATETER PARA ANGIOGRAFIA AMPLATZ RIGHT (AR1) 5F 90CM                               ;0;0;0;67
8793;UM        ; CATETER GUIA RUWAY AR1 AMPLATZ RIGHT6F(2.2MM) REF. H74938969170                          ;0;0;0;156,36
8794;UM        ;(VL3 6F) RUNWAY CATETER GUIA                                                              ;0;0;0;130,17
8795;UM        ;(VL3.5 SH 6F) RUNWAY CATETER GUIA                                                         ;0;0;0;130,17
8796;UM        ;(ESPEC)CATETER P/ANGIOGRAFIA, CURVA (AL2) 5F 100(+/-10)CM                                 ;0;0;0;67
8797;UM        ;FIO GUIA HIDROFILICO (0.038'X150CM)BIOSAT                                                 ;0;0;0;179,99
8798;UM        ;RETRATOR DE IRIS                                            IRIS-TRACT-LEEDSAY INDUSTRIA E;0;0;0;417,83
8799;UM        ;CATETER CARD AMPLATZ PERFORMA 5FR X 100CM 038 AR3                                         ;0;0;0;71,66
8800;UM        ;(ESPEC)FIO GUIA TEFLONADO COM ESPESSURA 0,35 X 280(+/-20)CM.PONTA CURVA E SUPORTE PADRAO  ;0;0;0;68
8801;UM        ;STENT FARM. XIENCE EXPEDITION SV2.0X08                                                    ;0;0;0;1485,19
8802;UM        ;STENT FARM.XIENCE EXPEDITION SV 2.0X12                                                    ;0;0;0;1485,19
8803;UM        ; STENT FARM.XIENCE EXPEDITION SV 2.0X15                                                   ;0;0;0;1485,19
8804;UM        ; STENT FARM.XIENCE EXPEDITION SV 2.0X18                                                   ;0;0;0;1485,19
8805;UM        ; STENT FARM.XIENCE EXPEDITION SV 2.0X23                                                   ;0;0;0;1485,19
8806;UM        ;STENT FARM.XIENCE EXPEDITION SV 2.0X28                                                    ;0;0;0;1485,19
8807;UM        ;STENT FARM.XIENCE EXPEDITION SV 2.25X08                                                   ;0;0;0;1485,19
8808;UM        ;STENT FARM.XIENCE EXPEDITION SV 2.25X12                                                   ;0;0;0;1485,19
8809;UM        ;STENT FARM.XIENCE EXPEDITION SV 2.25X15                                                   ;0;0;0;1485,19
8810;UM        ;STENT FARM.XIENCE EXPEDITION SV 2.25X18                                                   ;0;0;0;1485,19
8811;UM        ;STENT FARM.XIENCE EXPEDITION SV 2.25X23                                                   ;0;0;0;1485,19
8812;UM        ;STENT FARM.XIENCE  XPEDITION    2.5X08                                                    ;0;0;0;1485,19
8813;UM        ;STENT FARM.XIENCE  XPEDITION    2.5X12                                                    ;0;0;0;1485,19
8814;UM        ;STENT FARM.XIENCE  XPEDITION    2.5X15                                                    ;0;0;0;1485,19
8815;UM        ;STENT FARM.XIENCE  XPEDITION 2.5X18                                                       ;0;0;0;1485,19
8816;UM        ;STENT FARM.XIENCE  XPEDITION    2.5X23                                                    ;0;0;0;1485,19
8817;UM        ;STENT FARM.XIENCE  XPEDITION LL 2.5X33                                                    ;0;0;0;1485,19
8818;UM        ;STENT FARM.XIENCE  XPEDITION LL 2.5X38                                                    ;0;0;0;1485,19
8819;UM        ;STENT FARM.XIENCE  XPEDITION LL 2.5X48                                                    ;0;0;0;1485,19
8820;UM        ;(HEMO)SISTEMA DE STENT CORONARIO 2.75 X 08MM DE ELUICAO DE SIROLIMUS METAFOR. REF:MTR27508;0;0;0;854,48
8821;UM        ;STENT FARM.XIENCE  XPEDITION 2.75X12                                                      ;0;0;0;1485,19
8822;UM        ;STENT FARM.XIENCE  XPEDITION    2.75X15                                                   ;0;0;0;1485,19
8823;UM        ;STENT FARM.XIENCE  XPEDITION 2.75X18                                                      ;0;0;0;1485,19
8824;UM        ;STENT FARM.XIENCE  XPEDITION 2.75X23                                                      ;0;0;0;1485,19
8825;UM        ;STENT FARM.XIENCE  XPEDITION    2.75X28                                                   ;0;0;0;1485,19
8826;UM        ;STENT FARM.XIENCE  XPEDITION LL 2.75X33                                                   ;0;0;0;1485,19
8827;UM        ;STENT FARM.XIENCE  XPEDITION LL 2.75X38                                                   ;0;0;0;1485,19
8828;UM        ;STENT FARM.XIENCE  XPEDITION LL 2.75X48                                                   ;0;0;0;1485,19
8829;UM        ;STENT FARM.XIENCE  XPEDITION 3.0X08                                                       ;0;0;0;1485,19
8830;UM        ;STENT FARM.XIENCE  XPEDITION 3.0X12                                                       ;0;0;0;1485,19
8831;UM        ;(HEMO)STENT FARM.XIENCE ALPINE 3.00X15 AVI NEUTRA                                         ;0;0;0;800,17
8832;UM        ;FIO GUIA HIDROFILICO 0,035X150 - HIDROFILICO-KFF                                          ;0;0;0;143,73
8833;UM        ;(URO)SERINGA DE 50ML C/ BICO CATETER                                                      ;0;0;0;9,8
8834;UMA       ;(ESPEC.)EXTRATOR DE CALCULO P/NEFROLITOTOMIA SEM PONTA                                    ;0;0;0;797,22
8835;UM        ;(URO)CATETER P/RETIRADA DE CALCULOS 2,5FR/4FIOS NITINOL RETO                              ;0;0;0;2,82
8836;UM        ;(ESPEC.)FIO GUIA COBRA HIDROFILICO 0,35 X 145CM PONTA RETA                                ;0;0;0;252,77
8837;KIT       ;(ESPEC.)CATETER URETRAL DUPLO J 6FR X 16CM HIDROFILICO C/ FIO GUIA HIDROFILICO 0,35X 150CM;0;0;0;396,25
8838;UM        ;(URO)CATETER BALAO KAYE P/TAMPONAMENTO NEFROSTOMIA 14FR/25CM                              ;0;0;0;2499,99
8839;UM        ;(URO)PROTESE PENIANA 9X20CM                                                               ;0;0;0;3,89
8840;UM        ;(URO)PROTESE PENIANA 10X22CM                                                              ;0;0;0;3,89
8841;UM        ;(URO)PINCA EXTRATORA DE CALCULO 11FR/45CM  - 2 GARRAS                                     ;0;0;0;3,79
8842;UM        ;(ESPEC.)EXTRATOR DE CALCULO P/NEFROLITOTOMIA PERCUTANEA BIDENTE S/PONTA                   ;0;0;0;600
8843;UM        ;(ESPEC.)ELETRODO UNIPOLAR PARA RESSECCAO ENDOSCOPICA TURPLOOP CORTE HASTE UNICA TAIMIN    ;0;0;0;841,66
8845;UM        ;(ESPECIF) PROTESE (STENT) CORONARIA 3.00 X 18 BALAO EXPANSIVEL ACO OU CROMO-COBALTO OU PLA;0;0;0;800,16
8846;UM        ;(ESPECIF) PROTESE (STENT) CORONARIA 3.00 X 23 BALAO EXPANSIVEL ACO OU CROMO-COBALTO OU PLA;0;0;0;800,16
8847;UM        ;(ESPECIF) PROTESE (STENT) CORONARIA 3.00 X 28 BALAO EXPANSIVEL ACO OU CROMO-COBALTO OU PLA;0;0;0;800,16
8848;UM        ;(ESPECIF) PROTESE (STENT) CORONARIA 3.00 X 33 BALAO EXPANSIVEL ACO OU CROMO-COBALTO OU PLA;0;0;0;800,16
8849;UM        ;(ESPECIF) PROTESE (STENT) CORONARIA 3.00 X 38 BALAO EXPANSIVEL ACO OU CROMO-COBALTO OU PLA;0;0;0;800,16
8850;UM        ;STENT FARM. XIENCE XPEDITION LL 3.0X48                                                    ;0;0;0;1485,19
8851;UM        ;STENT FARM. XIENCE XPEDITION 3.25X08                                                      ;0;0;0;1485,19
8852;UM        ;STENT FARM. XIENCE XPEDITION 3.25X12                                                      ;0;0;0;1485,19
8853;UM        ;STENT FARM. XIENCE XPEDITION 3.25.X15                                                     ;0;0;0;1485,19
8854;UM        ;STENT FARM. XIENCE XPEDITION 3.25.X18                                                     ;0;0;0;1485,19
8855;UM        ;STENT FARM. XIENCE XPEDITION 3.25.X23                                                     ;0;0;0;1485,19
8856;UM        ;STENT FARM. XIENCE XPEDITION 3.25.X28                                                     ;0;0;0;1485,19
8857;UM        ;STENT FARM. XIENCE XPEDITION LL 3.25X33                                                   ;0;0;0;1485,19
8858;UM        ;(ESPECIF) PROTESE (STENT) CORONARIA 3.25 X 38 BALAO EXPANSIVEL ACO OU CROMO-COBALTO OU PLA;0;0;0;800,16
8859;UM        ;(HEMO)SISTEMA STENT CORONARIO 3.50 X 08MM DE ELUICAO DE SIROLIMUS METAFOR. REF:35008.     ;0;0;0;854,49
8860;UM        ;(ESPECIF) PROTESE (STENT) CORONARIA 3.50 X 12 BALAO EXPANSIVEL ACO OU CROMO-COBALTO OU PLA;0;0;0;800,16
8861;UM        ;STENT FARM. XIENCE XPEDITION     3.5X15                                                   ;0;0;0;1485,19
8862;UM        ;STENT FARM. XIENCE XPEDITION    3.5X18                                                    ;0;0;0;1485,19
8863;UM        ;(ESPECIF) PROTESE (STENT) CORONARIA 3.50 X 23 BALAO EXPANSIVEL ACO OU CROMO-COBALTO OU PLA;0;0;0;800,16
8864;UM        ;(ESPECIF) PROTESE (STENT) CORONARIA 3.50 X 33 BALAO EXPANSIVEL ACO OU CROMO-COBALTO OU PLA;0;0;0;800,16
8865;UM        ;STENT FARM. XIENCE XPEDITION LL  3.5X38                                                   ;0;0;0;1485,19
8866;UM        ;STENT FARM. XIENCE XPEDITION LL 3.5X48                                                    ;0;0;0;1485,19
8867;UM        ;(HEMO)SISTEMA STENT CORONARIO 4.00 X 08MM DE ELUICAO DE SIROLIMUS METAFOR. REF:MTR40008.  ;0;0;0;854,49
8868;UM        ;STENT FARM. XIENCE XPEDITION 4.0X12                                                       ;0;0;0;1485,19
8869;UM        ;STENT FARM. XIENCE XPEDITION 4.0X15                                                       ;0;0;0;1485,19
8870;UM        ;STENT FARM. XIENCE XPEDITION 4.0X23                                                       ;0;0;0;1485,19
8871;UM        ;(ESPECIF) PROTESE (STENT) CORONARIA 4.00 X 23 BALAO EXPANSIVEL ACO OU CROMO-COBALTO OU PLA;0;0;0;800,16
8872;UM        ;(ESPECIF) PROTESE (STENT) CORONARIA 4.00 X 28 BALAO EXPANSIVEL ACO OU CROMO-COBALTO OU PLA;0;0;0;800,16
8873;UM        ;STENT FARM. XIENCE XPEDITION LL 4.0X33                                                    ;0;0;0;1485,19
8874;UM        ;CATETER BALAO NC TREK RX 3.00X25MM BDC                                                    ;0;0;0;371,04
8875;UM        ;CATETER BALAO NC TREK RX 3.00X12MM BDC                                                    ;0;0;0;371,04
8876;UM        ;OCL20- TALENT SIST DE ENDOPROT VASCULAR ILI OCLUSOR 20/35MMX17,5FR                        ;0;0;0;4573,8
8877;UM        ;ETLW1620C124EE- ENDOPROTESE ENDURANT II LIMB 16X20X124                                    ;0;0;0;16932
8878;UM        ;CATETER INTRAVENOSO CENTRAL DE SUBCLAVIA 16GX20CM AGULHA 14GA COR AMARELO                 ;0;0;0;29,64
8879;UM        ;SURGICEL HEMO 10X20CM                                                                     ;0;0;0;176
8880;UM        ;SURGICEL HEMO 5,1X7,6CM                                                                   ;0;0;0;65
8881;UM        ;SPONGOSTAN FILM 20X7X0,05CM                                                               ;0;0;0;86,5
8882;UM        ;BALAO NC TREK RX 2.00X12MM BDC                                                            ;0;0;0;371,04
8883;UM        ;CATETER BALAO NC TREK RX 2.50X20MM BDC                                                    ;0;0;0;371,04
8884;UM        ;CATETER URETRAL HIDROFILO N.06, DESC. FEM.                                                ;0;0;0;11,6
8885;UM        ;(ESPEC)CATETER BALAO NC TREK RX 2.75X12MM BDC                                             ;0;0;0;371,04
8886;UM        ;KIT CIRURGICO UNIVERSAL DESCARTAVEL ESTERIL.                                              ;1221;60927,9;49,9;49,9
8887;UM        ;CATETER BALAO NC TREK RX 2.75X20MM BDC                                                    ;0;0;0;371,04
8888;UM        ;CATETER BALAO NC TREK RX 3.25X12MM BDC                                                    ;0;0;0;371,04
8889;UM        ;BOLSA PRESSORICA PARA INFUSAO 500 ML COM MANOMETRO.                                       ;5;1361;272,2;272,2
8890;UM        ;CATETER BALAO NC TREK RX 3.25X20MM BDC                                                    ;0;0;0;371,04
8891;UM        ;CATETER BALAO NC TREK RX 3.50X20MM BDC                                                    ;0;0;0;371,04
8892;UM        ;CATETER BALAO NC TREK RX 3.50X25MM BDC                                                    ;0;0;0;371,04
8893;UM        ;CATETER BALAO NC TREK RX 3.75X15MM BDC                                                    ;0;0;0;371,04
8894;UM        ;CATETER BALAO NC TREK RX 4.00X12MM BDC                                                    ;0;0;0;371,04
8895;UM        ;CATETER BALAO NC TREK RX 4.00X15MM BDC                                                    ;0;0;0;371,04
8896;UM        ;BALAO NC TREK RX 4.50X12MM BDC                                                            ;0;0;0;371,04
8897;UM        ;CATETER BALAO NC TREK RX 5.00X15MM BDC                                                    ;0;0;0;371,04
8898;UM        ;(ESPEC.)CATETER BALAO ARMADA 18 4.0X150MM 150CM                                           ;0;0;0;468,6
8899;UM        ;CATETER BALAO ARMADA 18 4.0X180MM 150 CM                                                  ;0;0;0;468,6
8900;ENV.      ;CODIGO INATIVO USAR HOSPUB 5858                                                           ;0;0;0;220
8901;ENV.      ;FIO POLIESTER(ETHIBOND)N.5-0 AG.4,8CM 1/2 TRIANG.ESTR.C/4 FIOS 75CM                       ;0;0;0;33,35
8902;ENV.      ;CODIGO INATIVO USAR HOSPUB 5863                                                           ;0;0;0;220
8903;ENV.      ;CODIGO INATIVO  USAR HOSPUB 5862                                                          ;0;0;0;205
8904;UM        ;BICO MAM.ORTODONTICO MAIOR 6 MESES LIQ. MEDIO.              .                             ;96;9147,84;95,29;95,29
8905;ENV.      ;FIO POLIGLECAPRONE N.0 AG.3,64CM 1/2 CILIN.ESTR.70 APARELHO DIGESTIVO.                    ;2756;22488,96;8,16;8,16
8906;ENV.      ;FIO POLIGLECAPRONE N.2-0 AG.3,64CM 1/2 CILIND.ESTR.70CM APARELHO DIGESTIVO                ;708;10627,08;15,01;15,01
8907;ENV.      ;FIO POLIGLACTINA(VYCRIL)N.4-0 AG.1,9CM 3/8 TRIAN.ESTR.70CM EM CIRURGIAS PLASTICAS REPARADO;2268;15921,36;7,02;7,02
8908;UM        ;(ESPEC.)CATETER BALAO ARMADA 18 4.0X200MM 150CM                                           ;0;0;0;468,6
8909;UM        ;(ESPEC.)CATETER BALAO ARMADA 18 5.0X100MM 150CM                                           ;0;0;0;468,6
8910;ENV.      ;FIO POLIGLECAPRONE N.1-0 AG.3,64CM 1/2 CILIND.ESTR.70CM APARELHO DIGESTIVO                ;1344;10794,24;8,031428;7,86
8911;UM        ;(ESPEC.)CATETER BALAO ARMADA 18 5.0X150MM 150CM                                           ;0;0;0;468,6
8912;UM        ;(ESPEC.)CATETER BALAO ARMADA 18 5.0X180MM 150CM                                           ;0;0;0;468,6
8913;UM        ;(ESPEC.)CATETER BALAO ARMADA 18 6.0X100MM 150CM                                           ;0;0;0;468,6
8914;UM        ;(ESPEC.)CATETER BALAO ARMADA 18 6.0X120MM 150CM                                           ;0;0;0;468,6
8915;UM        ;(ESPEC.)CATETER BALAO ARMADA 18 6.0X150MM 150CM                                           ;0;0;0;468,6
8916;UM        ;(ESPEC.)CATETER BALAO ARMADA 18 6.0X180MM 150CM                                           ;0;0;0;468,6
8917;UM        ;(ESPEC.)CATETER BALAO ARMADA 18 6.0X200MM 150 CM                                          ;0;0;0;468,6
8918;UM        ;DISPOSITIVO DE FECHAMENTO PROGLIDE                                                        ;0;0;0;900
8919;UM        ;FIO PGA-PCL N.0-0 AG.3,6CM 1/2 45CM USO EM MUSCULO CILINDRICA ESTRIADA                    ;0;0;0;76,77
8920;UM        ;CATETER DIAGNOSTICO ANGIOGRAFICO PERFORMA JL 3.5 5F 100CM BRAIDED                         ;0;0;0;79,03
8921;UM        ;(HEMO)CATETER PARA  ANGIOGRAFICO CORONARIA JL5 CM  05FR JUDKINS LEFT                      ;0;0;0;76,69
8922;UM        ;(HEMO)CATETER DIAGNOSTICO ANGIOGRAFICO PERFORMA JR 4.0 5F 100CM AIDED  ARAMADO TRACADO REF;52;3950,44;75,97;75,97
8923;UM        ;(ESPEC.)CATETER BALAO ARMADA 14 2.0X120MM 150CM                                           ;0;0;0;468,6
8924;UM        ;(ESPEC.)CATETER BALAO ARMADA 14 2.5X120MM 150CM                                           ;0;0;0;468,6
8925;UM        ;(ESPEC.)CATETER BALAO ARMADA 14 3.0X120MM 150CM                                           ;0;0;0;468,6
8926;UM        ;(ESPEC.)CATETER BALAO ARMADA 35 LL 7.0X80MM 135CM                                         ;0;0;0;468,6
8927;UM        ;(ESPEC.)CATETER BALAO ARMADA 35 LL 7.0X120MM 135CM                                        ;0;0;0;468,6
8928;UM        ;CATETER BALAO ARMADA 35 LL 7.0X150MM 135CM                                                ;0;0;0;468,6
8929;UM        ;CATETER BALAO ARMADA 35 LL 7.0X200MM 135CM                                                ;0;0;0;468,6
8930;UM        ;LACO DE CAPTURA CATETER ENDOVASCULAS EN SNARE MINI 175CM DE DIAMETRO DO LACO 2MM-4MM      ;0;0;0;1364,5
8931;UM        ;LACO DE CAPTURA CATETER ENDOVASCULAS EN SNARE MINI 175CM DIAMETRO DO LACO 12MM-20MM       ;0;0;0;1658,33
8932;UM        ;REVELADOR DENT. MANUAL 475 ML                                                             ;0;0;0;11,21
8991;UM        ;FIO GUI TEFLONADO COMPOSICAO COM INOX , 145CM D.0,38 PONTA R                              ;0;0;0;87,5
8992;UM        ;CATETER BALAO PER. VIATRAC 14 5.0X20X135.6F                                               ;0;0;0;966,5
8993;UM        ;CATETER BALAO PER. VIATRAC 14 5.5X20X135.6F                                               ;0;0;0;966,5
8994;UM        ;CATETER BALAO PER. VIATRAC 14 6.0X20X135.6F                                               ;0;0;0;494,15
8995;UM        ;STENT CAROTIDA ACCULINK 6X40                                                              ;0;0;0;2014,16
8996;UM        ;STENT CAROTIDA ACCULINK 7X40                                                              ;0;0;0;1973,47
8997;UM        ;STENT CAROTIDA ACCULINK 6-8X40                                                            ;0;0;0;1973,47
8998;UM        ;STENT FARM.XIENCE  XPEDITION SV 2.25X28                                                   ;0;0;0;1485,19
8999;UM        ;STENT FARM.XIENCE  XPEDITION    2.5X28                                                    ;0;0;0;1485,19
9000;UM        ;PLACA ANGULADA INFANTIL 4X40 90∞                                                          ;0;0;0;779,16
9001;UM        ;PLACA ANGULADA INFANTIL 3,5X35 90∞ (ADOLECENTE)                                           ;0;0;0;779,16
9028;UM        ;PLACA DCS 95 GRAUS 02F- DCS/DHS P/PARAF.4,5MM                                             ;0;0;0;278,27
9099;UM        ;(URO)EQUIPO - CONJ. DE IRRIGACAO DESCARTAVEL - 4 VIAS                                     ;0;0;0;93
9111;UM        ;MACRO PLACA ANGULADA 3X3(MANDIBULAR)(05.047-4)                                            ;0;0;0;1150,04
9112;UM        ;MACRO PLACA ORBITAL 6FUROS(MANDIBULAR)(05.047-4)                                          ;0;0;0;1150,04
9113;UM        ;MACRO PLACA RETA 7FUROS(MANDIBULAR)(05.047-4)                                             ;0;0;0;1150,04
9114;UM        ;MACRO PLACA RETA 16FUROS(MANDIBULAR)(05.047-4)                                            ;0;0;0;1150,04
9120;UM        ;PARAFUSO ESPONJOSO 6,0MM (EXTRA SUS)                                                      ;0;0;0;64,58
9275;UM        ;PLACA ANGULADA INFANTIL 4X45 90∞                                                          ;0;0;0;779,16
9314;UM        ;PLACA ANGULADA INFANTIL 4X35 90∞                                                          ;0;0;0;779,16
9339;UM        ;GRAMPEADOR CIRURGICO CIRCULAR 21MM PRE CARREGADO REF.CDH21A                               ;54;45518,4;842,933333;600
9369;UM        ;PLACA DE ENDOBUTTON (EXTRA SUS)                                                           ;0;0;0;376,34
9377;UM        ;PLACA DE RECOSNTRUÄAO 3,5MM X 11 FUROS. INCLUI PARAFUSOS.   ( 03.092-9 )                  ;0;0;0;191,94
9450;UM        ;PAPEL TERMOSENSIVEL -  USAR O C√‚DIGO 9506                                                ;0;0;0;25,63
9500;UM        ;ESCOVA LIMPEZA INSTRUMENTAIS CANULADOS 45CM X 2MM X 40MM                                  ;0;0;0;0
9501;UM        ;ESCOVA LIMPEZA INSTRUMENTAIS CANULADOS 45CM X 3MM X 40MM                                  ;70;20230;289;289
9502;UM        ;ESCOVA LIMPEZA INSTRUMENTAIS CANULADOS 180CM X 8MM X 50MM                                 ;93;5154,06;55,42;55,42
9503;UM        ;ESCOVA LIMPEZA INSTRUMENTAIS CANULADOS 45CM X 10MM X 65MM                                 ;32;1920;60;60
9504;UM        ;ESCOVA CERDAS RIGIDAS POLIAMIDA/NYLON 78-80MM X17-18MM X 10-12MM.                         ;70;3087;44,1;44,1
9505;UM        ;(COLOS)PLACA P/BOLSA ESTOMIA INTESTINAL (11704) FLANGE FLOTOANTE DE 70MM RECORTAVELL 13-51;3;75;25;25
9506;UMA       ;BLOCO DE PAPEL TERMOSSENSIVEL ESPECIAL P/ IMPRESSAO EM CARDIOTOCOGRAFO 200 FOLHAS         ;1;26,44;26,44;26,44
9507;UM        ;CANULA DE TRAQUEOSTOMIA N.7,5 EM ACO INOXIDAVEL                                           ;0;0;0;56,98
9601;UM        ;CATETER INTRAVENOSO 18 PARA ACESSO PERIFERICO C/SISTEMA DE SEGURANCA                      ;0;0;0;1,72
9602;UM        ;CATETER INTRAVENOSO 20 PARA ACESSO PERIFERICO C/SISTEMA DE SEGURANCA                      ;0;0;0;1,38
9653;UM        ;(NEURO) SISTEMA DE FIXACAO P/CALOTA CRANIANA - 16MM CLAMPS  PARA CALOTA CRANIANA TITANIO  ;200;62400;312;312
9654;UM        ;(NEURO) SISTEMA DE FIXACAO P/CALOTA CRANIANA - 11MM CLAMPS  PARA CALOTA CRANIANA TITANIO  ;200;62400;312;312
9890;UM        ;(ESPEC)AGULHA DESC. DE BIOPSIA SEMI AUTOMATICA 14GA X 10CM                                ;300;19989;66,63;66,63
9900;UM        ;FILTRO PRO.EMBOSHIELD NA V6.GR.190                                                        ;0;0;0;2787,05
9901;UM        ;CATERER DIAGNOSTICO PERFORMA VERTEBRAL 5F 100CM 038                                       ;0;0;0;117,27
9902;UM        ;MICROGUIA TRANSEND 0,014 EX STANDARD                                                      ;0;0;0;821,7
9903;UM        ;MICROGUIA TRANSEND 0,014 EX SOFT TIP                                                      ;0;0;0;821,7
9904;UM        ;MICROGUIA TRANSEND 0,014 EX PLATINUM                                                      ;0;0;0;821,7
9905;UM        ;(HEMO)MICROGUIA TRANSEND 010                                                              ;0;0;0;1500
9906;UM        ;MICROGUIA TRANSEND 0,14/300CM EXTRA SUPORTE                                               ;0;0;0;821,7
9907;UM        ;MICROGUIA TRANSEND 0,014/300 FLOPPY                                                       ;0;0;0;821,7
9908;UM        ;CATETER BALAO OCLUSOR TRANSFORM COMPLACENTE 3MMX10MM                                      ;0;0;0;1900
9909;UM        ;CATETER BALAO OCLUSOR TRANSFORM COMPLACENTE 3MMX15MM                                      ;0;0;0;1900
9910;UM        ;CATETER BALAO OCLUSOR TRANSFORM COMPLACENTE 4MMX10MM                                      ;0;0;0;1900
9911;UM        ;CATETER BALAO OCLUSOR TRANSFORM COMPLACENTE 4MMX15MM                                      ;0;0;0;1900
9912;UM        ;CATETER BALAO OCLUSOR TRANSFORM SUPER COMPLACENTE 4MMX7MM                                 ;0;0;0;1900
9913;UM        ;CATETER BALAO OCLUSOR TRANSFORM SUPER COMPLACENTE 4MMX10MM                                ;0;0;0;1900
9914;UM        ;STOPCOCK MARQUIS MERIT, 3 VIAS, 500 PSI (34BAR) OFF                                       ;0;0;0;50,98
9915;UM        ;BAINHA INTRODUTORA PRELUDE FEMURAL 5F 11CM COM FIO GUIA 035X50CM EM ACO INOXIDAVEL COM AGU;0;0;0;72,09
9916;UM        ;STENT FARM. XIENCE XPEDITION 3.5X28                                                       ;0;0;0;1485,19
9917;UM        ;STENT FARM. XIENCE XPEDITION 4,0X18                                                       ;0;0;0;1485,19
9918;UM        ;(HEMO))CATETER PARA ANGIOGRAFIA PERFORMA MULTIPURPOSE MPA2 5F 100CM SIDE PORTS 0.038 (0.97;0;0;0;67
9919;UM        ;BOBINA MOD. TYVEK 200MM X 70                                                              ;0;0;0;416,45
9920;UM        ;BOBINA MOD. TYVEK 150MM X 70M                                                             ;0;0;0;277,77
9921;UM        ;BOBINA MOD. TYVEK 100MM X 70M                                                             ;0;0;0;212,5
9922;UM        ;(CARDIO)MARCAPASSO CARDIACO IMPLANTAVEL DE CAMARA UNICA (FULBODY) EVITY 6SR-T             ;0;0;0;3125
9923;UM        ;ENDOPROTESE ENDURANT II BIFURCADA 23X16X166                                               ;0;0;0;14000
9924;UM        ;(ESPEC)ENDOPROTESE ENDURANT II BIFURCADA 28X16X166                                        ;0;0;0;21780
9925;UM        ;ENDOPROTESE ENDURANT II BIFURCADA 32X16X166                                               ;0;0;0;14000
9926;UM        ;(ESPEC)ENDOPROTESE ENDURANT II BIFURCADA 36X16X145                                        ;0;0;0;21780
9927;UM        ;ENDOPROTESE ENDURANT II CONTRALATERAL 16X13X124                                           ;0;0;0;12970
9928;UM        ;(HEMO)ENDOPROTESE ENDURANT II CONTRALATERAL 16X13X124                                     ;0;0;0;10200
9929;UM        ;(ESPEC)ENDOPROTESE ENDURANT II CONTRALATERAL 16X16X93                                     ;0;0;0;7650
9930;UM        ;(ESPEC)ENDOPROTESE ENDURANT II CONTRALATERAL 16X16X124                                    ;0;0;0;16932
9931;UM        ;ENDOPROTESE ENDURANT II CONTRALATERAL 16X16X82                                            ;0;0;0;12970
9932;UM        ;(ESPEC)ENDOPROTESE ENDURANT II CONTRALATERAL 16X13X82                                     ;0;0;0;16932
9933;UM        ;(ESPEC)ENDOPROTESE ENDURANT II CONTRALATERAL 16X20X193                                    ;0;0;0;16932
9934;UM        ;ENDOPROTESE ENDURANT II CONTRALATERAL 16X10X93                                            ;0;0;0;16932
9935;UM        ;ENDOPROTESE ENDURANT II CONTRALATERAL 16X28X93                                            ;0;0;0;16932
9936;UM        ;ENDOPROTESE ENDURANT II LIMB          16X20X821                                           ;0;0;0;12970
9937;UM        ;TALENT SIST DE ENDOPROT.VASCULAR ILI OCLUSOR 24/35MMX17,5FR                               ;0;0;0;4573,8
9938;UM        ;(URO) CATETER BALAO DILATADOR 15FR/75 CM                                                  ;0;0;0;16932
9939;UM        ;15X4.00-CAT DILAT PTCA QUANTUM APEX MON                                                   ;0;0;0;443,6
9940;UM        ;(ESPEC)CATETER-GUIA P/ANGIOPLASTIA CORONARIA CURVA (AR2) 6F 100 A 120CM                   ;0;0;0;130,17
9941;UM        ;(ESPEC)KIT ADVANTAGE ENCORE (26)                                                          ;0;0;0;150
9942;UM        ;(ESPEC)PROTESE (STENT) CORONARIA DE ACO INOXIDAVEL OU LIGA CROMO-COBALTO 2,5MM X 28MM. COM;0;0;0;1000
9944;UM        ;(ESPEC)(5FX11CM.038 G/W BX/10) BAINHA MEDIKIT                                             ;0;0;0;750
9945;UM        ;(ESPEC)PROTESE (STENT) CORONARIA DE ACO INOXIDAVEL OU LIGA CROMO-COBALTO 3,5MM X 20MM. COM;0;0;0;1000
9946;UM        ;REBEL MONORAIL SIST DE STENT CROMO PLAT 2.75X16                                           ;0;0;0;1000
9947;UM        ;(300 ES J) FIO GUIA CHOICE                                                                ;0;0;0;120
9948;UM        ;(ESPEC)(7FX11CM .038 G/W BX/10) BAINHA MEDIKIT                                            ;0;0;0;729,1
9949;UM        ;(ESPEC.)CHOICE ES 182 J-FIO GUIA PTCA COB HIDROF                                          ;0;0;0;120
9950;UM        ;(ESPEC)PT2 LS 185CM-FIO GUIA PTCA C/COB HIDROFI                                           ;0;0;0;120
9951;UM        ;(ESPEC)PT2 MS 300CMJ-FIO GUIA PTCA C/COB HIDROF                                           ;0;0;0;250
9952;UM        ;(ESPEC)CATETER GUIA P/ANGIOPLASTIA CORONARIA CURVA FL4 6F 100 A 120CM                     ;0;0;0;156,36
9953;UM        ;(ESPEC)CATETER GUIA P/ANGIOPLASTIA CORONARIA CURVA FR4 6F 100 A 120CM                     ;0;0;0;156,36
9954;UM        ;20X3.50 CAT DILAT PTCA QUANTUM APEX MON                                                   ;0;0;0;443,6
9955;UM        ;(ESPEC)(5F FL3.5) IMPULSE CAT ANGIOGRAFICO                                                ;0;0;0;70,27
9956;UM        ;(HEMO)CATETER IMPULSE 5FR ANGIO FR4 100 CM                                                ;0;0;0;74,07
9957;UM        ;(ESPEC)(5F FR3.5 (5PK))IMPULSE CAT ANGIOGRAFICO                                           ;0;0;0;370,35
9958;UM        ;(HEMO)CATETER ANGIOGRAFICO JR 4.0CM 06FR JUDKINS RIGHT                                    ;0;0;0;74,07
9959;UM        ;(HEMO)CATETER IMPULSE 5FR ANGIO FL4 100 CM                                                ;0;0;0;70,27
9960;UM        ;(ESPEC)CATETER PARA ANGIOGRAFIA CORONARIANA JL 4,0CM 6F. COMPRIMENTO DE 100 A 125CM       ;0;0;0;74,07
9961;UM        ;(ESPEC)(5F FL5(5PK))IMPULSE CAT ANGIOGRAFICO                                              ;0;0;0;295,1
9962;UM        ;SENSOR BIS PEDIATRICO/186-0200/COVIDIEN/ 10349000388/ KIT PARA MONITORIZACAO DO NIVEL DE C;0;0;0;300
9963;UM        ;ENXERTO PROTESE VASCULAR ANELA PTFE 8X80 CX QTD.2,00CX                                    ;0;0;0;2800
9964;UM        ;COMPONENTE FEMORAL EM ACO INOX QUE PERMITA OU NAO PRESERVACAO DO LIGAMENTO CRUZADO DO POST;0;0;0;8137,15
9965;KIT       ;SONDA PARA GASTROSTOMIA 20 FR C/2 VIAS 5ML.                                               ;0;0;0;850
9966;KIT       ;SONDA PARA GASTROSTOMIA 22 FR C/2 VIAS 5ML.                                               ;0;0;0;850
9967;KIT       ; SONDA PARA GASTROSTOMIA 14-1.2 (MIC-KEY)                                                 ;0;0;0;850
9968;KIT       ;SONDA PARA GASTROSTOMIA 20-4.5 (MIC-KEY)                                                  ;0;0;0;850
9969;KIT       ;SONDA PARA GASTROSTOMIA 14 FR C/2 VIAS 5ML.                                               ;0;0;0;850
9970;UM        ;TUBO PARA GASTRONOMIA AO NIVEL DA PELE TIPO BUTTON BALONADO-AA7191F80                     ;0;0;0;850
9971;UM        ;STENT FARM. XIENCE  XPEDITION SV2.0X15                                                    ;0;0;0;1485,19
9972;UM        ;STENT FARM. XIENCE  XPEDITION SV2.0X18                                                    ;0;0;0;1485,19
9973;UM        ;(ESPECIF) PROTESE (STENT) CORONARIA 2.00 X 23 BALAO EXPANSIVEL ACO OU CROMO-COBALTO OU PLA;0;0;0;800,16
9974;UM        ;(ESPECIF) PROTESE (STENT) CORONARIA 2.00 X 28 BALAO EXPANSIVEL ACO OU CROMO-COBALTO OU PLA;0;0;0;800,16
9975;UM        ;STENT FARM. XIENCE  XPEDITION SV 2.25X08                                                  ;0;0;0;1485,19
9976;UM        ;(ESPECIF) PROTESE (STENT) CORONARIA 2.25 X 12 BALAO EXPANSIVEL ACO OU CROMO-COBALTO OU PLA;0;0;0;800,16
9977;UM        ;STENT FARM.XIENCE XPEDITION SV 2.25X15                                                    ;0;0;0;1485,19
9978;UM        ;STENT FARM. XIENCE  XPEDITION SV 2.25X18                                                  ;0;0;0;1485,19
9979;UM        ;STENT FARM. XIENCE  XPEDITION SV 2.25X23                                                  ;0;0;0;1485,19
9980;UM        ;STENT FARM. XIENCE  XPEDITION SV 2.25X28                                                  ;0;0;0;1485,19
9981;UM        ;(HEMO)SISTEMA DE STENT CORONARIO 2.50 X 08MM DE ELUICAO DE SIROLIMUS METAFOR.REF:MTR25008.;0;0;0;854,49
9982;UM        ;(ESPECIF) PROTESE (STENT) CORONARIA 2.50 X 12 BALAO EXPANSIVEL ACO OU CROMO-COBALTO OU PLA;0;0;0;800,16
9983;UM        ;(ESPECIF) PROTESE (STENT) CORONARIA 2.50 X 15 BALAO EXPANSIVEL ACO OU CROMO-COBALTO OU PLA;0;0;0;800,16
9984;UM        ;(ESPECIF) PROTESE (STENT) CORONARIA 2.50 X 28 BALAO EXPANSIVEL ACO OU CROMO-COBALTO OU PLA;0;0;0;800,16
9985;UM        ;(ESPECIF) PROTESE (STENT) CORONARIA 2.50 X 33 BALAO EXPANSIVEL ACO OU CROMO-COBALTO OU PLA;0;0;0;800,16
9986;UM        ;(ESPECIF) PROTESE (STENT) CORONARIA 2.50 X 38 BALAO EXPANSIVEL ACO OU CROMO-COBALTO OU PLA;0;0;0;800,16
9987;UM        ;(HEMO)SISTEMA DE STENT CORONARIO 2.50 X 48MM DE ELUICAO DE SIROLIMUS METAFOR. REF:MTR25048;0;0;0;854,49
9988;UM        ;STENT FARM. XIENCE  XPEDITION 2.75X08                                                     ;0;0;0;1485,19
9989;UM        ;(ESPECIF) PROTESE (STENT) CORONARIA 2.75 X 12 BALAO EXPANSIVEL ACO OU CROMO-COBALTO OU PLA;0;0;0;800,16
9990;UM        ;STENT FARM. XIENCE  XPEDITION 2.75X15                                                     ;0;0;0;1485,19
9991;UM        ;(ESPECIF) PROTESE (STENT) CORONARIA 2.75 X 18 BALAO EXPANSIVEL ACO OU CROMO-COBALTO OU PLA;0;0;0;800,16
9992;UM        ;STENT FARM. XIENCE  XPEDITION 2.75X23                                                     ;0;0;0;1485,19
9994;UM        ;(ESPECIF) PROTESE (STENT) CORONARIA 2.75 X 33 BALAO EXPANSIVEL ACO OU CROMO-COBALTO OU PLA;0;0;0;800,16
9995;UM        ;(ESPECIF) PROTESE (STENT) CORONARIA 2.75 X 38 BALAO EXPANSIVEL ACO OU CROMO-COBALTO OU PLA;0;0;0;800,16
9996;UM        ;STENT FARM. XIENCE  XPEDITION LL2.75X48                                                   ;0;0;0;1485,19
9997;UM        ;STENT FARM. XIENCE  XPEDITION 3.0X08                                                      ;0;0;0;1485,19
9998;UM        ;(ESPECIF) PROTESE (STENT) CORONARIA 3.00 X 12 BALAO EXPANSIVEL ACO OU CROMO-COBALTO OU PLA;0;0;0;800,16
9999;UM        ;(ESPECIF) PROTESE (STENT) CORONARIA 3.00 X 15 BALAO EXPANSIVEL ACO OU CROMO-COBALTO OU PLA;0;0;0;800,16
10000;UM        ;SABONETE LIQUIDO COM GLICERINA NEUTRO 1000ML                                              ;0;0;0;4,98
10003;UM        ;FRASCO DESCARTAVEL PARA DIETA ENTERAL 100/150ML                                           ;0;0;0;0
10005;UM        ;HIPOCLORITO DE SODIO 2,5% ( CX 50 UNID.)                                                  ;0;0;0;0
10006;UM        ;MINI ANCORAS ABSORVIVEIS 2,2MM (EXTRA SUS)                                                ;0;0;0;1384,61
10007;UM        ;MINI ANCORAS ABSORVIVEIS 2,8MM (EXTRA SUS)                                                ;0;0;0;1418,78
10009;UM        ;ANCORAS ABSORVIVEIS 5,0MM (EXTRA SUS)                                                     ;0;0;0;1320,27
10010;UM        ;DISPOSITIVO PARA IRRIGACAO - FRASCOS DE SOLUCAO PARA SISTEMAFECHADO                       ;0;0;0;3578,12
10012;UM        ;CERA OSSEA - ORTESE E PROTESE (EXTRA SUS)                                                 ;0;0;0;113
10020;UM        ;PLACA TORACO LOMBAR SACRA  ( 05.049-0 )                                                   ;0;0;0;1658,13
10101;UM        ;CANULA DE TRAQUEOSTOMIA N.08 EM ACO INOXIDAVEL                                            ;0;0;0;120,4
10102;UM        ;CANULA DE TRAQUEOSTOMIA N.06 - AJUSTAVEL                                                  ;0;0;0;52,49
10103;UM        ;CANULA DE TRAQUEOSTOMIA N.3,5 EM ACO INOXIDAVEL                                           ;0;0;0;49,4
10104;UM        ;CANULA DE TRAQUEOSTOMIA N.07 - AJUSTAVEL                                                  ;0;0;0;49,4
10105;UM        ;CURATIVO GEL DE LIMPEZA 150ML                                                             ;0;0;0;0
10106;UM        ;PAPEL P/ELETROCARDIOGRAMA 120MM X 130MM 200FL (BT-300 / BT-330)                           ;38;1004,72;26,44;26,44
10107;CX.       ;(HEMO)  CATETER GUIA RUWAY L4 VODA LEFT4 6F (2.2MM)REF.H74938969730                       ;0;0;0;185,68
10108;UM        ;(ESPEC.)MOLA DESTACAVEL AXIUM HELIX 3X8/QC-3-9                                            ;0;0;0;1310,85
10109;UM        ;(ESPEC.)MOLA DESTACAVEL AXIUM PRIME 3D 6X15/APB-6-15-3D-SS                                ;0;0;0;1310,85
10110;UM        ;CATETER GUIA (VL3.5 SH 6F)                                                                ;0;0;0;130,17
10111;UM        ;CATETER GUIA (VL4 SH 6F)                                                                  ;0;0;0;130,17
10112;PCT.      ;SWAB ESTERIL C/HATE TERMOPLASTICO C/PONTA RAYON FIBRA CELULOSE P/ COLETA AMOSTRA PACOTE CO;0;0;0;30
10113;UM        ;CATETER 7R OU 8R X 60 CM PERMICATH LONGA PERMANECIA TOTALMENTE IMPLANTAVEL. CDL           ;34;29217,22;859,33;859,33
10115;UM        ;"SONDA ESOFAGICA N.12 ""SENGSTAKEN-BLACKMORE""                                               ";0;0;0;921,87
10116;UM        ;(CME) ENVELOPE AUTO-SELANTE 160MM X 200MM.                                                ;0;0;0;0
10117;UM        ;MASCARA P/BALAO AUTO INFLAVEL SEMI/OU TRANSPARENTE N.0 -PREMATURO                         ;736;25795,4;35,048097;35
10118;UM        ;AGULHA DE BIOPSIA P/ASPIRACAO 14G X 08CM                                                  ;0;0;0;0
10119;UM        ;(ESPEC)(FL5 6F)RUNWAY CATETER GUIA                                                        ;0;0;0;130,17
10120;UM        ;(ESPEC)REBEL MONORAIL SIST DE STENT CROMO PLAT                                            ;0;0;0;1000
10121;UM        ;(ESPEC)LAMINA DESCARTAVEL PARA CORTES HISTOLOGICOS 818/FIO ALTO,80MM(50/CX)               ;0;0;0;323
10122;UM        ;(ESPEC.)CATETER BALAO ARMADA 18 5.0X200MM 150CM                                           ;0;0;0;468,6
10123;UM        ;(ESPEC.)CATETER BALAO ARMADA 14 2.0X200MM 150CM                                           ;0;0;0;468,6
10124;UM        ;(ESPEC.)CATETER BALAO ARMADA 14 3.0X200MM 150CM                                           ;0;0;0;468,6
10125;UM        ;(ESPEC.)CATETER BALAO ARMADA 35 LL 5.0X120MM 135CM                                        ;0;0;0;468,6
10126;UM        ;(ESPEC.)CATETER BALAO ARMADA 35 LL 6.0X120MM 135MM                                        ;0;0;0;468,6
10127;UM        ;(ESPEC.)CATETER BALAO PTA ARMADA 35 9.0X60MM 135CM                                        ;0;0;0;468,6
10128;UM        ;(ESPEC)TREPANO A VACUO 06.00MM                                                            ;0;0;0;750
10129;UM        ;(ESPEC)035/260/3 B/5-FIO GUIA AMPLATZ SUP STIFF                                           ;0;0;0;2500
10130;UM        ;(HEMO)CATETER IMPULSE 5FR ANGIO IM 100CM                                                  ;0;0;0;70,83
10131;UM        ;(ESPEC)(MP1 6F)RUNWAY CATETER GUIA                                                        ;0;0;0;130,17
10132;UM        ;(ESPEC)OPTICROSS - CATETER ECOGRAFICO CORONARIO 3FR 135CM.                                ;0;0;0;3500
10133;UM        ;(ESPEC)(5F PIG 145 110CM)IMPULSE CAT ANGIOGRAFICO                                         ;0;0;0;72,91
10134;UM        ;CURATIVO DE ESPUMA C/IBUPROFENO C/ESPUMA DE POLIURETANO 10X10CM                           ;0;0;0;75,5
10135;UM        ;CODIGO INATIVO USAR HOSPUB 5904                                                           ;0;0;0;145,2
10136;UM        ;(ESPEC)ESCOVA DENTAL ADULTO CERDAS MACIAS,DE NYLON,COM 04 FILEIRAS DE TUFOS               ;0;0;0;0,6
10137;UM        ;(ESPEC)ESCOVA DENTAL INFANTIL CERDAS MACIAS,DE NYLON,COM 04 FILEIRAS DE TUFOS,COM 28 E 30 ;0;0;0;0,5
10138;UM        ;(ESPEC)CREME DENTAL COM FLUOR (1500 PPM), USO ADULTO E EMBALAGEM COM 90G                  ;0;0;0;0,86
10139;UM        ;(ESPEC)CREME DENTAL INFANTIL COM FLUOR 1100 PPM COM 50G                                   ;0;0;0;1,67
10140;UM        ;(ESPEC)ROLO DE PAPEL EMBALAGEM ESTERILIZACAO 20CM X 100M                                  ;0;0;0;69,45
10141;UM        ;(ESPEC)ROLO DE PAPEL EMBALAGEM ESTERILIZACAO 15CM X 100M                                  ;0;0;0;52,45
10142;UM        ;(ESPEC)LUBRIFICANTE ODONTOLOGICO EM SPRAY COM ADAPTADOR PARACANETAS DE ALTA E BAIXA ROTACA;0;0;0;13,73
10143;UM        ;(ESPEC)STENT AUTO-EXPANSIVEL DE NITINOL COM SISTEMA OTW,COMPATIVEL COM FIO GUIA 0,035, DIA;0;0;0;1847,91
10144;UM        ;(ESPEC)BROCA DIAMANTADA N.1011                                                            ;0;0;0;1,59
10145;UM        ;(ESPEC)BROCA DIAMANTADA N.1012                                                            ;0;0;0;1,4
10146;UM        ;(ESPEC)BROCA DIAMANTADA N.1013                                                            ;0;0;0;1,59
10147;UM        ;(ESPEC)BROCA DIAMANTADA N.1014                                                            ;0;0;0;1,4
10148;UM        ;(ESPEC)BROCA DIAMANTADA N.1015                                                            ;0;0;0;1,4
10149;UM        ;(ESPEC)CIMENTO TEMPORARIO DE OXIDO DE ZINCO E EUGENOL. SOLUCAO PO + LIQUIDO               ;0;0;0;17,15
10150;UM        ;(ESPEC)FORMOCRESOL 10ML. ESCOVA DE ROBSON PARA CONTRA-ANGULO,RETA BRANCA                  ;0;0;0;1,1
10151;UM        ;(ESPEC)FIO DE SUTURA COM AGULHA CORTANTE NYLON 1/2 CIRCULO 1,7CM PRETA TRANCADA, CLASSE II;0;0;0;32,31
10152;UM        ;(ESPEC)ROLETE DE ALGODAO ODONTOLOGICO ISENTO DE AMIDO E CLORO COM FIBRAS, 100% ALGODAO ALT;0;0;0;1,21
10153;UM        ;(ESPEC)SUGADOR ODONTOLOGICO COLORIDO CAIXA C/40                                           ;0;0;0;3,92
10154;UM        ;(ESPEC)TIRAS DE ACO DIAMANTADA P/DESGASTE INTERPROXIMAL 2,5MM X 110MM                     ;0;0;0;6,12
10155;UM        ;(ESPEC)IONOMERO DE VIDRO FOTOPOLIMERIZAVEL P/BASE E FORRAMENTO (EMBALAGEM C/PO E LIQUIDO) ;0;0;0;63,05
10156;UM        ;(ESPEC)AMALGAMA DENTAL EM CAPSULA DE 02 DOSES                                             ;0;0;0;106
10157;UM        ;CATETER INTRAVENOSO 16 PARA ACESSO PERIFERICO C/ SISTEMA DE SEGURANCA                     ;38400;44544;1,16;1,16
10158;UM        ;(ESPEC)BICARBONATO DE SODIO NATURAL                                                       ;0;0;0;11,4
10159;UM        ;(ESPEC)AGULHA ODONTOLOGICA DESCARTAVEL, GENGIVAL, ESTERILIZADA, 30G CURTA                 ;0;0;0;25
10160;UM        ;(ESPEC)LAMINAS DE BISTURI EM ACO-CARBONO N 15                                             ;0;0;0;21
10161;UM        ;(ESPEC)LAMINAS DE BISTURI EM ACO CARBONO N 12                                             ;0;0;0;20
10162;UM        ;(ESPEC)APLICADOR MICROBRUSH EM TAMANHO REGULAR                                            ;0;0;0;10
10163;UM        ;(ESPEC)BROCA DIAMANTADA CILINDRICA ALTA ROTACAO N 1090                                    ;0;0;0;1,54
10164;UM        ;(ESPEC)BROCA DIAMANTADA CILINDRICA ALTA ROTACAO N 1092                                    ;0;0;0;1,54
10165;UM        ;(ESPEC)BROCA DIAMANTADA CONICA ALTA ROTACAO N 1111                                        ;0;0;0;1,41
10166;UM        ;(ESPEC)BROCA DIAMANTADA PARA ACABAMENTO GRANA ULTRAFINA 1112FF                            ;0;0;0;1,41
10167;UM        ;(ESPEC)FITA BANDA MATRIZ METALICA                                                         ;0;0;0;0,96
10168;UM        ;(ESPEC)ADESIVO BOND 2.1 FR 6ML                                                            ;0;0;0;1308
10169;UM        ;(ESPEC)BROCA DE LATA ROTACAO CILINDRICA CARBIDE N703                                      ;0;0;0;5,92
10170;UM        ;(COLOS)BOLSA DE COLOSTOMIA ADULTO,SISTEMA 02 PECAS REF.10365/402534,DRENAVEL,PLASTICO ANTI;0;0;0;43,99
10171;UM        ;(ESPEC)CASSETE FECHADO MATERIAL PLASTICO,COMPONENTES COM TAMPA,DIMENSOES CERCA DE 3X4     ;0;0;0;55
10172;UM        ;(COLOS) BOLSA ADULTO REF. 416718 1 PECA TRANSPARENTE PLASTICO ANTIODOR,DRENAVEL COM FILTRO;0;0;0;14,7
10173;UM        ;BOLSA DE COLOSTOMIA ADULTO DRENAVEL SITEMA 2 PECAS(402533)  (BOLSA E BASE ADESIVA COMPATIV;0;0;0;56,92
10174;UM        ;MASCARA P/BALAO AUTO INFLAVEL SEMI OU TRANSPARENTE N.00-PREMATURO EXTREMO                 ;325;17494,75;53,83;53,83
10175;UM        ;CODIGO INATIVO. USAR HOSPUB 6461                                                          ;0;0;0;205
10176;PCT.      ;LACRE DE SEGURANCA NUMERADO TIPO ESPINHA DE PEIXE AMARELO PCT COM 100 UND.                ;29;461,68;15,92;15,92
10177;FR.       ;FRASCO DE POLICARBONATO OU VIDRO DE ASPIRACAO P/AR COMPRIMIDO DE 400-500ML OU TERMOPLASTIC;30;2353,2;78,44;78,44
10178;KIT       ;KIT PARA DRENAGEM DE TORAX N.36 C/FRASCO 1000 ML                                          ;0;0;0;0
10179;UM        ;(ESPEC)LENTE INTRAOCULAR RAYONE ASFERICA ESPECIAL D.31.0                                  ;0;0;0;133,2
10180;UM        ;(ESPEC)ENDOPROTESE MODULAR AUTO-EXPANSIVEL P/TRATAMENTO DE ANEURISMAS E DISSECCOES DA AORT;0;0;0;10500
10181;UM        ;(ESPEC)CESTA DE CAPTURA EM FORMATO OVAL DE FACIL ABERTURA 25MM. TIPO REDINHA E CORPO ESTRA;0;0;0;1083,33
10182;UM        ;(CARDIO)MARCAPASSO CARDIACO IMPLANTAVEL DE CAMARA DUPLA CONDICIONAL P/ RESSONANCIA MAGNETI;0;0;0;5226,45
10183;UM        ;(ESPEC)ICD-SYST. INTICA 5 DR-T DF4 PROMRI.CARDIOVERSOR DESFIBRILADOR-GERADOR              ;0;0;0;22500
10184;UM        ;(CARDIO) CARDIOV.DESFIBRILADOR. IMPLANT. DE CAMARA TRIPLA CONDICIONAL INTICA 5 HF-T / DF4 ;0;0;0;35000
10185;UM        ;(ESPEC)ETRINSA 8 SR-T. MARCAPASSO CARDIACO MULTIPROGRAMAVEL DE CAMARA UNICA               ;0;0;0;3000
10186;UM        ;(CARDIO)CANULA VENOSA ARAMADA UNICO ESTAGIO PONTA RETA 22FR                               ;0;0;0;548,25
10187;UM        ;(CARDIO)KIT CANULA ARTERIAL BASKET 12FR 4,0MM ANG. 45GR                                   ;0;0;0;663,28
10188;UM        ;(ESPEC)CATETER BALAO DE CONTRAPULSACAO AORTICA                                            ;0;0;0;3600
10189;UM        ;(ESPEC)TUBO EXTENSOR RADIAL MACHO-FEMEA                                                   ;0;0;0;16,32
10190;UM        ;(ESPEC)ANEL ANULOPLASTIA MITRAL CARPENTIER                                                ;0;0;0;655,05
10191;UM        ;(OFTAL)CAIXA PARA BLOCOS PARAFINA, MATERIAL PAPELAO 290X170X45 (CASSETES, ARQUIVO PAPELAO);0;0;0;3,42
10192;UM        ;(OFTAL)CAIXA LABORATORIO, MATERIAL PAPELAO, CAPACIDADE 1000 LAMINAS, ACESSORIOS COM DIVISO;0;0;0;4,5
10193;UM        ;(ESPEC)CATETER BALAO PARA ANGIOPLASTIA CORONARIA DE BAIXA COMPLACENCIA (PARA POS-DILATACAO;0;0;0;371,04
10194;UM        ;(ESPEC)CATETER-BALAO PARA ANGIOPLASTIA DE CAROTIDA,DIVERSOS TAMANHOS - PARA TRATAMENTO DE ;0;0;0;494,15
10195;UM        ;(ESPEC)STENT FARMACOLOGICO XIENCE ALPINE 2,50X18 AVI NEUTRA.                              ;0;0;0;800,17
10196;UM        ;(ESPEC)LENTE INTRAOCULAR RAYONE ESFERICA DIOPTRIA 29.0                                    ;0;0;0;133,2
10197;UM        ;(ESPEC)LENTE INTRAOCULAR RAYONE ESFERICA DIOPTRIA 12.5                                    ;0;0;0;133,2
10198;UM        ;(ESPEC)LENTE INTRAOCULAR RAYONE ESFERICA DIOPTRIA 13.0                                    ;0;0;0;133,2
10199;UM        ;(ESPEC)PINCA ENDOSCOPICA PARA APREENSAO DE CORPO ESTRANHO COM REDE DE 2,5X20X50X230CM     ;0;0;0;1550
10200;UM        ;(OFTAL)FIO DE SILICONE PARA PTOSE PALPEBRAL                                               ;0;0;0;1291,5
10201;UM        ;(ESPEC)PROTESE(STENT)EXPANSIVEL POR BALAO-REVESTIDO EM PTFE-PARA TRATAMENTO DE PERFURACAO ;0;0;0;5775
10202;UM        ;(ESPEC)PROTESE(STENT)EXPANSIVEL POR BALAO REVESTIDO EM PTFE PARA TRATAMENTO DE PERFURACAO ;0;0;0;5775
10203;UM        ;(ESPEC)PROTESE(STENT)EXPANSIVEL POR BALAO REVESTIDO EM PTFE PARA TRATAMETO DE PERFURACAO C;0;0;0;5775
10204;UM        ;(ESPEC)SERINGA EM POLIETILENO PARA INJECAO DE CONTRASTE EM BOMBA INJETORA 200ML           ;0;0;0;60,77
10205;UM        ;(NEURO)FIO CIRURGICO PROLENE 4-0 COM AGULHA CARDIOVASCULAR 2X1/2                          ;0;0;0;8,29
10206;UM        ;(ESPEC)SHUNT DE CAROTIDA DESCARTAVEL 09FR, 31CM X 15CM                                    ;0;0;0;2600
10207;UM        ;(ESPEC)INTRODUTOR PARA CATETER COM E SEM VALVULA 6F X 90CM                                ;0;0;0;1800
10208;UM        ;(NEURO)TRANSDUTOR P/ SISTEMA DE MONITORIZA«√O DE PRESSAO KMP                              ;0;0;0;125
10209;UM        ;(EDA)PINCA PARA RETIRADA DE CORPO ESTRANHO, JACARE LONGA C  OM DENTE DE RATO, TUBO DE META;5;12000;2400;2400
10210;UM        ;(ESPEC)PINCA PARA RETIRADA DE CORPO ESTRANHO, JACARE LONGA E DENTE DE RATO, TUBO DE METAL.;10;23498,6;2349,86;2349,86
10211;UM        ;(ESPE)CATETER BALAO PERIFERICO C/SIST. OTW,PASSEO-35 XEO 7/100/130 BAIXO PERFIL DE CRUZAME;0;0;0;300
10212;UM        ;(ESPEC)ENXERTO AORTICO VALVADO 29MM                                                       ;0;0;0;0
10213;UM        ;TELA POLIESTER MULT DUPLA FACE C/ BARREIRA ABSOR. TAM.15X20                               ;0;0;0;5191,67
10214;UM        ;TELA POLIESTER MULT DUPLA FACE C/ BARREIRA ABSOR. TAM.30X35                               ;0;0;0;6300
10215;UM        ;(ESPEC)CATETER BALAO PARA DILATACAO DE LESOES EM ARTERIAS CEREBRAIS, TIPO SEMI COMPLACENTE;0;0;0;5900
10216;UM        ;(ESPEC)LACO DE CAPTURA ENDOVASCULAR TIPO TRIPLO-LACO OU DUPLO-LOOP, COMPATIVEL COM CATETER;0;0;0;3396
10217;UM        ;(NEFRO)FILTRO DIALISADOR 17M MEDIO FLUXO SUPEF.1,7 USO UNICO                              ;0;0;0;105,72
10218;UM        ;(ESPEC)CATETER BALAO PERIFERICO COM SISTEMA OTW,PASSEO-14 4/140/150 BAIXO PERFIL DE  CRUZA;0;0;0;300
10219;UM        ;(ESPEC)AGULHA DE LOCALIZACAO MAMARIA 20GA X 7,5CM                                         ;0;0;0;79,87
10220;UM        ;(ESPEC)AGULHA DE LOCALIZACAO MAMARIA 20GA X 10CM                                          ;0;0;0;79,83
10221;UM        ;(C.G)GRAMPEADOR SECURESTRAP RETO 5MM 25 GRAMPOS ETHICON                                   ;60;96224;1603,733333;1498,56
10222;UM        ;(C.G)GRAMPEADOR HERNIAS HASTE DE 19 CM DUPLA ANCORA-ETHICON CURVO                         ;0;0;0;1498,56
10223;UM        ;TELA SEPARADORA DE TECIDOS P/ HERNIA ABDOM POLIPRO. POLIDIOX.ETHICON) 20X30CM             ;2;13800;6900;36225
10224;UM        ;TELA SEPARADORA DE TECIDOS P/ HERNIA 2,4MM HEXAG. 25X37,5CM(.(PHYSIONMESH-OPEN-ETHICON)   ;39;304200;7800;7800
10225;UM        ;(CARDIO) FIO POLIPROPILENO 5-0 AG.1.7MM 1/2 CILINDR. ESTRIADA 75CM COM 2 AGULHAS CARDIO VA;0;0;0;503,75
10226;UM        ;CODIGO EXLCUIDO - USAR HOSPUB 8360 (CURATIVO TECIDO BIOLOGICO ESTERIL POROSO )            ;0;0;0;16,27
10227;KIT       ;(OFTAL)KIT(LUVA)LEGACY PONTEIRA 0,9MS.                                                    ;0;0;0;168
10228;UM        ;CURATIVO TECIDO BIOLOGICO ESTERIL LISO NAO ADERENTE 8X10CM                                ;0;0;0;16,27
10229;UM        ;CURATIVO DE ESPUMA NAO ADESIVO 15CM X 15CM                                                ;0;0;0;23
10230;UM        ;(ESPEC)ANESTESICO MEPIVACAINA 2% COM EPINEFRINA                                           ;0;0;0;1,38
10231;UM        ;(ESPEC)ANESTESICO ARTICAINA COM EPINEFRINA 4%                                             ;0;0;0;1,89
10232;UM        ;(ESPEC)ANESTESICO PRILOCAINA COM FELIPRESSINA 3%                                          ;0;0;0;1,03
10233;UM        ;(ESPEC)ANESTESICO TOPICO COM 20% DE BENZOCAINA EM GEL - 12G                               ;0;0;0;6,25
10234;UM        ;(ESPEC)FORMOCRESOL 10ML                                                                   ;0;0;0;3,64
10235;UM        ;(ESPEC)SOLUCAO DE CLOREXIDINA A 0,12% COM FLUOR A 0,05% PARA ENXAGUE BUCAL 250ML          ;0;0;0;5,77
10236;UM        ;(ESPEC)FLUORETO DE SODIO 1,23% FLUORETOS,EM GEL,TIXOTROPIXO,ACIDULADO C/ 200ML            ;0;0;0;3,55
10237;UM        ;(ESPEC)PARAMONOCLOROFENOL 20ML                                                            ;0;0;0;4,6
10238;KIT       ;REANIMADOR MANUAL ADULTO (AMBU) C/ BALAO E COXIM(BICO DE PATO)                            ;392;76510,56;195,18;195,18
10239;UM        ;(NEURO)FIO PARA SUTURA EM NYLON 2.0 - 45CM - AGULHA 3,5CM                                 ;0;0;0;2,66
10240;UM        ;(NEURO)FIOS PARA SUTURA EM NYLON N.3.0- 45CM AGULHA 3,5CM                                 ;0;0;0;2,95
10241;UM        ;(ESPEC)ALCOOL ETILICO 99,7% 1000ML(ABSOLUTO P.A. ACS)                                     ;0;0;0;7
10242;UM        ;TUBO PS CRISTAL 10ML                                                                      ;0;0;0;0,55
10243;UM        ;TAMPA NATURAL PARA TUBO PS 10ML                                                           ;0;0;0;0,25
10244;UM        ;PLACA DE RADIO DISTAL BLOQUEADA ( 03.139-9 )                                              ;0;0;0;293,39
10245;UM        ;MACRO PLACA RETA PONTE 10MM 6F(MANDIBULAR)(05.047-4)                                      ;0;0;0;1150,04
10246;UM        ;FIO NYLON N.3-0 AG.1,7CM 1/2 TRIANGULAR,COMP.45CM(FECHAMENTODE PELE) VARIACAO DE +/- 1MM  ;4044;7993,44;1,976617;1,59
10247;UM        ;MASCARA LARINGEA REUSAVEL NR 1.5 CRIANCA DE 5KG A 10KG                                    ;0;0;0;175,42
10248;UM        ;CATETER UMBILICAL 2,5FR                                                                   ;52;1912,04;36,77;36,77
10249;UM        ;(ESPEC)HIDROXIDO DE CALCIO PRO-ANALISE PA C/10G                                           ;0;0;0;2,86
10250;UM        ;CATETER DUPLO LUMEN ACESSO VENOSO CENTRAL 3FR X 50-65CM(PICC)                             ;16;3975,2;248,45;248,45
10251;UM        ;(NEFRO)FILTRO DIALISADOR-ELISIO 210HR REPROC.ALTO FLUXO SUPEF.2,0 A 2,1.                  ;0;0;0;55
10252;UM        ;(ESPEC)KIT ELETRODO DE MARCAPASSO TRANSVENOSO TEMPORARIO BIPOLAR                          ;0;0;0;549,96
10253;UM        ;CATETER UNI LUMEN ACESSO PERIFERICO INTRAVENOSO 2FR X 20 CM                               ;0;0;0;194
10254;UM        ;(ESPEC)CONJUNTO INTRODUTOR VASCULAR CURTO FEMORAL 11CM 6FR                                ;0;0;0;80,92
10255;UM        ;KIT ESCOVA LIMPEZA INSTRUMENTAIS CANULADOS 14 PECAS.                                      ;28;27200,66;971,452142;1000
10256;UM        ;RECARGA P/ GRAMPEADOR CIRCULAR 25MM P/ TECID NORMAIS 1,5MM                                ;0;0;0;717,33
10257;UM        ;RECARGA P/ GRAMPEADOR CIRCULAR 29MM P/ TECID NORMAIS 1,5MM                                ;0;0;0;717,33
10258;UM        ;RECARGA P/ GRAMPEADOR CIRCULAR 33MM P/ TECID NORMAIS 1,5MM                                ;0;0;0;717,33
10259;UM        ;(ESPEC)FIO GUIA METALICO PARA ARTERIAS CORONARIAS 0,014 190(+/-5)CM MEDIO SUPORTE         ;0;0;0;130
10260;UM        ;(ESPEC)CATETER PARA ANGIOGRAFIA CORONARIANA JL 3,5CM 5F 100CM. PONTA ATRAUMATICA E RADIOPA;0;0;0;79,03
10261;UM        ;(ESPEC)CATETER PARA ANGIOGRAFIA CORONARIANA JL 4,0CM 5F COMPRIMENTO DE 100 A 125CM        ;0;0;0;79,03
10262;UM        ;(ESPEC)CATETER PARA ANGIOGRAFIA CORONARIANA JR 3,5CM 5F COMPRIMENTO DE 100 A 125CM PONTA A;0;0;0;79,82
10263;UM        ;(HEMO) CATETER ANGIOGRAFICO 5F JR4.0 100CM ARAMADO TRACADO  REF. 7523-21                  ;0;0;0;150
10264;UM        ;(HEMO))CATETER PARA ANGIOGRAFIA PERFORMA MULTIPURPOSE MPA1 5FR 100CM 0 SID E PORTS 0.038(0;0;0;0;67
10265;UM        ;(ESPEC)CATETER PARA ANGIOGRAFIA CORONARIANA, PIG TAIL 5 E 6F CENTIMENTRADO, CURVO 145 GRAU;0;0;0;84
10266;UM        ;(ESPEC)FIO GUIA TEFLONADO 0,35 PONTA CURVA, COM SUPORTE PADRAO DE 160(+/-15)CM            ;0;0;0;35,6
10267;UM        ;(ESPEC)FIO GUIA HIDROFILICO 0,35 COM COMPRIMENTO DE 160(15)CM. PONTA CURVA, COM SUPORTE PA;0;0;0;143,74
10268;UM        ;(NEFRO)AGULHA P/PUNCAO ARTERIAL E VENOSA 16G - AG.DE FISTULA(AVF)                         ;6750;11677,5;1,73;1,73
10269;UM        ;(ESPEC)CANETA CAUTERIO COMANDO MANUAL(IMPORTADA/REUSAVEL/AUTOCLAVEL),CABO FIXO/CONECTOR CO;0;0;0;1579
10270;UM        ;(CARDIO) CLIP HEMOSTATICO EM TITANIO PEQUENO MEDIO SL5                                    ;0;0;0;127,67
10271;UM        ;(ESPEC)CLIPADORA LIAS VITACLIP 20CM FORTE CONSTANTE                                       ;0;0;0;0
10272;KIT       ;KIT RESERVATORIO REANIMADOR MANUAL C/ VALVULA, RESERVATORIO 2700ML E TUBO EXTENSAO ADULTO ;40;790;19,75;19,75
10273;KIT       ;KIT RESERVATORIO REANIMADOR MANUAL C/ VALVULA, RESERVATORIO 2700ML E TUBO EXTENSAO INFANTI;39;1560;40;40
10274;KIT       ;KIT RESERVATORIO REANIMADOR MANUAL C/ VALVULA, RESERVATORIO 900ML E TUBO EXTENSAO NEONATAL;0;0;0;238,99
10275;UM        ;LAMPADA P/ LARINGOSCOPIO 2,5V TIPO MILLER N 00 CLARO                                      ;73;1700,15;23,289726;24,13
10276;UM        ;LAMPADA P/ LARINGOSCOPIO 2,5V TAMANHO PEQUENO                                             ;50;1143;22,86;22,86
10277;UM        ;LAMPADA P/ LARINGOSCOPIO 2,5V TIPO MILLER N 2 CLARO                                       ;475;9542,75;20,09;20,09
10278;UM        ;LAMPADA P/ LARINGOSCOPIO 2,5V TIPO MILLER N 0 FOSCO                                       ;0;0;0;23,8
10279;UM        ;LAMPADA P/ LARINGOSCOPIO 2,5V TIPO MILLER N 1 FOSCO                                       ;0;0;0;24,13
10280;UM        ;(NEFRO)AGULHA P/PUNCAO ARTERIAL E VENOSA 17G - AG.DE FISTULA(AVF)                         ;8400;17557,6;2,09019;2,34
10281;KIT       ;(ESPEC)KIT DE SERINGAS VAZIAS PARA BOMBAS INJETORAS DE CONTRASTE 200ML                    ;0;0;0;52
10282;UM        ;PRONGA DE SILICONE P/ CIRCUITO CPC NASAL NEONATAL N 1                                     ;40;2000;50;50
10283;RL.       ;TUBO DE LATEX N.203 PACOTE COM 15 METROS                                                  ;0;0;0;61,8
10284;UM        ;FIO NYLON N.8-0 AG.6,5CM 3/8 CILIND. ESTR. 13CM MICROCIRURG.                              ;1732;63249,04;36,517921;43,96
10285;UM        ;FIO NYLON N.5-0 AG.1,3CM 1/2 CILIND.ESTR.45CM NEUROCIRURGIAS                              ;1704;7463,52;4,38;4,38
10286;FR.       ;REMOVEDOR DECAPANTE ACIDO, LIMPA INOX 1L                                                  ;104;10424,4;100,234615;118,35
10287;KIT       ;(ESPEC)GROCOTT-REAGENTES: ACIDO CROMICO 30ML, BISSULFITO 30ML, AGUA DESTILADA 2X20ML, META;0;0;0;293,55
10288;KIT       ;(ESPEC)ZIEHLNEELSEN FITE-REAGENTES: FUCSIA DE ZIEHL 30ML, DIFERENCIADOR 30ML, AZUL DE METI;0;0;0;43,05
10289;KIT       ;(ESPEC)PERLS.-REAGENTES: FERROCIANETO DE POTASSIO 30ML, ACIDO CLORIDRICO 30ML, CARMALUMEM ;0;0;0;234,85
10290;UM        ;CANULA DE TRAQUEOSTOMIA N.9.0 SEM BALAO                                                   ;30;600;20;20
10291;UM        ;CANULA DE TRAQUEOSTOMIA N.9.5 SEM BALAO                                                   ;30;1999,8;66,66;66,66
10292;UM        ;HEMOSTATICO ABSORVIVEL 7,5CM X 10CM (LABIOPORINO)                                         ;0;0;0;224,37
10293;UM        ;RESERVATORIO DE OXIGENIO P/ AMBU 2500ML                                                   ;48;1511,04;31,48;31,48
10294;UM        ;(CPRE)PAPILOTOMO TRIPLO LUMEN 5FR DE 20MM X 200CM. (3590)                                 ;0;0;0;683,33
10295;UM        ;(CPRE)PROTESE PLASTICA BILIAR TIPO AMSTERDAM 7FR/5CM.COD 3920                             ;0;0;0;401,11
10296;UM        ;(CPRE)PROTESE PLASTICA BILIAR TIPO AMSTERDAM 7FR/7CM.COD 3921                             ;0;0;0;401,11
10297;UM        ;(CPRE)PROTESE PLASTICA BILIAR TIPO AMSTERDAM 10FR/7CM. (3931)                             ;0;0;0;330
10298;UM        ;(CPRE)STENT BILIAR METALICO 8X60.                                                         ;0;0;0;4166,66
10299;UM        ;(CPRE)PROTESE PLASTICA BILIAR TIPO AMSTERDAM 7FR/12CM. COD 3923                           ;0;0;0;330
10300;UM        ;(CPRE)PROTESE PLASTICA BILIAR TIPO AMSTERDAM 8.5FR/7CM. COD 3926                          ;0;0;0;330
10301;UM        ;(CPRE)PROTESE PLASTICA BILIAR TIPO AMSTERDAM 8.5FR/10CM. COD 3927                         ;0;0;0;330
10302;UM        ;(CPRE)PROTESE PLASTICA BILIAR TIPO AMSTERDAM 10FR/5CM. COD 3930                           ;0;0;0;330
10303;UM        ;(EDA)PROTESE PLASTICA BILIAR TIPO AMSTERDAM 10FR/10CM. COD 3932                           ;0;0;0;330
10304;UM        ;(CPRE)PROTESE PLASTICA BILIAR TIPO AMSTERDAM 8.5FR/5CM. COD 3925                          ;0;0;0;399
10305;UM        ;(CPRE)PROTESE PLASTICA BILIAR TIPO AMSTERDAM 10FR/12CM. COD 3933                          ;0;0;0;330
10306;UM        ;(CPRE)STENT METALICO BILIAR 10X60MM DE 194CM. (COD 7073)                                  ;0;0;0;3577,13
10307;UM        ;FIO PGA-PCL N.0-0 AG.3,64CM 1/2 45 CM USO EM MUSCULO CILINDRICA ESTRIADA                  ;0;0;0;76,77
10308;UM        ;(CPRE)PROTESE PLASTICA BILIAR TIPO AMSTERDAM 8.5FR/12CM.COD 3928                          ;0;0;0;330
10309;UM        ;(ESPEC)ENTELLAN - MEIO DE MONTAGEM DE LAMINAS HISTOLOGICAS 100ML                          ;0;0;0;583,1
10310;CX.       ;(ESPEC)LAMINAS DE VIDRO PONTA FOSCA 26,0 X 76,0MM                                         ;0;0;0;5,83
10311;CX.       ;(ESPEC)LAMINULAS DE VIDRO QUADRADA 24X24MM                                                ;0;0;0;3,67
10312;KIT       ;(ESPEC)PICROSIRIUS-HEMATOXILINA-REAGENTES: PICROSIRIUS 30ML, HEMATOXILINA DE CARAZZI 30ML ;0;0;0;685
10313;UM        ;CATETER URETRAL HIDROFILICO N.14, DESC. MASC.                                             ;2100;23450,00193;11,166667;11,17
10314;UM        ;(COLOS)SACHE HIDROSSOLUVEIS 2,5G REF TR105 DE POLIMEROS ABSORVENTES E CARVAO ATIVADO.     ;140;58266,44;416,188857;415,73
10315;UM        ;(COLOS)BOLSA P/ESTOMIA INTESTINAL (18006) DUAS PECAS SEM FILTRO DE CARVAO TRANSPARENTE HOL;300;35640;118,8;118,8
10316;UM        ;(NEFRO)ISOLADOR DE PRESSAO                                                                ;16665;15665,1;0,94;0,94
10317;UM        ;(NEFRO)ULTRA FILTRO DE ENDOTOXINA                                                         ;0;0;0;526,66
10318;FR.       ;  GLICERINA BI-DESTILADA 1L                                                               ;0;0;0;2,41
10319;UM        ;EMBALAGEM P/ESTERELIZACAO EM SMS 150 X 150.(APROX.)PESADO                                 ;965;3879,3;4,02;4,02
10321;UM        ;EMBALAGEM P/ESTERELIZACAO EM SMS 120 X 90 (APROX.)PESADO                                  ;0;0;0;2,99
10322;UM        ;(COLOS)DESODORANTE PARA COLOSTOMIA/ILEOSTOMIA REF 12061 COM FUNCAO DE NEUTRALIZAR ODORES E;1717;80336,55;46,788905;44,91
10323;UM        ;ANCORA 3,5MM(03.002-3)                                                                    ;0;0;0;197,52
10324;GL.       ;DESINFETANTE HOSPITALAR P SUPERFICIES FIXAS E ARTIGOS NAO   CRITICOS                      ;0;0;0;330
10325;UM        ;(ESPEC)KIT DE ESPONJAS DESCARTAVEIS PARA HIGIENIZACAO CORPORAL DE PACIENTES ACAMADOS      ;0;0;0;19,78
10326;UM        ;(NEURO)FIO CIRURGICO ALGODAO AGULHADO 0, AGULHA CORTANTE 3,7CM                            ;0;0;0;5,25
10327;UM        ;(NEURO)FIO CIRURGICO MONONYLON 8.0, AGULHA 5MM, CILINDRICA ATRAUMATICA. CIRCUNFERENCIA 3/8;0;0;0;54,27
10328;UM        ;SOLUCAO DE CLOREXIDINA HIDROALCOOLICA 2% COM 1L(1000ML)                                   ;0;0;0;10,16
10329;UM        ;(OFTAL)FIO SEDA PRETA TRANCADA 6-0 45CM, 2 AGULHAS ESPATULADAS ESTRIADAS                  ;0;0;0;504,12
10330;UM        ;SOLUCAO DE CLOREXIDINA AQUOSA 2% FRASCO COM 1L.(1000ML)                                   ;0;0;0;7,34
10331;UM        ;DESINFETANTE HOSPITALAR PEROXIDO DE HID. 0,3% (5 LITROS)                                  ;0;0;0;330
10332;UM        ;DETERGENTE 3 EM 1 ALCALINO 1000ML                                                         ;0;0;0;60,67
10333;UM        ;SOLUCAO DE BENJOIN 20% 1 LITRO                                                            ;2;178;89;89
10335;KIT       ;(NEFRO)KIT CDL PEDIATRICO 7FR X 10CM - CATETER DUPLO LUMEN                                ;50;12694,5;253,89;253,89
10336;KIT       ;(NEFRO)KIT CDL PEDIATRICO 9FR X 12CM - CATETER DUPLO LUMEN                                ;10;2129,9;212,99;212,99
10337;UM        ;"TUBO TRAQUEAL EM ""T"" TIPO MONTGOMERY TAMANHO N 8                                          ";0;0;0;278,48
10338;UM        ;"TUBO TRAQUEAL EM ""T"" TIPO MONTGOMERY TAMANHO N 14                                         ";0;0;0;281,09
10339;UM        ;(NEFRO)CATETER PERITONEAL TENCKHOFF 15FR 02CUFFS 31CM PEDIATRICO                          ;0;0;0;135
10340;UM        ;(ESPEC)BAINHA INTRODUTORA MULLINS 07FR X 085CM 270 GRAUS                                  ;0;0;0;4000
10341;UM        ;(ESPEC)BAINHA INTRODUTORA MULLINS 09FR X 085CM 270GRAUS                                   ;0;0;0;4000
10342;UM        ;(ESPEC)SERINGA PRE MONTADA DESCARTAVEL ESTERIL COM MANOMETRO                              ;0;0;0;367,5
10343;FR.       ;(ESPEC)ALCOOL ETILICO ABSOLUTO P.A C2H6O 46,07G/MOL                                       ;0;0;0;7,8
10344;FR.       ;(ESPEC)ALCOOL ETILICO 96% 92,8 INPM                                                       ;0;0;0;73
10345;UM        ;CATETER CENTRAL DE INSERCAO PERIFERICA (PICC) 1,9F X 30CM   U/L PU                        ;156;33103,45;212,201602;5,38
10346;UM        ;(EDA)PINCA CESTA COM REDINHA P/ RETIRADA CORPO ESTRANHO 2,  3MM X 230CM.                  ;0;0;0;330,48
10347;UM        ;CATETER CENTRAL DE INSERCAO PERIFERICA (PICC) 1,9F X 30CM   SI U/L                        ;98;21466,9;219,05;219,05
10348;UM        ;"(EDA)SONDA PARA GASTROSTOMIA AO NIVEL DA PELE ""BOTTON 24FR   X 2,5CM.                     ";0;0;0;1069
10349;UM        ;"(EDA)SONDA PARA GASTROSTOMIA AO NIVEL DA PELE ""BOTTOM"" 24F  R X 3,5CM.                    ";0;0;0;1002,77
10350;UM        ;PRONGA DE SILICONE P/ CIRCUITO CPC NASAL INFANTIL N 3                                     ;23;1915,9;83,3;83,3
10351;UM        ;PRONGA DE SILICONE P/ CIRCUITO CPC NASAL INFANTIL N 0                                     ;50;1711;34,22;34,22
10352;UM        ;PRONGA DE SILICONE P/ CIRCUITO CPC NASAL INFANTIL N 00                                    ;50;4449;88,98;88,98
10353;UM        ;FIXADOR P/ CANULAS DE TRAQUEOSTOMIA ADULTO                                                ;0;0;0;3,96
10354;UM        ;CATETER PERITONEAL 15FR 02 CUFFS 42CM                                                     ;10;2000;200;200
10355;UM        ;CAMARA RETRATIL ESTERIL TIPO SANFONADA AEROPUFF                                           ;0;0;0;33,61
10356;UM        ;TERMOMETRO PARA CAIXA DE ISOPOR                                                           ;0;0;0;46,92
10357;UM        ;"(ESPEC)CATETER DE DILATACAO POR BALAO FIO GUIA 0,035"" 240CM                               ";0;0;0;601,85
10358;UM        ;(ESPEC)ALCA DE POLIPECTOMIA 240CM X 27MM X 2,8MM TIPO HEXAGONAL                           ;0;0;0;77,09
10359;UM        ;(ESPEC)STENT REVESTIDO VIABAHN (ENDOPROTESE) 10MM X 05CM X 120CM                          ;0;0;0;35000
10360;UM        ;(ESPEC)BOLSA PRESSURIZADORA PARA PRESSAO INVASIVA TAMANHO UNICO                           ;0;0;0;2318
10361;UM        ;(ESPEC)EMBALAGEM P/ESTERILIZACAO NAO SMS 75 X 75CM(APROX.)PESADO                          ;0;0;0;2,99
10362;UM        ;(ESPEC)EMBALAGEM P/ESTERILIZACAO NAO SMS 40 X 40CM(APROX.)PESADO                          ;0;0;0;0,26
10363;UM        ;(ESPEC)EMBALAGEM P/ESTERILIZACAO NAO SMS 140 X 140(APROX.)PESADO                          ;0;0;0;4,81
10364;UM        ;KIT DE BIOPSIA PLEURAL 5 PECAS CANULA, LIMITADOR, AGULHA E MANDRIL.                       ;68;26126,28;384,21;384,21
10365;UM        ;CINTA LOMBAR ERGONOMICA TAM. G                                                            ;0;0;0;21,57
10366;KIT       ;SONDA PARA GASTROSTOMIA 24-2.0 (MIC-KEY)                                                  ;69;13813,8;200,2;200,2
10367;UM        ;FIO POLIDIOXANONA(PDS)N.0 AG.4,0CM 1/2 CIL.ESTR.70CM FECHAMENTO GERAL                     ;1764;41789,16;23,69;23,69
10368;ENV.      ;FIO POLIESTER(ETHIBOND)N.2-0 AG.4,8CM 3/8 75CM 2AGUL. CILINDRICA ESTRIADA                 ;0;0;0;10,47
10369;PAR       ;LUVA DE SEGURANCA LATEX RESISTENTE 100% BUTADIENO TAM M                                   ;4310;9482;2,2;2,2
10370;UM        ;CATETER UMBILICAL MONO LUMEN POLIURETANO 8,0FR                                            ;0;0;0;42,17
10371;ENV.      ;FIO POLIPROPILENO N.8-0 AG.0,8CM 3/8 CIRCULAR 2AG 60CM                                    ;0;0;0;33,5
10372;UM        ;FRASCO DE VIDRO P/ ASPIRACAO A VACUO 400 OU 500ML                                         ;1045;148301,4909;141,915302;150
10373;UM        ;BALAO DE SILICONE P/REANIMADOR MANUAL (RESERVATORIO OXIGENIO) TAM. ADULTO 2000ML          ;300;5100;17;17
10374;UM        ;BALAO DE SILICONE P/REANIMADOR MANUAL (RESERVATORIO OXIGENIO) TAM. INFANTIL 1000ML        ;0;0;0;115,52
10375;UM        ;EQUIPO P/BOMBA DE INFUSAO SOLUCAO PARENTERAL REF. ST 01/AIR IL.                           ;10;170;17;17
10379;UM        ;AGULHA DE BIOPSIA P/EXAME DE MIELOGRAMA ASP 11X9                                          ;0;0;0;66,42
10380;UM        ;AGULHA DE BIOPSIA 14G X 13CM                                                              ;0;0;0;24,76
10381;UM        ;CATETER TEMPORARIO BIPOLAR, ELETRODO DE ACO INOXIDAVEL, 5FR X 110CM INTRA                 ;0;0;0;597,98
10382;UM        ;CANULA DE GUEDEL N.000                                                                    ;0;0;0;2,03
10383;UM        ;CANULA DE GUEDEL N.0                                                                      ;62;139,5;2,25;2,25
10384;UM        ;CANULA NASOTRAQUEAL C/ CUFF 6,0 (ENDOTRAQUEAL)                                            ;0;0;0;6,4
10385;UM        ;CANULA NASOTRAQUEAL C/ CUFF 6,5 (ENDOTRAQUEAL)                                            ;0;0;0;6,4
10386;UM        ;CANULA NASOTRAQUEAL C/ CUFF 7,0 (ENDOTRAQUEAL)                                            ;0;0;0;6,4
10387;UM        ;CANULA NASOTRAQUEAL C/ CUFF 7,5 (ENDOTRAQUEAL)                                            ;0;0;0;6,4
10388;UM        ;AGULHA DESC. PARA ASPIRACAO DE MEDIC. 1,2X25                                              ;0;0;0;0,31
10389;UM        ;TUBO ENDOTRAQUEAL N 2.0 C/CUFF                                                            ;0;0;0;25,7
10400;UM        ;CANULA DE TRAQUEOSTOMIA N.0 EM ACO INOXIDAVEL                                             ;75;4890,65;65,208666;64,87
10401;UM        ;KIT TRANSDUTOR DE PRESSAO                                                                 ;0;0;0;111,95
10402;UM        ;SOLUCAO DE CLOREXIDINA AQUOSA 1% FRASCO COM 1L. (1000ML)                                  ;0;0;0;0
10403;UM        ;AGULHA DESCARTAVEL (25 X 1.2)                                                             ;36800;14720;0,4;0,4
10404;UM        ;FITA ADESIVA BRANCA PARA USO HOSPITALAR (16MM X 50M)                                      ;0;0;0;0
10405;UM        ;PULSEIRA PARA INDENTIFICACAO INFANTIL BRANCA                                              ;45650;24474;0,536122;0,38
10406;UM        ;MASCARA DE PROTECAO FACIAL TOTAL                                                          ;3130;10274;3,282428;40
10407;UM        ;APARELHO MEDIDOR DE PRESSAO ARTERIAL PULSO DIGITAL                                        ;2190;205838,1;93,99;93,99
10408;KIT       ;KIT ELETRODOS PARA MONITORACAO DE EEG SUBDURAL 8 CONTATOS                                 ;0;0;0;28666,67
10409;KIT       ;KIT ELETRODOS PARA MONITORACAO DE EEG SUBDURAL 16 CONTATOS                                ;0;0;0;37814,88
10410;KIT       ;KIT ELETRODOS PARA MONITORACAO DE EEG SUBDURAL 32 CONTATOS                                ;0;0;0;39086,67
10411;KIT       ;KIT ELETRODOS PARA MONITORACAO DE EEG SUBDURAL 64 CONTATOS                                ;0;0;0;44441,39
10412;KIT       ;(NEURO)KIT DE ELETRODOS ESFENOIDAIS, CONTENDO 2 AGULAHS E 2 CABOS                         ;23;9200;400;400
10413;UM        ;CIRCUITO P/ VENT. RESPIRATORIA E ANESTESIA EM SIL. AUTO LAVAVEL                           ;164;66006,44;402,478292;411,29
10414;UM        ;DETERGENTE ENZIMATICO SPRAY 750ML                                                         ;0;0;0;25,36
10415;UM        ;PAPEL PARA ELETRO EM BOBINA 210 A 216MMX30CM                                              ;87;4176;48;48
10416;UM        ;AVENTAL IMPERMEAVEL 50G MANGA LONGA VERDE/AZUL/BRANCO LAMINADO G                          ;10750;42025;3,909302;0,18
10417;CX.       ;TESTE TIPO HELIX LOAD CHECK INTEGRADOR QUIMICO CLASSE 6                                   ;0;0;0;1200
10418;UM        ;MACACAO ESPECIAL SALA LIMPA IMPERMEAVEL                                                   ;0;0;0;78
10419;CX.       ;LUVA DE PRCEDIMENTO TAMANHO P                                                             ;6175;123500;20;20
10420;CX.       ;LUVA DE PROCEDIMENTO TAMANHO M                                                            ;5525;110500;20;20
10421;CX.       ;LUVA DE PROCEDIMENTO TAMANHO G                                                            ;5080;101600;20;20
10422;RL.       ;ETIQUETA IND. QUIMICO CLASSE 1 P/ RASTREABILIDADE E IDENT. COM VARIACAO 26X25 E 29X28.    ;0;0;0;47,7
10423;RL.       ;FITA PARA SELADORA DE TEFLON PTFE 13MM X 15M                                              ;297;51449,31;173,23;173,23
10424;UM        ;CARTUCHO P/ REPOSICAO DE TINTA                                                            ;20;1208,8;60,44;60,44
10425;RL.       ;FITA PARA SELADORA COMP C/ SELADORA-IMAP PORTATIL 30MM X 15M                              ;134;46319,78;345,67;345,67
10426;PAR       ;BOTA PVC TAM.33/34                                                                        ;2;35,74;17,87;17,87
10427;PAR       ;BOTA PVC TAM.35                                                                           ;0;0;0;17,87
10428;PAR       ;BOTA PVC TAM.36                                                                           ;0;0;0;17,87
10429;PAR       ;BOTA PVC TAM.37                                                                           ;9;160,83;17,87;17,87
10430;PAR       ;BOTA PVC TAM.38                                                                           ;43;768,41;17,87;17,87
10431;PAR       ;BOTA PVC TAM.39                                                                           ;31;553,97;17,87;17,87
10432;PAR       ;BOTA PVC TAM.40                                                                           ;21;375,27;17,87;17,87
10433;PAR       ;BOTA PVC TAM.41                                                                           ;0;0;0;17,87
10434;PAR       ;BOTA PVC TAM.42                                                                           ;18;321,66;17,87;17,87
10435;PAR       ;BOTA PVC TAM.43                                                                           ;0;0;0;17,87
10436;PAR       ;BOTA PVC TAM.44                                                                           ;0;0;0;17,87
10437;UM        ;AVENTAL DESC . 30 G TAM. UNICO LAMINADO/IMPERMEAVEL                                       ;0;0;0;2,98
10438;UM        ;MASCARA DE OXIGENIO MEDIA CONCENTRACAO PEDIATRICO                                         ;100;3400;34;34
10439;PCT.      ;SACO ZIP LOC 40X30 CAP. 6500ML PCT C/ 100UND                                              ;0;0;0;71,8
10440;PCT.      ;SACO ZIP LOC 34X24 CAP. 3600ML PCT C/ 100UND                                              ;0;0;0;44,9
10441;UM        ;PRANCHETA A4 DE ACRILICO TRANSPARENTE                                                     ;91;1273,09;13,99;13,99
10442;UM        ;USAR CODIGO 10416 - AVENTAL 50G TAM G                                                     ;0;0;0;10,6
10443;UM        ;FRASCO DOSADOR 1000ML BAC PLUS                                                            ;0;0;0;0
10444;UM        ;LUVA PU TAM. 9                                                                            ;6;23,4;3,9;3,9
10445;UM        ;GATILHO SPRAY COM VALVULA PULVERIZADORA 250MM                                             ;648;2909,52;4,49;4,49
10446;UM        ;PEROXIDO DE HIDROGENIO GALAO 5L                                                           ;3;150;50;50
10447;UM        ;DESINFETANTE A BASE DE QUATERNARIO DE AMONIA 1 LITRO                                      ;0;0;0;0
10448;UM        ;TUBO PARA GASTROSTOMIA 20-1.7(MIC-KEY)                                                    ;20;12340;617;617
10449;UM        ;TUBO CONICO TIPO FALCON POLIPROPILENO GRADUADO 15ML                                       ;0;0;0;1,5
10450;UM        ;BANDAGEM ELASTICA(ATADURA ELASTICA) APROX.50MM X 4,5M                                     ;3449;28552,4;8,278457;9,76
10451;UM        ;BANDAGEM ELASTICA(ATADURA ELASTICA) APROX.75MM X 4,5M                                     ;2889;32620,97;11,291439;11,29
10452;UM        ;WRAPS EMBALAGEM P/EST DESC. 90CM X 90CM                                                   ;0;0;0;1,4
10453;GL.       ;AGUA DEIONIZADA P/ ENXAGUE DE INSTRUMENTAIS CIRURGICOS 5L                                 ;56;609,28;10,88;10,88
10454;UM        ;FIO POLIGLACTINA(VYCRIL)N.5-0 AG.1,1CM 3/8 45CM FECHAMENTO DE PELE                        ;768;16051,2;20,9;20,9
10455;GL.       ;DESINFETANTE A BASE DE QUATERNARIO DE AMONIA 5L                                           ;6;234,9;39,15;39,15
10456;UM        ;CATETER INTRAVENOSO 14 PARA ACESSO PERIFERICO C/SISTEMA DE SEGURANCA                      ;21900;39420;1,8;1,8
10457;UM        ;CATETER INTRAVENOSO 24 PARA ACESSO PERIFERICO C/SISTEMA DE SEGURANCA                      ;0;0;0;1,98
10458;UM        ;WRAPS EMBALAGEM P/EST DESC. 75CM X 75CM                                                   ;0;0;0;1,02
10459;UM        ;HEMOSTATICO ABSORVIVEL DE CELULOSE OXIDADA REGENERADA 10X7,5CM                            ;3514;465710;132,52988;121,4
10460;UM        ;MASCARA DE PROTECAO DESCARTAVEL N. 95 COM VALVULA PFF2                                    ;0;0;0;0
10461;KIT       ;SONDA PARA GASTROSTOMIA 12 FR C/2 VIAS 5ML.                                               ;0;0;0;433,62
10462;UM        ;CINTA LOMBAR ERGONOMICA TAM. P                                                            ;7;204,12;29,16;29,16
10463;UM        ;LUVA DE SEGURANCA TRICOTADA TAM. UNICO                                                    ;0;0;0;1,63
10464;UM        ;KIT COM DUAS SERINGAS DE 200ML                                                            ;34;5731,04;168,56;168,56
10465;UM        ;USAR CODIGO 10416 - AVENTAL 50G VERDE/AZUL TAM. G                                         ;0;0;0;4,2
10466;UM        ;CAPACETE DE SEGURANCA ABA FRONTAL                                                         ;0;0;0;15,24
10467;UM        ;AGULHA DE BIOPSIA P/EXAME DE MIELOGRAMA ASP 14X43                                         ;0;0;0;31,15
10468;UM        ;AGULHA DE BIOPSIA P/EXAME DE MIELOGRAMA ASP 15X28                                         ;0;0;0;49,9799
10469;UM        ;AGULHA DE BIOPSIA P/EXAME DE MIELOGRAMA ASP 18X28                                         ;0;0;0;39,95
10470;UM        ;CIRCUITO P/ VENT. RESPIRATORIA E ANESTESIA EM SIL. COM DRENO AUTO LAVAVEL                 ;78;62400;800;800
10471;UM        ;FILTRO HEPA ADULTO                                                                        ;0;0;0;28,36
10472;RL.       ;ETIQUETA P/ IDENTIFICACAO DE PCT CIRURGICOS 9CM X 5CM COM INDICAR QUIMICO                 ;63;17010;270;270
10473;UM        ;(CME) FORRO PARA CAIXA CIRURGICA ABSORVENTE 50X65CM                                       ;0;0;0;1,23
10474;KIT       ;KIT DE ESPONJAS DESC. P/ HIGIENIZACAO CORPORAL DE PACIENTES                               ;35000;344750;9,85;9,85
10475;UM        ;CAPACETE COM PROTETOR AURICULAR E VISOR CAPACETE ACOPLADO                                 ;0;0;0;195
10476;UM        ;AGULHA DE BIOPSIA P/EXAME DE MIELOGRAMA ASP 18X43                                         ;0;0;0;55,92
10477;UM        ;AGULHA PARA BIOPSIA DE MEDULA OSSEA 11G X 3MM X 10CM                                      ;0;0;0;60
10478;UM        ;AGULHA PARA BIOPSIA DE MEDULA OSSEA 11G X 3MM X 7CM                                       ;0;0;0;60,96
10479;UM        ;AGULHA PARA BIOPSIA DE MEDULA OSSEA 13X10CM                                               ;0;0;0;64,96
10480;UM        ;AGULHA PARA BIOPSIA DE MEDULA OSSEA 08G X 4MM X 10 CM.                                    ;55;2927,1;53,22;53,22
10481;UM        ;AGULHA DE BIOPSIA 18G X 25CM                                                              ;0;0;0;37,779934
10482;UM        ;AGULHA DE BIOPSIA 16G X 16CM SEMIAUTOMATICA                                               ;235;11356,45;48,325319;47,83
10483;UM        ;AGULHA DE BIOPSIA 14G X 12CM SEMIAUTOMATICA                                               ;150;9411;62,74;62,74
10484;UM        ;MASCARA DE PROTECAO DESCARTAVEL N. 95 PFF1                                                ;0;0;0;2,44
10485;UM        ;USAR CODIGO 10486 - AVENTAL 50G TAMANHO M                                                 ;0;0;0;2,18
10486;UM        ;AVENTAL IMPERMEAVEL 50G MANGA LONGA VERDE/AZUL/BRANCO LAMINADO M                          ;11800;44722;3,79;3,79
10487;UM        ;AVENTAL DESC.AZUL TAM.P 60G                                                               ;0;0;0;15,4
10488;UM        ;DRENO TORACICO 42FR 50CM 70 SHORE A                                                       ;0;0;0;4,92
10489;UM        ;DRENO TORACICO 08FR 50CM 70 SHORE A                                                       ;80;398,4;4,98;4,98
10491;UM        ;TELA INORG. DE POLI. 100%,HERNIA INGUINAL-LARG. 4.5 A 5.0CM (+/- 0,5CM DE VARIACAO APROXIM;0;0;0;500
10492;UM        ;TELA INORG. DE POLI. PARCIALMENTE ABSORVIVEL DIAMETRO 4,4CM (+/- 1CM VARIACAO)            ;0;0;0;1500
10493;UM        ;TELA INORG. DE POLI. PARCIALMENTE ABSORVIVEL DIAMETRO 7,4CM (+/- 1CM DE VARIACAO)         ;0;0;0;1500
10494;UM        ;WRAPS EMBALAGEM P/EST DESC. 120CM X 120CM/140CM X 140CM                                   ;0;0;0;3,16
10495;UM        ;ALCOOL ISOPROPILICO 500ML                                                                 ;230;3707,6;16,12;16,12
10496;UM        ;EQUIPO PARA BOMBA DE INFUSAO SANTRONIC SOLUCOES PARENTERAIS                               ;193;4361,8;22,6;22,6
10497;UM        ;EQUIPO PARA BOMBA DE INFUSAO SANTRONIC FOTOSSENSIVEL                                      ;0;0;0;30
10498;UM        ;EQUIPO PARA BOMBA DE INFUSAO SANTRONIC TRANSFUSAO DE SANGUE                               ;0;0;0;38
10499;KIT       ;SONDA PARA GASTROSTOMIA 16-3.5 (MIC-KEY)                                                  ;0;0;0;0
10500;UM        ;DRENO CIRURGICO 12X500 MM                                                                 ;0;0;0;21,58
10503;FR.       ;DETERGENTE ENZIMATICO EM PO 1KG                                                           ;0;0;0;0
10505;UM        ;TUBO PARA GASTROSTOMIA 18-6.5(MIC-KEY)                                                    ;0;0;0;0
10506;KIT       ;SONDA PARA GASTROSTOMIA 18-3.0 (MIC-KEY)                                                  ;0;0;0;0
10507;KIT       ;SONDA PARA GASTROSTOMIA 24-4.0 (MIC-KEY)                                                  ;0;0;0;0
10508;UM        ;DISPOSITIVO P/ INCONTINENCIA URINARIA TAM.30MM                                            ;0;0;0;6,99
10509;FR.       ;GLICERINA BI-DESTILADA 100 ML                                                             ;0;0;0;0
10510;UM        ;EMULSAO LUBRIFICANTE PARA INSTRUMENTOS CIRURGICOS 1000 ML                                 ;70;4725,7;67,51;67,51
10512;CX.       ;SISTEMA FECHADO DE ASPIRACAO TRAQUEAL N.05FR.                                             ;300;13464;44,88;44,88
10514;GL.       ;SABONETE C/ TRICLOZAN 0,5% 5000ML                                                         ;0;0;0;40
10515;UM        ;EXTENSAO C/ MASCARA DE NEBULIZACAO TAM. ADULTO AR/OXIGENIO                                ;0;0;0;15
10516;UM        ;EXTENSAO C/ MASCARA DE NEBULIZACAO TAM. INFANTIL AR/OXIGENIO                              ;298;3063,44;10,28;10,28
10517;FR.       ;FRASCO COLETOR P/ VIAS AEREAS 250ML 2 VIAS CORTA FLUXO                                    ;190;3165,4;16,66;16,66
10518;UM        ;AGULHA PERIDURAL N.17G                                                                    ;1694;7013,16;4,14;4,14
10519;UM        ;(CME) ENVELOPE AUTO-SELANTE 90MM X 260MM.                                                 ;0;0;0;0
10520;RL.       ;CURATIVO TRANSPARENTE DE POLIURETANO 10CMX10M (FILME / ROLO)                              ;0;0;0;100,1
10521;KIT       ;KIT DE INCONTINENCIA URINARIA FEMININO (SLING SINTETICO FEM)                              ;59;61643,79;1044,81;1044,81
10522;UM        ;LUVA PARA PROCEDIMENTO NAO CIRURGICO DE VINIL TAMANHO P                                   ;0;0;0;0
10523;UM        ;LUVA PARA PROCEDIMENTO NAO CIRURGICO DE VINIL TAMANHO M                                   ;0;0;0;0
10524;UM        ;CURATIVO DE HIDROFIBRA(ALGINATO)C/PRATA 10 X 10CM                                         ;0;0;0;54,82
10525;UM        ;CURATIVO HIDROCOLOIDE 15 X 15CM COM ALGINATO DE CALCIO                                    ;0;0;0;17,39
10526;UM        ;SOLUCAO PHMB PARA IRRIGACAO DE FERIDAS 350ML (CURATIVO)                                   ;592;52350,56;88,43;88,43
10527;UM        ;CURATIVO DE ESPUMA NAO ADESIVO 10CM X 10CM                                                ;0;0;0;13,92
10528;UM        ;GEL PHMB P/ LIMP E HIDRAT DE FERIDAS CUTANEAS-30ML CURATIVO                               ;0;0;0;97,65
10529;UM        ;CURATIVO ESTERIL NAO ADERENTE DE POLIESTER, LIPIDO 10X12CM                                ;1600;153315,2;95,822;77,3
10530;UM        ;CURATIVO ESTERIL NAO ADERENTE REF.551836 COM SAIS DE PRATA TAMANHO 10X12CM                ;0;0;0;202
10531;UM        ;FITA MARCADORA P/INSTRUMENTAIS CIRUR.5MM/6MM LARANJA APROX.6M                             ;0;0;0;80
10532;UM        ;FITA MARCADORA P/INSTRUMENTAIS CIRUR.5MM/6MM BEGE APROX.6M                                ;0;0;0;80
10533;UM        ;FITA MARCADORA P/INSTRUMENTAIS CIRUR.5MM/6MM LILAS APROX.6M                               ;0;0;0;80
10534;UM        ;FITA MARCADORA P/INSTRUMENTAIS CIRUR.5MM/6MM MARROM APROX.6M                              ;0;0;0;80
10535;UM        ;FITA MARCADORA P/INSTRUMENTAIS CIRUR.5MM/6MM ROSA APROX.6M                                ;0;0;0;80
10536;KIT       ;CATETER D/L LONGA PERMANENCIA P/ HEMO 15,5FR X 33CM X 50CM                                ;0;0;0;0
10537;UM        ;CURATIVO FILME TRANSPARENTE 4X6CM REF.60017 VARIACAO +/-2CM)                              ;0;0;0;1,14
10538;UM        ;DISPOSITIVO DE FIXACAO DE TUBO ENDOTRAQUAL REF 920600/9799/9787                           ;14895;935551;62,809734;130
10539;UM        ;DISPOSITIVO DE FIXACAO NASAL 9CM X 13CM VARIACAO +/- CM.                                  ;300;1143;3,81;3,81
10540;FR.       ;FRASCO DE POLICARBONATO OU VIDRO DE ASPIRACAO P/OXIGENIO DE 400-500ML OU TERMOPLASTICO    ;418;41315,12;98,84;98,84
10541;UM        ;TAMPA DE VEDACAO P/ CONECTOR LUER MACHO/FEMEA                                             ;0;0;0;0,11
10542;UM        ;ESCOVA P/ LIMPEZA DE INSTRUMENTAIS COM LUMEN(CANULADOS)10MM X 45MM X 30CM                 ;80;3720;46,5;46,5
10543;UM        ;CATETER UNI LUMEN ACESSO VENOSO CENTRAL 3FR X 50-65CM(PICC)                               ;181;38254,35;211,35;211,35
10544;UM        ;CATETER UNI LUMEN ACESSO VENOSO CENTRAL 4FR X 50-65CM(PICC)                               ;247;51468,2;208,373279;217,77
10545;UM        ;CATETER UNI LUMEN ACESSO VENOSO CENTRAL 5FR X 50-65CM(PICC)                               ;54;12693,78;235,07;235,07
10546;UM        ;CATETER UNI LUMEN ACESSO VENOSO CENTRAL 2FR X 30-50CM(PICC)                               ;0;0;0;271,88
10547;KIT       ;CATETER D/L LONGA PERMANENCIA P/ HEMO 15,5FR X 28CM X 45CM                                ;0;0;0;1173,67
10548;UMA       ;WRAPS EMBALAGEM P/EST DESC. 60CM X 60CM 50G                                               ;0;0;0;0,61
10549;UM        ;CURATIVO HIDROCOLOIDE 10X10 COM ALGINATO E COMPOSTO DE CARBOXMETILCELULOSE (+/- 1CM VARIAC;0;0;0;7,45
10550;UM        ;CURATIVO COM HIDROFIBRA E PRATA IONICA 12,5 X 12,5 NAO ADERENTE                           ;0;0;0;61,96
10551;UM        ;CURATIVO HIDROCOLOIDE 10 X 10CM TRASNPARENTE                                              ;0;0;0;10,84
10552;UM        ;CURATIVO P/ CALCANEO DE SILICONE E POLIURETANO 14CM X 19,5CM SEMIPERMEAVEL                ;0;0;0;97,66
10554;UM        ;CATETER INTRAVENOSO CENTRAL DE SUBCLAVIA 19GX20CM AGULHA 17GA COR VERDE.                  ;35;1237,95;35,37;35,37
10555;UM        ;CATETER INTRAVENOSO CENTRAL DE SUBCLAVIA 19GX30CM AGULHA 17GA COR VERDE.                  ;22;778,14;35,37;35,37
10556;UM        ;CATETER INTRAVENOSO CENTRAL DE SUBCLAVIA 22GX20CM AGULHA 19GA COR AZUL.                   ;0;0;0;35,59
10557;UM        ;CAIXA TERMICA PARA TRANSPORTE DE MATERIAL BIOLOGICO 12L A 15L                             ;36;3244,02;90,111666;75,4
10558;UM        ;CONECTOR SEM/AG. P/ ACESSO DAS LINHAS INTRAVENOSAS (SLIP/LOCK)                            ;0;0;0;3,12
10559;UM        ;(NEFRO)KIT CATETER DUPLO LUMEN 12FR X 16CM CURVO ITEM EXCLUIDO - USAR O CODIGO 32590      ;0;0;0;0
10560;UM        ;(NEFRO)KIT CATETER DUPLO LUMEN 11.5FR X 20 RETO                                           ;0;0;0;0
10561;UM        ;CATETER URETRAL HIDROFILO N.12, DESC. FEM.                                                ;6515;68359;10,492555;10,3
10562;UM        ;FITA MARCADORA P/INSTRUMENTAIS CIRUR.5MM/6MM CINZA APROX.6M                               ;0;0;0;85,71
10563;FR.       ;SABONETE C/ TRICLOZAN 0,3% 1000ML                                                         ;248;3199,2;12,9;12,9
10564;UM        ;TERMOMETRO INFRAVERMELHO DIGITAL DE TESTA(SEM CONTATO)                                    ;565;70625;125;125
10565;ENV.      ;FIO CATGUT CROMADO N.3-0 AG.3,0CM 3/8 CIRC.ESTR.75CM                                      ;2710;10975,5;4,05;4,05
10566;UM        ;CURATIVO FILME TRASNPARENTE 8.5X11.5CM REF. IVFS85115                                     ;2405;5988,45;2,49;2,49
10567;ENV.      ;FIO CATGUT CROMADO N.4-0 AG.1,5CM 1/2 CILINDRICA.75CM.                                    ;0;0;0;2,71
10568;ENV.      ;FIO CATGUT SIMPLES N.4-0 AG.1,5CM 1/2 CIRCULAR,75CM.                                      ;0;0;0;2,71
10569;ENV.      ;FIO POLIPROPILENO N.7-0 AG.9,3MM 3/8 CILIN.60CM C/2AG CARDIOVASCULAR                      ;2904;59096,4;20,35;20,35
10570;UM        ;ELETRODO DESC.P/MONITORACAO CARDIACA C/PRE GEL E ESPUMA INFANTIL                          ;28900;4892,09;0,169276;0,1562
10571;UM        ;BATERIA PARA TERMOMETRO DIGITAL                                                           ;260;213,2;0,82;0,82
10572;UM        ;MANTA TERMICA ALUMINIZADA ADULTA 2,10X1,40CM                                              ;452;2709,15;5,993694;6,08
10574;ENV.      ;FIO POLIPROPILENO N.3-0 AG.3,0CM 1/2 CIRC.90CM 2AG CARDIO                                 ;0;0;0;6,17
10575;UMA       ;MANOMETRO PARA ESFIGMOMANOMETRO                                                           ;12;492,48;41,04;41,04
10576;ENV.      ;FIO POLIGLACTINA(VYCRIL)N. 7-0 AG.0,65CM 2AG 3/8 OFTALMO 45CM                             ;1032;55686,24;53,959534;50,28
10577;ENV.      ;FIO POLIGLACTINA(VYCRIL)N.8-0 AG 6,5MM 3/8 ESPATULADAS ESTRIADAS,COMP.30CM, COM 2 AGULHAS ;0;0;0;29,97
10578;UM        ;EXTENSOR DE BOMBA DE INFUSAO 60CM NEONATAL                                                ;56;78,4;1,4;1,4
10579;UM        ;EXTENSOR DE BOMBA DE INFUSAO 120CM NEONATAL                                               ;0;0;0;1,3
10580;UM        ;TESTE RAPIDO COVID-19.                                                                    ;0;0;0;0
10581;UM        ;MASCARA P/ OXIGENIOTERAPIA EM TRAQUEOSTOMIA OU LARINGECTOMIA ADULTO                       ;474;4005,3;8,45;8,45
10583;FR.       ;DETERGENTE NEUTRO 5000ML                                                                  ;1578;28593,36;18,12;18,12
10584;GL.       ;DETERGENTE 3 EM 1 ALCALINO 5000ML                                                         ;20;3655,4;182,77;182,77
10585;UM        ;TESTE DE DETECCAO DE PROTEINA                                                             ;0;0;0;37,24
10586;UM        ;SOLUCAO DE CLOREXIDINA AQUOSA 0,12% FRASCO COM 250ML.                                     ;2991;19701,07;6,586783;5,25
10587;UM        ;PAS ELETRODO DESCARTAVEL REF. LT95101 MODELO  VIVO (ADULTO)CMOS DRAKE CABO PRETO          ;12;5630,76;469,23;469,23
10588;UM        ;MASCARA VNI N.6 EXTRA GRANDE (RESSONANCIA-ANESTESIA)                                      ;3;180;60;60
10589;UM        ;MASCARA VNI N.5 GRANDE (FACIAL DE BORDA INFLAVEL)                                         ;879;40702;46,304891;29,6
10590;PCT.      ;TUBO CRIOGENICO (2ML)                                                                     ;500;345;0,69;0,69
10591;UM        ;FIO NYLON N.0 AG.2,0CM 3/8 TRIANGULAR,45CM.                                               ;0;0;0;1,23
10592;UM        ;FIO NYLON N.5-0 AG.1,9CM 3/8 TRIANG.COMP.45CM.FECHAMENTO DE PELE (VARIACAO +/- 1MM)       ;4292;8412,32;1,96;1,96
10593;UM        ;CATETER DUPLO LUMEN ACESSO VENOSO CENTRAL 5FR X 50-65CM(PICC)                             ;0;0;0;251,33
10595;UM        ;MASCARA VNI N.4 GRANDE (AMBU C/ COXIM INFL. ADULTO)                                       ;3878;76302,46241;19,675725;17,62
10596;UM        ;MASCARA VNI N.3 MEDIO (AMBU C/ COXIM INFL. ADULTO)                                        ;4190;73864,09325;17,628661;17,629366
10597;UM        ;MASCARA VNI N.1 PEQUENO (AMBU C/ COXIM INFL. NEO)                                         ;0;0;0;0
10598;ENV.      ;FIO NYLON N.2-0 AG.36,4MM 1/2 - 3/8 OU 1/2 - TRIANG. COMP.45CM (FECHAMENTO DE PELE)       ;15268;35574,44;2,33;2,33
10599;UM        ;COLETOR P/MATERIAL PERFURO-CORTANTE 20L                                                   ;0;0;0;0
10600;UM        ;COLETOR P/MATERIAL PERFURO-CORTANTE 3L                                                    ;0;0;0;0
10601;UM        ;SACO HOSPITALAR PARA LIXO 30L                                                             ;0;0;0;0
10602;UM        ;SACO HOSPITALAR PARA LIXO 50L                                                             ;4490;898;0,2;0,2
10603;UM        ;SACO HOSPITALAR PARA LIXO 100L                                                            ;1883;4707,5;2,5;2,5
10604;UM        ;SACO HOSPITALAR PARA LIXO 200L                                                            ;0;0;0;0
10605;UM        ;FIO NYLON N.3-0 AG.2,5CM 3/8 TRIANGULAR,COMP.45CM                                         ;264;3081,6;11,672727;1,56
10606;ENV.      ;FIO POLIGLACTINA(VYCRIL)N.2-0 AG 3,0CM 3/8 CIRCULAR,COMP.75CM                             ;0;0;0;0
10607;ENV.      ;FIO POLIGLACTINA(VYCRIL)N.1 AG 3,5CM 1/2 CIRCULAR,COMP.70CM.                              ;0;0;0;6,45
10608;UM        ;NOBREAK 600VA                                                                             ;1;719,04;719,04;719,04
10609;UM        ;NOBREAK 700VA                                                                             ;0;0;0;0
10610;UM        ;FILTRO HEPA INFANTIL                                                                      ;2012;42934,24;21,339085;29,52
10611;UM        ;EXTENSOR DE BOMBA DE SERINGA 3FR 120CM PONTA LUER LOCK                                    ;0;0;0;1,47
10612;UM        ;EXTENSOR DE BOMBA DE SERINGA FOTOSSENSIVEL 3FR 120CM PONTA LUER LOCK                      ;140;301;2,15;2,15
10613;UM        ;CONECTOR VALVULADO MULTIDOSE DE SISTEMA FECHADO COM CANULA                                ;0;0;0;0
10614;UM        ;ABSORVENTE POS PARTO - MEDINDO APROXIMADAMENTE 27CM X 15CM                                ;0;0;0;0
10615;UM        ;(CME) ENVELOPE AUTO-SELANTE 160MM X 90MM.                                                 ;0;0;0;0
10616;UM        ;DRENO KEHR 08FR LATEX                                                                     ;110;1268,3;11,53;11,53
10617;UM        ;DRENO KEHR 10FR LATEX                                                                     ;102;1126,08;11,04;11,04
10618;UM        ;DRENO KEHR 12FR LATEX                                                                     ;215;2334,9;10,86;10,86
10619;UM        ;DRENO KEHR 14FR LATEX                                                                     ;103;1148,45;11,15;11,15
10620;UM        ;DRENO KEHR 16FR LATEX                                                                     ;200;2268;11,34;11,34
10621;UM        ;DRENO KEHR 18FR LATEX                                                                     ;268;2956,04;11,03;11,03
10625;UM        ;TERMOMETRO ANALOGICO PARA AMBIENTE                                                        ;269;12750,6;47,4;47,4
10626;UM        ;USAR O CODIGO 10416 - AVENTAL 50G TAMANHO G                                               ;0;0;0;0
10627;UM        ;SONDA DE FOLEY N.08 2 VIAS (LATEX)                                                        ;1220;4386,4;3,595409;3,88
10629;UM        ;OCULOS DE PROTECAO TRANSPARENTE TIPO RA                                                   ;1328;23359,52;17,59;17,59
10630;FR.       ;COLETOR SECRECOES DE VIAS AEREAS(BRONQUINHO) 120ML                                        ;7579;43139,96495;5,692039;5,84
10631;ENV.      ;FIO POLIGLICOLICO N.0 AG.3,6CM 1/2 CIRCULAR, COMP.70CM.                                   ;0;0;0;25,76
10632;ENV.      ;FIO POLIGLICOLICO N.2 AG.3,6CM 1/2 CIRCULAR, COMP.70CM.                                   ;0;0;0;25,76
10633;ENV.      ;FIO POLIGLICOLICO N.3 AG.3,6CM 1/2 CIRCULAR, COMP.70CM.                                   ;0;0;0;24,3
10634;UM        ;GUIA BOUGIE ENTUBACAO TRAQUEAL 15FR COMP. 70 CM - ADULTO                                  ;370;13782,5;37,25;37,25
10635;UM        ;CABO DE PACIENTE DE 4 VIAS P/ GRAVADOR DE HOLTER                                          ;10;1938;193,8;193,8
10636;UM        ;ESFIGIMOMANOMETRO SEMI DIGITAL OBESO                                                      ;14;2073,82;148,13;148,13
10637;ENV.      ;FIO POLIGLACTINA(VYCRIL)N.2-0 AG 3,5CM 1/2 CILINDRICA ESTRIADA                            ;0;0;0;7,35
10638;UM        ;LAMINA DE LARINGOSCOPIO CURVA N.0                                                         ;166;16167,14;97,392409;119,03
10639;UM        ;LAMINA DE LARINGOSCOPIO CURVA N.01                                                        ;87;8559,69;98,387241;119,03
10640;UM        ;LAMINA DE LARINGOSCOPIO CURVA N.04                                                        ;31;3689,93;119,03;119,03
10641;CX.       ;FILME RADIOLOGICO 28 X 35 CAIXA COM 125 CARESTREAM - DIGITAL                              ;708;363735;513,75;513,75
10642;CX.       ;FILME RADIOLOGICO 35 X 43 CAIXA COM 125 CARESTREAM - DIGITAL                              ;54;38407,5;711,25;711,25
10643;UM        ;AGULHA DE BIOPSIA INTRAOSSEA 15G X 30MM                                                   ;0;0;0;50,88
10644;UM        ;AGULHA DE BIOPSIA MEDULA OSSEA INFANTIL 18G X 3,58CM                                      ;185;14846,1;80,249189;8,22
10645;ENV.      ;FIO POLIGLECAPRONE N.0-0 AG.3,6CM 1/2 CILIN.ESTR.70CM FECHAMENTO DE PELE                  ;0;0;0;25,76
10646;ENV.      ;FIO POLIGLECAPRONE N.2-0 AG.3,6CM 1/2 CILIN.ESTR.70CM FECHAMENTO DE PELE                  ;0;0;0;25,76
10647;UM        ;INTRODUTOR PEEL OFF BIPARTIDO TIPO CATETER 2FR P/ CATETER PICC                            ;269;30228,82;112,374795;112,38
10648;UM        ;INTRODUTOR PEEL OFF BIPARTIDO TIPO CATETER 3FR P/ CATETER PICC                            ;93;10588,98;113,86;113,86
10649;UM        ;INTRODUTOR PEEL OFF BIPARTIDO TIPO CATETER 4FR P/ CATETER PICC                            ;69;8488,38;123,02;123,02
10650;UM        ;INTRODUTOR PEEL OFF BIPARTIDO TIPO CATETER 5FR P/ CATETER PICC                            ;52;6420,96;123,48;123,48
10651;UM        ;KIT GINECOLOGICO (KIT CITOLOGIA  DESC - ESCOVA E ESPATULA)                                ;0;0;0;0,65
10652;UM        ;ESCOVA DENTAL, CERDAS NYLON, MODELO MACIO, ADULTO                                         ;0;0;0;0,87
10653;UM        ;AGULHA DESCARTAVEL (25 X 7.0) C/ DISPOSITIVO DE SEGURANCA                                 ;79100;16611;0,21;0,21
10654;UM        ;CURATIVO DE ESPUMA(BAITAIN)SACRAL 25X25CM REF. 33405 COM SILICONE.                        ;0;0;0;86,66
10655;UM        ;SERRA DE GIGLI 30 MM.                                                                     ;0;0;0;7,71
10656;UM        ;FIO POLIGLECAPRONE N.3-0 AG.3,6CM 1/2 CILIN.ESTR.70CM                                     ;12;291,6;24,3;24,3
10657;GL.       ;ACIDO PERACETICO 2% 5000ML                                                                ;0;0;0;0
10658;ENV.      ;FIO POLIESTER TRANCADO N.3 REVESTIDO C/ POLIBUTILATO AG.22MM(VARIACAO +/-1CM),1/2, 75CM   ;504;17025,12;33,78;33,78
10659;ENV.      ;FIO POLIGLECAPRONE N.3-0 AG.2,4CM(VARIACAO +/- 1MM) 3/8 TRIANG. 70CM                      ;468;8265,6;17,661538;16,99
11002;UM        ;CATETER DE TITANIO 7FR (ACESSO VASCULAR)KIT                                               ;36;22255,56;618,21;618,21
23655;UM        ;(URO)EXTRATOR DE CALCULOS NITINOL,1.7FR X 130CM 3 FIOS - BETA II                          ;0;0;0;0
23733;UM        ;SONDA ENDOTRAQUEAL N.9,5 ARAMADA C/CUFF                                                   ;370;7804,3;21,092702;18,99
25698;UM        ;(UROLOGIA)ENDOSCOPIO FLEXIVEL URETERORRENOSCOPIO FLEXIVEL DIGITAL UROLLINE RF14A (8.5FR) 3;6;300000;50000;50000
32589;UM        ;(ESPEC.)PUNCH DESCARTAVEL DIAMETRO 8MM CORNEA DOADORA                                     ;0;0;0;479
32590;UM        ;(NEFRO)KIT CDL 11,5FR-12,5FR X 15-16CM CURVO CATETER EM POLIURETANO-CATETER DUPLO LUMEN   ;10;1190,4;119,04;119,04
32591;KIT       ;(NEFRO)KIT CDL 11,5FR-12FR X 20-21CM CURVO CATETER EM POLIURETANO-CATETER DUPLO LUMEN.    ;0;0;0;119,04
32592;KIT       ;(NEFRO)KIT CDL 11,5FR-12FR X 15-16CM RETO CATETER EM POLIURETANO-CATETER DUPLO LUMEN.     ;0;0;0;225
32593;KIT       ;(NEFRO)KIT CDL 11,5FR-12FR X 20-21CM RETO CATETER EM POLIURETANO-CATETER DUPLO LUMEN.     ;0;0;0;225
32594;UM        ;AGULHA PARA PUNCAO ARTERIAL E VENOSA AVF 15G(NEFRO)                                       ;0;0;0;2
32595;UMA       ;SONDA NASO-ENTERAL 10FR                                                                   ;0;0;0;0
32596;GL.       ;(NEFRO)ACIDO PERACETICO 2%                                                                ;0;0;0;199,4
32597;UM        ;TUBO VACUO COLETA SANGUE ROXO EDTA K3E 4ML                                                ;0;0;0;0,38
32598;UM        ;GARROTE P/ COLETA                                                                         ;205;1235,88;6,028682;5,64
32599;UM        ;DESCARTADOR DE AGULHA DESC.(LACEN)                                                        ;0;0;0;645,42
32600;UM        ;PAR TI PED 6,5X50MM                                                                       ;0;0;0;390,55
32601;UM        ;MICROTUBO DE CENTRIFUGACAO 2,0ML(LACEN)                                                   ;0;0;0;0,04
32602;UM        ;(NEFRO)INDICADOR P/ACIDO PERACETICO FRASCO 100ML                                          ;0;0;0;25,26
32603;ENV.      ;EXCLUIDO FIO NYLON                                                                        ;0;0;0;1,35
32604;ENV.      ;FIO NYLON N.0 AG.2,0CM 3/8 CIRCULAR,45CM.                                                 ;0;0;0;1,35
32605;ENV.      ;CODIGO EXCLUIDO, ATUALIZADO PARA COD.8149 FIO NYLON N.2-0                                 ;0;0;0;1,18
32606;ENV.      ;FIO NYLON N.4-0 AG.2,4CM 3/8 CIRCULAR,COMP.45CM. (+/- 1MM VARIACAO)                       ;3120;20175,12;6,466384;2,81
32607;ENV.      ;ITEM EXCLU√≠DO - USAR O C√≥DIGO 10246                        FIO NYLON N.3-0 AG.1,7CM 1/2 ;0;0;0;2,82
32608;ENV.      ;FIO NYLON N.5-0 AG.1,9CM 3/8 CIRCULAR,COMP.70CM.                                          ;0;0;0;1,35
32609;ENV.      ;FIO NYLON N.0 AG.4,0CM 1/2 CIRCULAR,COMP.45CM.                                            ;0;0;0;1,75
32610;ENV.      ;FIO POLIPROPILENO N.8-0 AG.0,65CM 3/8 CIRCULAR, C/ 2.AG ENVELOPE.                         ;0;0;0;10,5
32611;ENV.      ;FIO POLIPROPILENO N.7-0 AG.2,0CM 3/8 CIRCULAR,COMP.75CM, 2AG NO ENVELOPE.                 ;0;0;0;10,5
32612;ENV.      ;FIO NYLON N.8-0 AG.6,5CM 3/8 CIRCULAR,COMP.70CM.                                          ;0;0;0;30
32613;ENV.      ;FIO POLIPROPILENO N.4-0 AG.1,0CM 1/2 CIRCULAR,C/ 2.AG ENVELOPE.                           ;0;0;0;7,5
32614;ENV.      ;FIO NYLON N.3-0 AG.2,0CM 1/2 CIRCULAR,COMP.70,C/ 2AG NO ENVELOPE                          ;0;0;0;9,41
32615;ENV.      ;FIO NYLON N.9-0 AG.6,0CM 3/8 CIRCULAR,COMP.70,C/2AG NO ENVELOPE                           ;0;0;0;27,57
32616;ENV.      ;FIO NYLON N.10  AG.   CM 3/8 CIRCULAR,COMP.70,C/ 2AG NO ENVELOPE                          ;0;0;0;28,59
32617;ENV.      ;FIO NYLON N.8-0 AG.6,0CM 1/4 CIRCULAR,COMP.70,C/2AG NO ENVELOPE                           ;0;0;0;26,84
32618;ENV.      ;FIO NYLON N.5-0 AG.1,7CM 1/2 TRIANGULAR,45CM.                                             ;3480;6716,4;1,93;1,93
32619;ENV.      ;FIO NYLON N.5-0 AG.1,0CM 1/2 CIRCULAR,COMP.70                                             ;0;0;0;5
32620;ENV.      ;FIO NYLON N.6-0 AG.1,65CM 3/8,CIRCULAR,COMP.70CM                                          ;0;0;0;2
32621;ENV.      ;FIO POLIPROPILENO N.3-0 AG.1,0CM 1/2 CIRCULAR,COMP.75CM,C/2AG NO ENVELOPE                 ;0;0;0;8,46
32622;ENV.      ;FIO POLIPROPILENO N.4-0 AG.2,0CM 1/2 CIRCULAR,COMP.75CM,C/2AG NO ENVELOPE                 ;0;0;0;7,5
32623;ENV.      ;FIO POLIPROPILENO N.4-0 AG.1,7CM 1/2 CIRCULAR,C/2AG,75CM                                  ;1726;24325,98;14,093847;14,06
32624;UM        ;KIT TRANPLANTE RENAL - DOADOR VIVO                                                        ;0;0;0;341,35
32625;CX.       ;CLIPS P/ ANEURISMA DE TITANIO 7,0MM X 7,0MM.                                              ;0;0;0;615
32626;UM        ;CLIPS P/ ANEURISMA DE TITANIO 8,0MM X 10,0MM.                                             ;0;0;0;619
32627;UM        ;CLIPS P/ ANEURISMA DE TITANIO 9,0MM X 7,0MM.                                              ;0;0;0;640,5
32628;UM        ;CLIPS P/ ANEURISMA DE TITANIO 7,5MM X 8,0MM.                                              ;0;0;0;640
32629;UM        ;CLIPS P/ ANEURISMA DE TITANIO 8,0MM X 6,0MM.                                              ;0;0;0;640
32630;UM        ;CLIPS P/ ANEURISMA DE TITANIO 9,0MM X 8,1MM.                                              ;0;0;0;996,25
32631;UM        ;CLIPS P/ ANEURISMA DE TITANIO 8,0MM X 9,0MM.                                              ;0;0;0;687,5
32632;UM        ;CLIPS P/ ANEURISMA DE TITANIO 9,0MM X 12,0MM                                              ;0;0;0;660
32633;UM        ;CLIPS P/ ANEURISMA DE TITANIO 10,0MM X 12,0MM.                                            ;0;0;0;768,75
32634;UM        ;CLIPS P/ ANEURISMA DE TITANIO 8,0MM X 12,0MM.                                             ;0;0;0;768,75
32635;UM        ;CLIPS P/ ANEURISMA DE TITANIO 9,5MM X 1,0MM.                                              ;0;0;0;697,5
32636;UM        ;CLIPS P/ ANEURISMA DE TITANIO 9,5MM X 15,0MM.                                             ;0;0;0;625
32637;UM        ;CLIPS P/ ANEURISMA DE TITANIO 9,5MM X 12,0MM.                                             ;0;0;0;768,75
32638;UM        ;CLIPS P/ ANEURISMA DE TITANIO 10,5MM X 18,0MM.                                            ;0;0;0;912,5
32639;UM        ;CLIPS P/ ANEURISMA DE TITANIO 6,5MM X 5,0MM.                                              ;0;0;0;762,5
32640;UM        ;CLIPS P/ ANEURISMA DE TITANIO 6,0MM X 7,5MM.                                              ;0;0;0;762,5
32641;UM        ;CLIPS P/ ANEURISMA DE TITANIO 5,5MM X 10,0MM.                                             ;0;0;0;762,5
32642;UM        ;CLIPS P/ ANEURISMA DE TITANIO 6,5MM X 6,0MM.                                              ;0;0;0;825
32643;UM        ;CLIPS P/ ANEURISMA DE TITANIO 5,5MM X 9,0MM.                                              ;0;0;0;762,5
32644;UM        ;CLIPS P/ ANEURISMA DE TITANIO 7,5MM X 5,0MM.                                              ;0;0;0;762,5
32645;UM        ;(NEURO)CLIP P/ANEURISMAS SM 100-10, 9,0 X10,0MM INTRAC. DE TITANIO PERMANENTE.            ;0;0;0;679,16
32646;UM        ;CLIPS P/ ANEURISMA DE TITANIO 8,0MM X 7,5MM.                                              ;0;0;0;762,5
32647;UM        ;CLIPS P/ ANEURISMA DE TITANIO 9,5MM X 14,0MM                                              ;0;0;0;912,5
32648;UM        ;CLIPS P/ ANEURISMA DE TITANIO 7,0MM X 7,5MM.                                              ;0;0;0;762,5
32650;UM        ;CLIPS P/ ANEURISMA DE TITANIO 8,0MM X 8,0MM.                                              ;0;0;0;762,5
32651;UM        ;CLIPS P/ ANEURISMA DE TITANIO 9,5MM X 11,00MM.                                            ;0;0;0;762,5
32652;UM        ;CLIPS P/ ANEURISMA DE TITANIO 9,5MM X 11,0MM                                              ;0;0;0;762,5
32653;UM        ;CLIPS P/ ANEURISMA DE TITANIO 7,5MM X 11,0MM.                                             ;0;0;0;712,5
32654;UM        ;CLIPS P/ ANEURISMA DE TITANIO 4,5MM X 4,0MM.                                              ;0;0;0;625
32655;UM        ;CLIPS P/ ANEURISMA DE TITANIO 5,5MM X 6,0MM.                                              ;0;0;0;680
32656;UM        ;CLIPS P/ ANEURISMA DE TITANIO 4,5MM X 5,0MM.                                              ;0;0;0;655
32657;UM        ;(NEURO) CLIPS P/ ANEURISMA SM310-05 5,5 X 5,0 INTRAC DE TITANIO PERMANENTE                ;0;0;0;712,5
32658;UM        ;CLIPS P/ ANEURISMA DE TITANIO 4,5MM X 4,5MM.                                              ;0;0;0;762,5
32659;UM        ;CLIPS P/ ANEURISMA DE TITANIO 5,5MM X 6,7MM.                                              ;0;0;0;762,5
32660;UM        ;CLIPS P/ ANEURISMA DE TITANIO 5,5MM X 7,0MM.                                              ;0;0;0;762,5
32661;UM        ;CLIPS P/ ANEURISMA DE TITANIO 6,0MM X 5,0MM.                                              ;0;0;0;762,5
32662;UM        ;EQUIPO GIRASET EG ESTERELIZADO                                                            ;0;0;0;14,45
32663;UM        ;(COLOS)BARREIRA PROTETORA DE PELE FLEXIVEL(8815) EM FORMATO DE ANEL COM DIAMETRO 48MMM. HO;440;13956,8;31,72;31,72
32664;UM        ;CATETER EXTERNO 35 MM ( 5210)                                                             ;0;0;0;0
32665;CX.       ;NAVALHA DESCARTAVEL ALTO PERFIL                                                           ;0;0;0;6,149
32666;UM        ;PARAFINA HIST.500GR                                                                       ;0;0;0;20
32667;ENV.      ;CODIGO EXCLUIDO USAR HOSPUB 5866                                                          ;0;0;0;1,14
32668;UMA       ;PORTA FILTRO PLASTICO PARA ESPIROMETRIA                                                   ;2330;18267,2;7,84;7,84
32669;KIT       ;(ESPEC)KIT CARDIOVERSOR-DESFIBRILADOR IMPLANTAVEL(CDI)                                    ;0;0;0;64158,33
32670;UM        ;KIT MARCAPASSO DIGITAL CAMADA DUPLA(VDD)(CADIO).                                          ;0;0;0;13250
32671;UM        ;ELETRODO CAPSURE 58CM(CARDIVASCULAR)                                                      ;0;0;0;2500
32672;UM        ;ELETRODO CAPSURE 52CM(CARDIOVASCULAR)                                                     ;0;0;0;1550
32673;UM        ;(CARDIO)INTRODUTOR PARA ELETRODO (LI-09 PLUS-G)                                           ;0;0;0;695,88
32674;UM        ;INTRODUTOR P/ ELETRODO 10,5FR(CARDIOVASCULAR)                                             ;0;0;0;250
32675;ENV.      ;FIO NYLON N.4-0 AG.1,7CM 1/2 CIRCULAR 45CM. (+/- 2MM VARIACAO)                            ;3552;5087,04;1,432162;1,4
32676;KIT       ;SISTEMA DE DRENAGEM MEDIASTINAL - 38FR                                                    ;0;0;0;102,55
32677;UM        ;SISTEMA DE DRENAGEM MEDIASTINAL-36FR(CARDIO)                                              ;0;0;0;102,55
32678;KIT       ;SISTEMA DE DRENAGEM MEDIASTINAL - 32FR                                                    ;0;0;0;102,55
32679;UM        ;(CARDIO)FILTRO DE SANGUE ARTERIAL ADULTO (BRAILE)                                         ;0;0;0;251,64
32680;UM        ;(CARDIO) BOMBA CENTRIFUGA BR-100                                                          ;0;0;0;949,19
32681;UM        ;(CARDIO) PATCH PERIOCARDIO BOVINO 11X06 ESPESSURA 0,50MM                                  ;0;0;0;441,5
32682;UM        ;(CARDIO)CONJUNTO DE TUBOS PARA CIRCULACAO EXTRA CORPOREA                                  ;0;0;0;691,65
32683;UM        ;(CARDIO)HEMOCONCENTRADOR H-1200 (BRAILE)                                                  ;0;0;0;389,15
32684;UM        ;(CARDIO) ASPIRADOR DESC(DRENO DE SUCCAO)ADULTO                                            ;0;0;0;57,14
32685;UM        ;(ESPEC)OXIGENADOR DE MEMBRANA - ADULTO                                                    ;0;0;0;1491,15
32686;          ;KIT INTRODUTOR PERCUTANEO                                                                 ;0;0;0;379,35
32687;UM        ;(CARDIO)CATETER DE TERMODILUICAO SWAN-GANG 6FR/100CM                                      ;0;0;0;400
32689;          ;VALVULA MECANICA MITRAL N.29                                                              ;0;0;0;7341,6
32691;UM        ;(CARDIO) PERFURADOR AORTICO 3.5MM MEDITRONIK                                              ;0;0;0;663
32692;          ;PERFURADOR AORTICO 4,0                                                                    ;0;0;0;809,3
32693;          ;(CARDIO)CANULA P/ASPIRACAO DE VENTRICULO N.08-17FR-EDWARDS                                ;0;0;0;890
32694;          ;(CARDIO)CANULA P/ASPIRACAO DE VENTRICULO N.12-17FR-EDWARDS                                ;0;0;0;890
32695;UM        ;(CARDIO)CANULA P/ASPIRACAO DE VENTRICULO N.18-17FR-EDWARDS                                ;0;0;0;890
32696;UM        ;(ESPEC.)CANULA PARA ASPIRACAO DE OSTIO CORONARIO 45GRAUS 10FR                             ;0;0;0;890
32697;UM        ;(ESPEC)CANULA PARA ASPIRACAO DE OSTIO CORONARIA DIREITA 45 GRAUS 12FR                     ;0;0;0;890
32698;SC.       ;KIT CIRURGICO CORONARIA SEM SEC (CARDIO).                                                 ;0;0;0;1102,74
32699;UM        ;CANULA ARAMADA ARTERIAL COM FLANGE RETA 18 FR                                             ;0;0;0;605
32700;UM        ;(CARDIO)CANULA VENOSA ARAMADA RETA 22FR                                                   ;0;0;0;605
32701;UM        ;(CARDIO)CANULA VENOSA ARAMADA RETA 18FR                                                   ;0;0;0;605
32702;UM        ;(CARDIO)CANULA VENOSA ARAMADA RETA 20FR                                                   ;0;0;0;605
32703;UM        ;(CARDIO)CANULA VENOSA ARAMADA 32 FR                                                       ;0;0;0;605
32704;UM        ;CANULA VENOSA ARAMADA RETA 32 FR(CARDIO)                                                  ;0;0;0;605
32705;UM        ;(CARDIO) KIT CANULA COMPOSTO DE JOGOS DE CANULAS DE DIFERENTES FORMATOS, RETO, CURVO E MUL;0;0;0;503,7
32706;UM        ;(CARDIO)ANEL DE ANULOPLASTIA VALVAR RIGIDO 26MM.                                          ;0;0;0;655,05
32707;UM        ;(CARDIO)ANEL DE ANUPLASTIA 30MM                                                           ;0;0;0;655,05
32708;SC.       ;(CARDIO)CANULA VENOSA ARAMADA RETA 28FR                                                   ;0;0;0;605
32709;UM        ;CANULA ARAMADA RETA 30 FR(CARDIO)                                                         ;0;0;0;605
32710;SC.       ;FRASCO GRAD P/DOSAGEM PLAST RESIST TRANSP C/BICO 1000ML(PISSETA)                          ;855;6500,945848;7,603445;7,46334
32711;UM        ;CANULA VENOSA ARAMADA RETA 36FR(CARDIO)                                                   ;0;0;0;605
32712;UM        ;CANULA CURVA 22FR(CARDIO)                                                                 ;0;0;0;605
32713;UM        ;(ESPEC)CANULA VENOSA DUPLO ESTAGIO                                                        ;0;0;0;521,7
32714;CX.       ;(CARDIO) CANULA ARTERIAL ARAMADA PONTA RETA C/FLANGE 20FR                                 ;0;0;0;605
32715;CX.       ;SISTEMA DE DRENAGEM                                                                       ;0;0;0;102,55
32716;UM        ;TORNEIRINHA TRE WAY COM LUER(3.VIAS).                                                     ;0;0;0;65,64
32717;UM        ;(CARDIO)SISTEMA PARA CARDIOPLEGIA 4:1 (BRAILE)                                            ;0;0;0;471,89
32718;CX.       ;CONJUNTO PARA AUTO TRANSFUSAO                                                             ;0;0;0;502,65
32719;UM        ;(CARDIO) RESERVATORIO DE SANGUE CARDIOTOMIA 4000 (BRAILE)                                 ;0;0;0;298,91
32720;UM        ;(ESPEC)CANULA PARA INFUSAO DE CARDIOPLEGIA COM LINHA DE ASPIRACAO DE VENTRICULO           ;0;0;0;605
32721;CX.       ;CONJUNTO DE FILME TRASPARENTE 55X45 (CARDIO)                                              ;0;0;0;221,38
32722;CX.       ;(CARDIO)CAMPO CIRURGICO IODOFORADO MODELO 6640 44CMX35CM AREA INCISIONAL 34CMX35CM        ;0;0;0;49,48
32723;CX.       ;(CARDIO) CATETER BALAO INTRA-AORTICO LINEAR 7,5FR 40CC                                    ;0;0;0;3600
32724;FR.       ;SOLUCAO DE CLOREXIDINA AQUOSA 0,12% FRASCO COM 100ML.                                     ;0;0;0;7,6
32725;CX.       ;(CARDIO) CANULA ARTERIAL ARAMADA PONTA RETA ALONGADA 14FR                                 ;0;0;0;605
32726;CX.       ;CANULA ARTERIAL ARAMADA RETA ALONGADA 16 FR                                               ;0;0;0;605
32727;UM        ;(CARDIO)CONECTOR Y (BRAILE)                                                               ;0;0;0;43,2
32728;UM        ;SOLUCAO DE POVINIL IODADA 10% TOPICO 1000ML                                               ;0;0;0;12,53
32729;UM        ;AVENTAL EM PLASTICO PROTETOR TAM.UNICO NAO ESTERIL S/MANGA                                ;0;0;0;1,5
32730;UM        ;(CARDIO)CABO ELETRODO ENDOCARDIO TEMPORARIO 5FX1.67MM                                     ;0;0;0;450
32731;CX.       ;(CARDIO) VALVULA CARDIACA MECANICA AORTICO 23MM. (JUDEMEDICA)                             ;0;0;0;8911,87
32732;UM        ;FITA PARA SELADORA COMP C/ SELADORA - IMAP PORTATIL                                       ;0;0;0;66,99
32733;UM        ;(CARDIO) VALVULA CARDIACA MECANICA AORTICA REGENT 25MM                                    ;0;0;0;7341,6
32734;UM        ;SOLUCAO DE CLOREXIDINA HIDROALCOOLICA 0,5% COM 100ML.                                     ;1609;3157,3;1,962274;1,95
32736;UM        ;(CARDIO) PROTESE VALV. BIOLOGICO PERIOCARDIO MITRAL 27MM.                                 ;0;0;0;2271,15
32737;UM        ;(CARDIO) CATETER BALAO INTRA-AORTICO LINEAR 7,5FR 34CC IABC                               ;0;0;0;7650
32739;UM        ;(CARDIO) PROTESE VALV. BIOLOGICA PORCINA 25MM                                             ;0;0;0;2271,15
32740;UM        ;FRASCO GRADUADO P/DOSAGEM PLAST RESIST C/BICO 250ML                                       ;0;0;0;6,96
32741;UM        ;SOLUCAO DE CLOREXIDINA AQUOSA  0,2% FRASCO COM 100ML.                                     ;1802;2468,74;1,37;1,37
32742;UM        ;(CARDIO) PROTESE VALV. BIOLOGICO PERIOCARDIO MITRAL 31MM.                                 ;0;0;0;2285
32743;          ;PROTESE BIOLOGICA AORTICA N.23                                                            ;0;0;0;2938
32745;UM        ;ESTABILIZADOR DE TECIDOS(CARDIO)                                                          ;0;0;0;9772
32746;          ;SISTEMA DE POSICIONADOR DE STARFISH                                                       ;0;0;0;9772
32747;UM        ;(ESPEC)ENXERTO AORTICO VALVADO                                                            ;0;0;0;6538,33
32748;KIT       ;(ESPEC)KIT RESSINCRONIZADOR CARDIACO ATRIO-BIOVENTRICULA TRICAMERAL                       ;0;0;0;47074,8
32749;KIT       ;(ESPEC)KIT GERADOR DE PULSO ELET.IMPLAN.UNICAMERAL (VVI)(VVO)                             ;0;0;0;12980
32750;UM        ;(CARDIO) TRANSUTOR DE PRESSAO DESC.(TRUUCAVE) 150CM 13CC/60I                              ;0;0;0;165,55
32751;UMA       ;(NEURO) TORNEIRA DE 3 VIAS                                                                ;0;0;0;0,92
32752;UM        ;(CARDIO)ANEL DE ANUPLASTIA 24MM                                                           ;0;0;0;609,34
32753;UM        ;(CARDIO)ANEL DE ANUPLASTIA VALVAR RIGIDO 28MM                                             ;0;0;0;655,05
32754;UM        ;(CARDIO)ANEL DE ANUPLASTIA 34MM                                                           ;0;0;0;609,34
32755;          ;KIT INTRODUTOR PERCUTANEO EDWARDS                                                         ;0;0;0;379,35
32756;UM        ;SISTEMA DE ENTREGA DE ELETRODO P/SEIO CORONARIO MPH-45                                    ;0;0;0;400
32757;UM        ;CANULA ARTERIAL ARAMADA C/PONTA ANGULAR 20FRX20CM(CARDIO)                                 ;0;0;0;605
32758;UM        ;(ESPEC)CANULA ARTERIAL FEMORAL PARA CIRCUITO CEC ESTERIL N14                              ;0;0;0;521,7
32759;UM        ;SONDA NASOGASTRICA CURTA N4                                                               ;0;0;0;0
32760;UM        ;SONDA NASOGASTRICA CURTA N 10                                                             ;0;0;0;0
32761;UM        ;SONDA NASOGASTRICA CURTA N 14                                                             ;0;0;0;0
32762;UM        ;SONDA NASOGASTRICA CURTA N 16                                                             ;0;0;0;0
32763;UM        ;SONDA NASOGASTRICA CURTA N18                                                              ;0;0;0;0
32764;UM        ;SONDA NASOGASTRICA LONGA N06                                                              ;0;0;0;0
32765;UM        ;SONDA NASOGASTRICA LONGA N08                                                              ;0;0;0;0
32766;UM        ;SONDA NASOGASTRICA LONGA N10                                                              ;0;0;0;0
32767;          ;SONDA NASOGASTRTICA LONGA N 12                                                            ;0;0;0;0
32768;UM        ;SONDA NASOGASTRICA LONGA N 14                                                             ;0;0;0;0
32769;UM        ;GAIOLA TORACO LOMBAR 17X22X70MM                                                           ;0;0;0;1356,21
32770;UM        ;PARAFUSO HEBERT 2,0 X 14.                                                                 ;0;0;0;550
32771;UM        ;PARAFUSO HEBERT 2,0 X 16.                                                                 ;0;0;0;550
32772;UM        ;PARAFUSO HEBERT 2,0 X 18.                                                                 ;0;0;0;550
32773;UM        ;PARAFUSO HEBERT 2,0 X 20.                                                                 ;0;0;0;550
32774;UM        ;PARAFUSO HEBERT 2,0 X 22.                                                                 ;0;0;0;550
32775;UM        ;PARAFUSO HEBERT 2,0 X 24.                                                                 ;0;0;0;550
32776;UM        ;PARAFUSO HEBERT 2,0 X 26.                                                                 ;0;0;0;550
32777;UM        ;PARAFUSO HEBERT 2,0 X 28.                                                                 ;0;0;0;550
32778;UM        ;PARAFUSO HEBERT 2,0 X 30.                                                                 ;0;0;0;550
32779;UM        ;(BUCOMAXILO)PLACA ORBITAL (TODOS OS TAMANHOS)                                             ;16;3498,81;218,675625;839,61
32780;UM        ;ASPIRADOR DESCATAVEL.                                                                     ;0;0;0;225
32781;UM        ;FIO DE ACO PARA CERCLAGEM (EXTRA SUS)                                                     ;30;1192,5;39,75;39,75
32782;UM        ;FIO DE A«O PARA CERCLAGEM 0,8MM X 1,0M.                                                   ;0;0;0;24,5
32783;UM        ;FIO DE A«O PARA CERCLAGEM 1,0MM X 1,0M.                                                   ;0;0;0;24,5
32784;          ;TELA INORGANICA DYNAMESH PP LIGHT 10 X 15                                                 ;0;0;0;120
32785;UM        ;DRENO TORACICO 28FR                                                                       ;0;0;0;0
32786;UM        ;DRENO TORACICO 30FR                                                                       ;0;0;0;4,7
32787;UM        ;AGULHA DE HUBBER 19G X 25MM                                                               ;57;1140;20;20
32788;UM        ;CURATIVO TRANSPARENTE DE POLIURETANO 9.0 X 12CM.(FILME)                                   ;0;0;0;10,33
32789;FL.       ;EMB.P/ESTERELIZACAO  60CM X  60CM.(APROX.)                                                ;0;0;0;0,99
32790;          ;ENVELOPE SELANTE GRAU CIRURGICO 90X90                                                     ;0;0;0;2,74
32791;ENV.      ;(CME) ENVELOPE AUTO-SELANTE 75MM X 75MM.                                                  ;0;0;0;2,62
32792;          ;HASTE FEMUR BLOQUEADO CEF 9X280                                                           ;0;0;0;846,67
32793;UM        ;GAIOLA TORACO LOMBAR 22X28X20MM                                                           ;0;0;0;1356,21
32794;UM        ;PLACA CERVICAL 25MM - SPINE                                                               ;16;33295,36;2080,96;2080,96
32795;UM        ;PLACA CERVICAL 27,5MM - SPINE                                                             ;16;33295,36;2080,96;2080,96
32796;UM        ;PLACA CERVICAL 30MM - SPINE                                                               ;16;33295,36;2080,96;2080,96
32797;UM        ;PLACA CERVICAL 32,5MM - SPINE                                                             ;8;16647,68;2080,96;2080,96
32798;UM        ;PLACA CERVICAL 35MM - SPINE                                                               ;8;16647,68;2080,96;2080,96
32799;UM        ;PLACA CERVICAL 37,5MM - SPINE                                                             ;6;12485,76;2080,96;2080,96
32800;UM        ;PLACA CERVICAL 40MM - SPINE                                                               ;6;12485,76;2080,96;2080,96
32801;UM        ;PLACA CERVICAL 42,5MM - SPINE                                                             ;6;12485,76;2080,96;2080,96
32802;UM        ;PLACA CERVICAL 45MM - SPINE                                                               ;4;8323,84;2080,96;2080,96
32803;UM        ;PLACA CERVICAL 47,5MM - SPINE                                                             ;4;8323,84;2080,96;2080,96
32804;UM        ;PLACA PUDDU CORRETIVA FEMORAL 12,5MM (EXTRA SUS)                                          ;0;0;0;830,55
32805;UM        ;PLACA CERVICAL 50MM - SPINE                                                               ;4;8323,84;2080,96;2080,96
32806;UM        ;PLACA CERVICAL 52,5MM -SPINE                                                              ;4;8323,84;2080,96;2080,96
32807;UM        ;PLACA CERVICAL 55MM - SPINE                                                               ;4;8323,84;2080,96;2080,96
32808;FL.       ;PARAFUSO TI PERPEDICULAR MONO 5,5X40MM                                                    ;0;0;0;393,83
32809;UM        ;PARAFUSO TI PERPEDICULAR MONO 5,5X35MM                                                    ;0;0;0;393,83
32810;UM        ;PARAFUSO TI PERPEDICULAR MONO 5,5X40MM                                                    ;0;0;0;393,83
32811;UM        ;PARAFUSO TI PERPENDICOLAR MONO 6,5X40MM                                                   ;0;0;0;393,83
32812;UM        ;PARAFUSO TI PERPENDICOLAR MONO 6,5X45MM                                                   ;0;0;0;393,83
32813;UM        ;PARAFUSO TI PERPENDICOLAR POLI 4,0X16MM                                                   ;0;0;0;390,55
32814;UM        ;PARAFUSO TI PEPENDICOLAR MONO 4,0X16MM                                                    ;0;0;0;393,83
32815;UM        ;PARAFUSO TI PERPENDICOLAR POLLI 4,0X18MM                                                  ;0;0;0;390,55
32816;UM        ;PLACA CERVICAL 57,5MM - SPINE                                                             ;0;0;0;2080,96
32817;UM        ;PORCAS TITANIO                                                                            ;0;0;0;72,92
32818;          ;HASTE FEMURAL BLOQUEADO CEFALICO PARAFUSO 10X300                                          ;0;0;0;846,67
32819;          ;HASTE FEMURAL LONG C/BLOQUEIO CEFALICO PARAFUSO 10X420                                    ;0;0;0;894,19
32820;          ;HASTE INTREMEDULAR C/BLOQUEADO TIB 10X330                                                 ;0;0;0;890,82
32821;UM        ;PARAFUSO TI PERPENDICULAR 6,5X35MM                                                        ;0;0;0;390,55
32822;          ;HASTE FEMUR CURTA C/BLOQUEIO CEFALICO 10X420                                              ;0;0;0;846,67
32823;          ;HASTE FEMUR LONGA C/BLOQUEIO CEFALICO 10X420                                              ;0;0;0;894,19
32824;          ;HASTE INTREMEDULAR BLOQUEADO TIBIA 10X330                                                 ;0;0;0;890,82
32825;          ;PARAFUSO TI PERPENDICULAR MONO 6,5X40MM                                                   ;0;0;0;393,83
32826;          ;CLIPS PARA ANAURISMA 5,0X5,2MM                                                            ;0;0;0;975
32827;          ;CLIPS PARA ANEURISMA DE TITANIO 14,0MMX12,0MM                                             ;0;0;0;725
32828;UM        ;CLIPS P/ ANEURISMA DE TITANIO 9,0MM X 5,0MM                                               ;0;0;0;725
32829;          ;CLIPS PARA ANEURISMA DE TITANIO 10MM X 10,00 MM                                           ;0;0;0;725
32830;          ;CLIPS PARA ANEURISMA DE TITANIO 7,5MM X 7,5MM                                             ;0;0;0;700
32831;UM        ;(NEURO) CLIPS P/ANEURISMA 120-10 7,5 X 10,0 INTRAC DE TITANIO PERMANENTE                  ;0;0;0;679,16
32832;          ;CLIPS PARA ANEURISMA DE TITANIO 9,0MM X 5,0MM                                             ;0;0;0;637,5
32833;          ;CLIPS PARA ANEURISMA DE TITANIO 6,0MM X 6,0MM                                             ;0;0;0;640
32834;          ;CLIPS PARA ANEURISMA DE TITANIO 12,5MM X 9,0 MM                                           ;0;0;0;725
32835;          ;CLIPS PARA ANEURISMA DE TITANIO 13,0 MM X 9,0 MM                                          ;0;0;0;687,5
32836;          ;CLIPS PARA ANEURISMA DE TITANIO 9,5MM X 7,5 MM                                            ;0;0;0;712,5
32838;          ;CLIPS PARA ANEURISMA DE TITANIO 6,0MM X 6,0MM                                             ;0;0;0;655
32839;          ;CLIPS PARA ANEURISMA DE TITANIO 10,0MM X 5,0MM                                            ;0;0;0;737,5
32840;          ;CLIPS PARA ANEURISMA DE TITANIO 12,0 MM X 10,0 MM                                         ;0;0;0;650
32841;          ;CLIPS PARA ANEURISMA DE TITIANIO 10,0 MM X 7,0 MM                                         ;0;0;0;655
32842;GL.       ;SABONETE ANTI-SEPTICO SEM AROMA 5000ML                                                    ;0;0;0;0
32843;          ;CLIPS PARA ANEURISMA DE TITANIO 13,5 MM X 12,0 MM                                         ;0;0;0;725
32844;          ;CLIPS PARA ANEURISMA DE TITANIO 6,0MM X 4,0 MM                                            ;0;0;0;695
32845;          ;CLIPS PARA ANEURISMA DE TITANIO 11,5MM X 6,0 MM                                           ;0;0;0;725
32846;          ;CLIPS PARA ANEURISMA DE TITANIO 7,5MM X 7,0 MM                                            ;0;0;0;655
32847;          ;CLIPS PARA ANEURISMA DE TITANIO 5,2 MM X 5,2 MM                                           ;0;0;0;1087,5
32848;          ;CLIPS PARA ANEURISMA DE TITANIO 10,0 MM X 11,0 MM                                         ;0;0;0;762,5
32850;          ;CLIPS PARA ANEURISMA DE TITANIO 11,0 MM X 7,5 MM                                          ;0;0;0;662,5
32851;          ;CLIPS PARA ANEURISMA DE TITANIO 9,5MM X 10,0 MM                                           ;0;0;0;650
32852;UM        ;COMPONENTE CEFALICO ( 03.011-2 )OMBRO                                                     ;0;0;0;372,88
32853;UM        ;COMPONENTE UMERAL CIMENTADO /FIXACAO BIOLOGICA ( 03.029-5 )                               ;0;0;0;694,09
32854;UM        ;FIXADOR EXTERNO HIBRIDO ( 03.039-2 )                                                      ;6;5279,58;879,93;879,93
32855;          ;HASTE FEMUR CURTA C/BLOQUEIO SEFALICO 10X340                                              ;0;0;0;846,67
32856;          ;HASTE INTRAMEDULAR C/BLOQUEI CEFALICO 9X280                                               ;0;0;0;913,55
32857;          ;HASTE INTRAMEDULAR C/BLOQUEI TIBIA 10X330                                                 ;0;0;0;890,82
32858;UM        ;HASTE INTRAMEDULAR FLEXIVEL P/ USO INFANTIL ( 03.054-6 )                                  ;534;80158,74;150,11;150,11
32859;UM        ;PLACA CERVICAL 60MM - SPINE                                                               ;0;0;0;2080,96
32860;ENV.      ;(CME) ENVELOPE AUTO-SELANTE 70MM X 130 MM.                                                ;0;0;0;0,09
32861;UM        ;EMBALAGEM P/ESTERELIZACAO EM SMS  30 X  30.(APROX.)PESADO 50                              ;0;0;0;2,62
32862;          ;ENVELOPE GRAU CIRURGICO 14X29                                                             ;0;0;0;0,21
32863;UM        ;PARAFUSO ESPONJOSO 4,0MM ( 03.072-4 )                                                     ;0;0;0;16,63
32864;UM        ;PARAFUSO CORTICAL 3,5 (TODOS OS TAMANHOS)SUS                                              ;160;1510,4;9,44;9,44
32865;          ;PARAFUSO INTERFERENCIA 7X20MM                                                             ;0;0;0;456,14
32866;          ;PARAFUSO TITANIO PERPENDICULAR POLLI 6,5X50MM                                             ;0;0;0;390,55
32867;          ;PARAFUSO TITANIO PERPENDICOLAR POLLI 5,5X30 MM                                            ;0;0;0;390,55
32868;UM        ;PARAFUSO INTERFERENCIA DE TITANIO 17X25 MM                                                ;0;0;0;456,14
32869;          ;HASTE PARAFUSO DE TITANIO                                                                 ;0;0;0;442,91
32870;UM        ;PARAFUSO TITANIO PERPENDICOLAR POLLI 6,5 X 35MM                                           ;0;0;0;390,55
32871;UM        ;HASTE PARAFUSO PERPENDICOLAR TITANIO                                                      ;0;0;0;442,91
32872;UM        ;PARAFUSO INTERFERENCIA DE TITANIO 7X20MM                                                  ;0;0;0;456,14
32873;UM        ;COMPONENTE CEFALICO/POLIETILENO/METAL P/HEMIARTROPLASTIA BIPOLAR MONOPOLAR (03.012-0)     ;0;0;0;650
32874;SC.       ;PARAFUSO AUTO ROSQUEAVEL                                                                  ;0;0;0;293,58
32875;          ;PLACA PBA-S 3.5 MM                                                                        ;0;0;0;6717
32876;          ;PLACA RETA PBA-S 3,5 MM                                                                   ;0;0;0;7375
32877;UM        ;PLACA PBA-S PILAO TRIBAL                                                                  ;0;0;0;4101,82
32878;          ;PLACA PBA-S DIGITAL DE RADIO                                                              ;0;0;0;5687
32880;          ;PARAFUSO TITANIO PERPENDINCOLAR POLLI 4,0 X 20                                            ;0;0;0;390,55
32881;          ;HASTE FEMUR CURTA BLOQUEADA CEFALICO 9X360                                                ;0;0;0;846,37
32882;          ;HASTE FEMUR LONGA BLOQUEADO CEFALICO 9X360                                                ;0;0;0;894,19
32884;ENV.      ;FIO POLIPROPILENO N.2-0 AG.2,0CM 1/2 CIRC.75CM 2AG CARDIOVASCULAR                         ;0;0;0;0
32885;UM        ;KIT DRENO MEDIASTIONAL C/BALAO N14 (CARDIO)                                               ;0;0;0;23,97
32887;UM        ;MACRO PLACA RETA 4F(MANDIBULAR)(05.047-4)                                                 ;0;0;0;1150,04
32889;          ;PARAFUSO TITANIO PERPENDICOLAR POLLI 5,5 X40                                              ;0;0;0;390,55
32890;          ;PARAFUSO TITANIO PERPENDICOLAR MONO 5,5X30                                                ;0;0;0;393,83
32891;UM        ;PARAFUSO TITANIO PERPENDICOLAR MONO 5,5X45                                                ;0;0;0;393,83
32892;UM        ;PARAFUSO TITANIO PERPENDICOLAR POLLI 4,0X12MM                                             ;0;0;0;390,55
32894;UM        ;PARAFUSO TITANIO PERPENDICOLAR POLLI 4,0X16                                               ;0;0;0;390,55
32895;UM        ;PARAFUSO DE TI PERPENDICOLAR 4,0X14MM                                                     ;0;0;0;390,55
32896;UM        ;PLACA BLOQUEADA PARA RADIO DISTAL (EXTRA SUS)                                             ;0;0;0;5687
32897;          ;PLACA BLOQUEADA PARA UMERO PROXIMAL                                                       ;0;0;0;6847
32898;UM        ;PLACA BLOQUEADA PILAO TIBIAL TITANIO OSSO PERNA (EXTRA SUS) )                             ;0;0;0;10607
32899;          ;PLACA BLOQUEADA 5MM RETA                                                                  ;0;0;0;6717
32900;UM        ;PLACA 3,5MM BLOQUEADA - 1,3 (EXTRA SUS)                                                   ;0;0;0;6765
32901;UM        ;MACRO PLACA RETA 6F(MANDIBULAR)(05.047-4)                                                 ;0;0;0;1150,04
32902;UM        ;PROTESE TOTAL DE ATM COMP. MANDIBULAR CROMOBALTO (EXTRA SUS)                              ;0;0;0;84658
32903;UM        ;AVENTAL DESC.IMPERMEAVEL 50G                                                              ;0;0;0;4,74
32904;PCT.      ;ROLETES DENTAIS ALGODAO PCT C/100 UNDS                                                    ;0;0;0;1,95
32905;UM        ;MASCARA FACIAL P/ANESTESIA/VENTILACAO NAO INVASIVA ADULTA.                                ;0;0;0;721,87
32906;UM        ;CAPACETE P/OXIGENIO TAM CP-2C, EM ACRILICO TRANSPARENTE                                   ;0;0;0;145,41
32907;UM        ;CAPACETE P/OXIGENIO TAM CP-3C, EM ACRILICO TRANSPARENTE                                   ;9;2596,14;288,46;288,46
32908;FR.       ;DETERGENTE ENZIMATICO 1000ML                                                              ;272;3400;12,5;12,5
32909;          ;COBERTURA P/PUNCAO VENOSA ANTI ALERGICA                                                   ;0;0;0;0,08
32910;GL.       ;(NEFRO)BARRILETE 10L                                                                      ;0;0;0;0
32911;GL.       ;(NEFRO)BARRILETE 20L                                                                      ;0;0;0;0
32913;UMA       ;TAMPINHA RESERVA P/ EXT.MULTIVIAS                                                         ;0;0;0;0,24
32914;UM        ;AGULHA DE BIOPSIA DE MIELOGRAMA 16GX60CM COM VARIACAO +/- 5CM.                            ;78;4853,16;62,22;62,22
32915;UM        ;AGULHA DE BIOPSIA P/EXAME DE MIELOGRAMA 15X50MM                                           ;0;0;0;49,52
32916;UM        ;AGULHA PARA BIOPSIA DE MEDULA OSSEA 08X40CM                                               ;0;0;0;66,42
32917;UM        ;CATETER INTRAVENOSO CENTRAL 22GA X 20CM AG.19GA (AZUL)                                    ;0;0;0;35
32918;UM        ;CATETER INTRAVENOSO CENTRAL 19GA X 30CM AG.17GA(VERDE)                                    ;0;0;0;35
32919;UM        ;AGULHA DESCARTAVEL (30 X 10.0)                                                            ;0;0;0;0,09
32920;UM        ;LAMINA DE BISTURI DESCARTAVEL N.15C                                                       ;0;0;0;0,15
32921;UM        ;SONDA PARA HISTEROSONOGRAFIA OU HISTEROSALPINGOGRAFIA                                     ;0;0;0;0,15
32922;UM        ;LAMINA DE BISTURI DESCARTAVEL N.13                                                        ;0;0;0;0,19
32923;UM        ;AVENTAL DESCARTAVEL LAMINADO 30G TAMANHO UNICO MANGA LONGA                                ;19330;60278,9;3,118411;3,13
32924;          ;FIO DE PROLENE POLIPRO N 10-2 AG RETA 1,6 30 CM                                           ;0;0;0;945
32925;          ;FIO PROLENE POLIPRO 10-2 AG 3/8 ESP 0,65 -30 CM                                           ;108;12123;112,25;112,25
32926;          ;PROTESES OCULARES                                                                         ;0;0;0;7200
32930;UM        ;PARAFUSO ABSOVIVEL PARA BUCO MAXILO 1.5MM 1,6MM 1,7MM (EXTRA SUS)                         ;0;0;0;1736
32931;UM        ;PARAFUSO ABSORVIVEL PARA BUCO MAXILO 1,7MM                                                ;0;0;0;1736
32932;UM        ;PARAFUSO ABSOVIVEL PARA BUCO MAXILO 2,0MM 2,2MM (EXTRA SUS)                               ;0;0;0;1805
32933;UM        ;FIO POLIESTER TRANCADO N.2 (EXTRA SUS)                                                    ;0;0;0;13,88
32934;UM        ;PARAFUSO INTERFERENCIA ABSORVIVEL (EXTRA SUS)                                             ;0;0;0;718,49
32935;UM        ;MACRO PLACA RETA 20F(MANDIBULAR)(05.047-4)                                                ;0;0;0;1150,04
32936;UM        ;ASPIRADOR DESCARTAVEL PARA QUADRIL (EXTRA SUS)                                            ;0;0;0;42,08
32937;          ;FIO DE ACO PARA CELAGEM                                                                   ;0;0;0;24,5
32938;          ;PLACA SUSTENTACAO TIBIAL DIREIRA 4F                                                       ;0;0;0;2619,04
32939;          ;PLACA SUSTENTACAO BLOQUEADA TIBIAL ESQUERDA 4F                                            ;0;0;0;2619,04
32940;RL.       ;EMBALAGEM TYVEK - ROLO 350 LT/SR                                                          ;0;0;0;985
32941;UM        ;INDICADOR BIOLOGICO AUTOCONTIDO PEROXIDO DE HIDROGENIO.                                   ;0;0;0;57,91
32942;RL.       ;FITA PARA AUTOCLAVE A PEROXIDO                                                            ;0;0;0;6625
32943;FR.       ;(MICRO)PEROXIDO HIDROGENIO 150ML A 250ML LT/SR                                            ;0;0;0;1662
32944;RL.       ;EMBALAGEM TYVEK - ROLO DE 100 LT/SR                                                       ;0;0;0;188,45
32945;RL.       ;EMBALAGEM TYVEK - ROLO 150 LT/SR                                                          ;0;0;0;307,97
32946;RL.       ;EMBALAGEM TYVEK - ROLO 200 LT/SR                                                          ;0;0;0;374,79
32947;RL.       ;EMBALAGEM TYVEK - ROLO 250 LT/SR                                                          ;0;0;0;440,62
32949;UM        ;ELETRODO PRE CORDIAL C/ BULBO ADULTO TIPO PERA PARA ECG                                   ;0;0;0;18,35
32950;UM        ;ELETRODO PRE CORDIAL C/ BULBO INFANTIL TIPO PERA PARA ECG                                 ;301;24604;81,740863;16,9
32951;UM        ;SISTEMA ACESSO VAS.TITANIO INF.7FR CAT.SIL.RAD.6.6FR SIST.COONEXAO SHIELD,KIT INTR,SERINGA;0;0;0;881
32952;UM        ;SISTEMA ACESSO VAS. TITANIO INF. C/CAT SIL. RAD 7.5F SISTEMACONEXAO SHIELD , KIT INTR . 08;0;0;0;1200
32953;UM        ;SONDA GASTRICA (NASOGASTRICA) N.05 CURTA.                                                 ;0;0;0;13
32954;UM        ;DISPOSITIVO PARA PUNCAO E INFUSAO DE QUIMIO EM CAMARA                                     ;0;0;0;0
32977;UM        ;(COLOS) ALTERNA SISTEMA DE IRRIGACAO REF 12830 60MM (COLOPLAST)                           ;4;2479,88;619,97;619,97
32980;UM        ;TUBO RESERVATORIO DE OXIGENIO P/AMBU ADULTO                                               ;0;0;0;31,48
32981;UM        ;COLAR CERVICAL RIGIDO G                                                                   ;354;5310;15;15
32983;UM        ;(NEFRO)KIT CDL 12,5FR X 32CM TIPO PERMICATH, LONGA PERMANENCIA                            ;0;0;0;1119,35
32984;UM        ;SONDA DE SILICONE N 8 2 VIAS                                                              ;0;0;0;0
54274;UM        ;GRAMPEADOR DESCARTAVEL P/ PELE C/ 35 GRAMPOS 10MM ALTURA 3,5MM                            ;0;0;0;201,38
77949;UM        ;(NEFRO)KIT DE AFERESE(CIRCUITO DESCARTAVEL P.PLASMAFERESE TERAPEUTICA-TROCA PLASM·TICA- SI;0;0;0;900
78689;UM        ;(COLOS) PLACA P/ BOLSA DE ESTOMIA (14606) COM FLANGE FLOTOANTE 102MM HOLLISTER.           ;100;11880;118,8;118,8
78690;GL.       ;ALCOOL GEL 5000ML                                                                         ;0;0;0;6,49
78691;UM        ;COLAR CERVICAL RIGIDO M                                                                   ;93;1087,51;11,693655;11,23
78692;UM        ;COLAR CERVICAL RIGIDO P                                                                   ;58;689,5;11,887931;11,5
78697;UM        ;AGULHA DESCARTAVEL (1,60 X 40MM)                                                          ;0;0;0;0,21
78698;UM        ;COLETOR DE URINA INFANTIL UNISSEX                                                         ;57;42,4;0,743859;0,8
78699;UM        ;CAGE TORACO LOMBAR RETO PEEKPLAN 11,0MM (05.115-6)                                        ;0;0;0;1356,21
78706;UM        ;KIT (PARENQUIMAL) P/MONITORIZACAO DE PRESSAO INTRACRANIANA                                ;0;0;0;635,53
78708;UM        ;(NEURO)CAMPO CIRURGICO IODOFORADO 44CM X 35CM (AREA INCISIONAL 34CM X 35CM)               ;0;0;0;143
78709;UM        ;(NEURO)CAMPO CIRURGICO DESCARTAVEL (OPSITE OU SIMILAR)55CM X45CM.                         ;0;0;0;200
78712;UM        ;MACRO PLACA RETA PONTE 10MM 4F(MANDIBULAR)(05.047-4)                                      ;0;0;0;1150,04
78713;UM        ;PARAFUSO CORTICAL 3,5MM (EXTRA SUS)                                                       ;0;0;0;49,13
78714;UM        ;(BUCOMAXILO)PARAF.CORTICAL 2,7 (TODOS OS TAMANHOS)                                        ;0;0;0;49,13
78715;UM        ;PLACA FEMUR DISTAL BLOQUEADA/PLACA LISS (EXTRA SUS)                                       ;0;0;0;4360,72
78717;UM        ;CENTRALIZADOR PARA COMPONENTE FEMORAL CIMENTADO MODULAR     ( 03.007-4 )                  ;0;0;0;208,88
78718;UM        ;PARAFUSO AUTO ROSQUEAVEL 2,7MM - BLOQUEADO (EXTRA SUS)                                    ;0;0;0;295,92
78719;UM        ;PLACA FEMUR DISTAL BLOQUEADA/PLACA LISS (EXTRA SUS)                                       ;0;0;0;7490,73
78720;UM        ;FIOS MALEAVEIS DE CERCLAGEM DE TITANIO PARA COLUNA, METAFISE E DIAFISE ( 05.019-9 )       ;0;0;0;139
78721;UM        ;GANCHO LAMINAR INFERIOR DE DISTRACAO SITEMA HARRINGTON       ( 05.022-9 )                 ;0;0;0;437,18
78722;UM        ;GANCHO LAMINAR SUPERIOR DE DISTRACAO SISTEMA HARRINGTON      ( 05.023-7 )                 ;0;0;0;661,9
78723;UM        ;GANCHO LAMINAR DE COMPRESSAO SISTEMA HARRINGTON ( 05.024-5 )                              ;0;0;0;661,9
78724;UM        ;HASTE DE COMPRESSAO SISTEMA HARRINGTON ( 05.030-0 )                                       ;0;0;0;700
78725;UM        ;HASTE LISA TIPO LUQUE ( 05.032-6 )                                                        ;0;0;0;700
78726;UM        ;PARAFUSOS CANULADO AUTO ROSCANTE PARA FIXACAO DE ODONTOIDE DE TITANIO ( 03.078-3 )        ;0;0;0;672
78727;UM        ;DISPOSITIVO DE BLOQUEIO ( 05.014-8 )                                                      ;0;0;0;461
78728;UM        ;ORTESE / CINTA LSO TIPO PUTTI (BAIXA) ( 02.001-6 )                                        ;0;0;0;176,94
78729;UM        ;ORTESE / CINTA LSO TIPO PUTTI (ALTO) ( 02.002-4 )                                         ;0;0;0;155,11
78730;UM        ;ORTESE CRUROMALEOLAR P/ LIMITACAO DOS MOVIMENTOS DO JOELHO   ( 02.007-5 )                 ;0;0;0;129,99
78732;UM        ;ORTESE SUROPODALICA METALICA (ADULTO) ( 02.024-5 )                                        ;0;0;0;180,59
78737;UM        ;(ESPEC)CANULA DE HIDRODISSECCAO DESCARTAVEL                                               ;0;0;0;33,78
78750;UM        ;LENTES INTRA OCULAR NR 19.5-RAYNER                                                        ;0;0;0;235
78751;UM        ;LENTES INTRA OCULAR NR 20.0-RAYNER                                                        ;0;0;0;235
78752;UM        ;LENTES INTRA OCULAR NR 20.5-RAYNER                                                        ;0;0;0;235
78753;UM        ;LENTES INTRA OCULAR NR 21.5-RAYNER                                                        ;0;0;0;235
78754;UM        ;LENTES INTRA OCULAR NR 22.0-RAYNER                                                        ;0;0;0;235
78755;UM        ;LENTES INTRA OCULAR NR 22.5-RAYNER                                                        ;0;0;0;235
78756;UM        ;LENTES INTRA OCULAR NR 23.0-RAYNER                                                        ;0;0;0;235
78757;UM        ;LENTES INTRA OCULAR NR 23.5-RAYNER                                                        ;0;0;0;235
78758;UM        ;LENTES INTRA OCULAR NR 24.0-RAYNER                                                        ;0;0;0;235
78759;UM        ;LENTES INTRA OCULAR NR 24.5-RAYNER                                                        ;0;0;0;235
78760;UM        ;LENTES INTRA OCULAR NR 27.0-RAYNER                                                        ;0;0;0;235
78762;UM        ;TUBO EXTENSOR PEQ./CURTO                                                                  ;0;0;0;28,66
78780;UM        ;(CARDIO) SISTEMA DE ENTREGA DE ELETRODO PARA SEIO CORONARIO SELECTRS SCCESSORY            ;1;975;975;975
78782;UM        ;(CARDIO) ELETRODO ENDOCARDIO DE FIXACAO ATIVA (BIOTRONIK)                                 ;0;0;0;975
78783;UM        ;(CARDIO)ELETODO IMPLANTAVEL DE SEIO CORONARIOPROMRI SENTUS  OTWBPL-85                     ;0;0;0;535,54
78784;UM        ;ELETRODO SD 65/16-PLEXA PROMI                                                             ;0;0;0;3890,85
78786;UM        ;(CARDIO) SISTEMA DE ENTREGA DE ELETRODO PARA SEIO CORONARIO SELECTRA IC-90-59             ;0;0;0;695,88
78787;UM        ;(CARDIO)INTRODUTOR PARA ELETRODO (LI-06 PLUS-G)                                           ;33;4157,67;125,99;125,99
78790;UM        ;CANULA ART.PT CURVA 45∞ N.18                                                              ;0;0;0;367,87
78796;UM        ;ENXERTO VASCULAR 28/30 - RETO                                                             ;0;0;0;3597,65
78805;UM        ;(CARDIO) CANULA ARTERIL ARAMADA PONTA CURVA 45 22FR                                       ;0;0;0;367,87
78806;UM        ;(CARDIO)CANULA ARTERIAL ARAMADA PONTA CURVA 45 20FR                                       ;0;0;0;367,87
78808;UM        ;GERADOR MARCA PASSO VVI                                                                   ;0;0;0;8600
78811;UM        ;(CARDIO)FIO GUIA CORONARIO GALEO PRO 190 F,36MX190CM                                      ;0;0;0;150
78815;CX.       ;CLIP HEMOSTATICO (CX. 6 UNID.)                                                            ;0;0;0;46,68
78817;UM        ;(CARDIO) CANULA PARA CARDIOPLEGIA ANTEROGRADA                                             ;0;0;0;663,28
78822;UM        ;AGULHA PARA BIOPSIA DE MEDULA OSSEA 16X07CM                                               ;0;0;0;30,18
78828;UM        ;(NEURO)TUBO ENDOTRAQUEAL ARAMADO TAM. 5                                                   ;0;0;0;34,5
78829;UM        ;(NEURO)TUBO ENDOTRAQUEAL ARAMADO TAM. 6                                                   ;0;0;0;34,5
78831;UM        ;(NEURO)TUBO ENDOTRAQUEAL ARAMADO TAM. 7.5                                                 ;0;0;0;24,57
78832;UM        ;(NEURO)TUBO ENDOTRAQUEAL ARAMADO TAM. 8,00MM                                              ;0;0;0;24,57
78847;ENV.      ;FIO POLIESTER N.1, 75CM, AG 36,4MM 1/2 TRIANG, ORTO                                       ;0;0;0;7,04
78849;UM        ;(OFTAL) BISTURI OFTALMOLOGICO DESCARTAVEL                                                 ;0;0;0;14,3
78851;ENV.      ;FIO CATGUT CROMADO N.0 AG.3,0CM 3/8 CIRCULAR ESTRIADA,COM.75CM.                           ;0;0;0;73,27
78852;ENV.      ;FIO CATGUT CROMADO N.2-0 AG.3,0CM 3/8 CIRCULAR ESTRIADA,COMP75 CM                         ;0;0;0;67,3
78853;UM        ;SONDA P/ALIMENTACAO ENTERAL 20FR (POLIURETANO)                                            ;0;0;0;0,1
78854;UM        ;AGULHA P ANESTESIA EPIDURAL PEDIAT 22 X 3 1/2                                             ;0;0;0;4,41
78886;FR.       ;(PATOL) ACIDO ACETICO GLACIAL P.A 1 LITRO                                                 ;0;0;0;29,64
78887;UM        ;EXTENSOR DE BOMBA DE INFUSAO (INFANTIL)120CM                                              ;0;0;0;2,17
78889;UM        ;FIO POLIPROPILENO N.8-0 AG.0,8CM 3/8 CIRCULAR 2AG 45CM                                    ;3132;150617,88;48,09;48,09
78890;UM        ;EMBOSHIELD NA V6 5.0 PQ 190                                                               ;0;0;0;4600
78891;FR.       ;FORMOL LIQUIDO 10% DE 5000ML                                                              ;0;0;0;24,33
78892;FR.       ;(COLOS)BOLSA P/ ESTOMIA URINARIA (18923) SIT. DUAS PECAS COM ARO DE 57MM SITEMA ANTIREFLUX;0;0;0;68,75
78893;UM        ;CLIP TITANIO P/ PARAR COLESCISTECTOMIA LT 300 6 CLIPS 5,5 MM X 8,7 MM                     ;379;7959;21;21
78894;UM        ;(ESPEC)CATETER PARA ANGIOGRAFIA, CURVA AL4, NYLON 5F X 100CM. PONTA RADIOPACA E ATRAUMATIC;0;0;0;76,25
78895;          ;(ESPEC.)CATETER BALAO P/ ANGIO CORONARIA BAIXA COMPL, 4X12 MM                             ;0;0;0;443,6
78896;UM        ;(URO)KIT PARA INCONTINENCIA URNINARIA FEMININA                                            ;0;0;0;130,17
78897;UM        ;(ESPEC)STENT FARMACOLOGICO XIENCE SPEDITION SV 2.0X12                                     ;0;0;0;1485,19
78898;UM        ;(ESPEC)CATETER GUIA P/ANGIOPLASTIA CORONARIA CURVA FR4 6F 100 A 120CM. ORIFICIO LATERAL (S;0;0;0;130,17
78899;UM        ;(ESPEC)CATETER GUIA P/ANGIOPLASTIA CORONARIA CURVA IM (INTERNAL MAMMARY) 6F 100 A 120CM   ;0;0;0;150
78900;UM        ;(CARDIO)ANEL PARA ANULOPLASTIA VALVAR RIGIDO 36MM                                         ;0;0;0;120
78901;UM        ;(ESPEC)CATETER BALAO P/ ANGIOPLASTIA CORONARIA 1,2MM X 15MM. BAIXO PERFIL                 ;0;0;0;449,67
78902;UM        ;(ESPEC)CATETER BALAO P/ ANGIOPLASTIA CORONARIA 1,5MM X 12MM. BAIXO PERFIL                 ;0;0;0;449,67
78903;UM        ;(ESPEC)FG EMERGE MR, OUS 2.00MM X 20MM                                                    ;0;0;0;375
78904;UM        ;(ESPEC)FG EMERGE OTW, OUS 2.00MM X 20MM                                                   ;0;0;0;429,5
78905;UM        ;(ESPEC.)12X4.50-CAT DILAT PTCA QUANTUM APEX MON                                           ;0;0;0;443,6
78906;UM        ;(HEMO) CATETER BALAO P/ANGIOPLASTIA CORONARIA 4.50 X 15MM  DE BAIXA COMPLACENCIA (PARA POS;0;0;0;204
78907;          ;STENT FARM.XIENCE EXPEDITION SV 2.0X18                                                    ;0;0;0;1485,19
78908;          ;STENT FARMACOLOGICO XIENCE XPEDITION 2.5X18                                               ;0;0;0;1485,19
78909;          ;STENT FARMACOLOGICO XIENCE XPEDITION 2.5X23                                               ;0;0;0;1485,19
78910;          ;STENT FARM.XIENCE EXPEDITION SV 2.25X28                                                   ;0;0;0;0
78911;          ;STENT FARMACOLOGICO XIENCE XPEDITION 3.0X23                                               ;0;0;0;1485,19
78912;          ;STENT FARMACOLOGICO XIENCE XPEDITION 3.0X38                                               ;0;0;0;1485,19
78913;          ;STENT FARMACOLOGICO XIENCE XPEDITION 3.25X28                                              ;0;0;0;1485,19
78914;          ;STENT FARMACOLOGICO XIENCE XPEDITION 3.25X28                                              ;0;0;0;0
78915;          ;STENT FARMACOLOGICO XIENCE XPEDITION LL 3.5X33                                            ;0;0;0;1485,19
78916;          ;STENT FARMACOLOGICO XIENCE XPEDITION LL 3.5X38                                            ;0;0;0;1485,19
78917;          ;STENT FARMACOLOGICO XIENCE XPEDITION LL 4.0X38                                            ;0;0;0;1485,19
78918;          ;MICROGUIA TRANSEND 0,014 EX STANDARD                                                      ;0;0;0;821,7
78919;          ; MICROGUIA TRANSEND 0,014 EX SOFT TIP                                                     ;0;0;0;821,7
78920;          ;MICROGUIA TRANSEND 0,014 EX FLOPPY                                                        ;0;0;0;821,7
78921;          ;MICROGUIA TRANSEND 0,014 EX PLATINUM                                                      ;0;0;0;821,7
78922;          ;MICROGUIA TRANSEND 0,010                                                                  ;0;0;0;821,7
78923;          ;STENT FARM.XIENCE EXPEDITION 2.5X28                                                       ;0;0;0;1485,19
78924;          ;STENT FARMACOLOGICO XIENCE XPEDITION 3.5X28                                               ;0;0;0;1485,19
78925;UM        ;(ESPEC)STENT AUTO EXPANSIVEL REVESTIDO 06X080MM 130CM                                     ;0;0;0;18000
78926;          ;(ESPEC.) ENDOPROTESE SOLARIS 08X060MM 130CM SCITEC                                        ;0;0;0;10200
78927;UM        ;(ESPEC)STENT AUTO EXPANSIVEL REVESTIDO 08X080MM 130CM                                     ;0;0;0;10200
78928;UM        ;(ESPEC)VALVULA HEMOSTATICA EM Y ACESSPLUS 9F                                              ;0;0;0;50,98
78929;UM        ;(ESPEC.)STENT AUTO EXPANSIVEL BALAO 5 A 10MM DIAM X 12 A 57MM EXT. X 130 A 135CM COMP.    ;5;16000;3200;3200
78930;          ;STENT ESPANCIVEL POR BALAO PERIFERICO                                                     ;0;0;0;1850
78931;          ;INTRODUTOR FEMORAL 8F                                                                     ;0;0;0;93,74
78932;          ;INTRODUTOR PRELUDE 7F                                                                     ;0;0;0;104,79
78933;          ;MICROESFERA EMBULIZACAO                                                                   ;0;0;0;1751
78934;          ;FIO GUIA METALICO 35X260                                                                  ;0;0;0;471,38
78935;          ;BAINHA INTRODUTORA VASCULAR FEMORAL 11X5F                                                 ;0;0;0;104,79
78936;          ;BAINHA INTRODUTORA VASCULAR FEMORAL 11X5F                                                 ;0;0;0;104,79
78937;          ;BAINHA INTRODUTORA VASCULAR FEMORAL 11X5F                                                 ;0;0;0;104,79
78938;          ;BAINHA INTRODUTORA VASCULAR FEMORAL 11X5F                                                 ;0;0;0;104,79
78939;          ;BAINHA INTRODUTORA VASCULAR FEMORAL 11X5F                                                 ;0;0;0;104,79
78940;          ;BAINHA INTRODUTORA VASCULAR FEMORAL 11X5F                                                 ;0;0;0;104,79
78941;          ;BAINHA INTRODUTORA VASCULAR FEMORAL 11X5F                                                 ;0;0;0;104,79
100509;FR.       ;GEL PARA ELETROCARDIOGRAMA 1000LM OU 1KG                                                  ;188;1255,84;6,68;6,68
102585;UM        ;(NEFRO)CURATIVO PARA CATETER DE HEMODIALLISE 7 CMX 9 CM                                   ;1085;1833,65;1,69;1,69
102586;UM        ;(NEFRO)CURATIVO PARA CATETER DE HEMODIALLISE 9 CMX 12 CM                                  ;1895;3411;1,8;1,8
154236;UM        ;KIT INTRODUTOR HEMOSTATICO C/ TRAVA LUER LOCK                                             ;0;0;0;180
1000008;          ;PASTA PROFILATICA COM FLUOR 90G MENTA                                                     ;0;0;0;5,88
1000009;          ;IONOMERO DE VIDRO RESTAURACAO A3                                                          ;0;0;0;35,29
1000010;          ;GUIA P/ MEDICAO D FLUXO FRAC RESERVA                                                      ;0;0;0;2500
1000011;          ;KIT CATETER INTRA-AORTICO                                                                 ;0;0;0;2593,56
1000012;          ;GUIA P/ MEDICAO D FLUXO FRAC RESERVA                                                      ;0;0;0;2500
1000013;          ;GUIA P/ MEDICAO D FLUXO FRAC RESERVA                                                      ;0;0;0;2500
1000014;          ;GUIA P/ MEDICAO D FLUXO FRAC RESERVA                                                      ;0;0;0;2500
1000015;          ;GUIA P/ MEDICAO D FLUXO FRAC RESERVA                                                      ;0;0;0;2500
1000016;          ;GUIA P/ MEDICAO D FLUXO FRAC RESERVA                                                      ;0;0;0;2500
1000017;          ;GUIA P/ MEDICAO D FLUXO FRAC RESERVA                                                      ;0;0;0;2500
1000018;          ;GUIA P/ MEDICAO D FLUXO FRAC RESERVA                                                      ;0;0;0;2500
1000019;          ;GUIA P/ MEDICAO D FLUXO FRAC RESERVA                                                      ;0;0;0;2500
1000020;          ;GUIA P/ MEDICAO D FLUXO FRAC RESERVA                                                      ;0;0;0;2500
1000021;          ;KIT CATETER INTRA-AORTICO                                                                 ;0;0;0;2593,56
1000022;          ;KIT CATETER INTRA-AORTICO                                                                 ;0;0;0;2593,56
1000023;          ;KIT CATETER INTRA-AORTICO                                                                 ;0;0;0;2593,56
1000024;          ;KIT CATETER INTRA-AORTICO                                                                 ;0;0;0;2593,56
1000025;          ;KIT CATETER INTRA-AORTICO                                                                 ;0;0;0;2593,56
1000026;          ;KIT CATETER INTRA-AORTICO                                                                 ;0;0;0;2593,56
1000027;          ;KIT CATETER INTRA-AORTICO                                                                 ;0;0;0;2593,56
1000028;          ;KIT CATETER INTRA-AORTICO                                                                 ;0;0;0;2593,56
1000029;          ;KIT CATETER INTRA-AORTICO                                                                 ;0;0;0;2593,56
1000030;          ;KIT ELETRODO D MARCAPASSO TEMPORARIO                                                      ;0;0;0;478,27
1000031;          ;KIT ELETRODO D MARCAPASSO TEMPORARIO                                                      ;0;0;0;478,27
1000032;          ;KIT ELETRODO D MARCAPASSO TEMPORARIO                                                      ;0;0;0;478,27
1000033;          ;KIT ELETRODO D MARCAPASSO TEMPORARIO                                                      ;0;0;0;478,27
1000034;          ;KIT ELETRODO D MARCAPASSO TEMPORARIO                                                      ;0;0;0;478,27
1000035;          ;KIT ELETRODO D MARCAPASSO TEMPORARIO                                                      ;0;0;0;478,27
1000036;          ;KIT ELETRODO D MARCAPASSO TEMPORARIO                                                      ;0;0;0;478,27
1000037;          ;KIT ELETRODO D MARCAPASSO TEMPORARIO                                                      ;0;0;0;478,27
1000038;          ;KIT ELETRODO D MARCAPASSO TEMPORARIO                                                      ;0;0;0;478,27
1000039;          ;KIT ELETRODO D MARCAPASSO TEMPORARIO                                                      ;0;0;0;478,27
1000040;          ;KIT ELETRODO D MARCAPASSO TEMPORARIO                                                      ;0;0;0;478,27
1000041;          ;KIT ELETRODO D MARCAPASSO TEMPORARIO                                                      ;0;0;0;478,27
1000042;          ;KIT ELETRODO D MARCAPASSO TEMPORARIO                                                      ;0;0;0;478,27
1000043;          ;KIT ELETRODO D MARCAPASSO TEMPORARIO                                                      ;0;0;0;478,27
1000044;          ;KIT ELETRODO D MARCAPASSO TEMPORARIO                                                      ;0;0;0;478,27
1000045;          ;KIT ELETRODO D MARCAPASSO TEMPORARIO                                                      ;0;0;0;478,27
1000046;          ;KIT ELETRODO D MARCAPASSO TEMPORARIO                                                      ;0;0;0;478,27
1000047;          ;KIT ELETRODO D MARCAPASSO TEMPORARIO                                                      ;0;0;0;478,27
1000048;          ;KIT ELETRODO D MARCAPASSO TEMPORARIO                                                      ;0;0;0;478,27
1000049;          ;KIT ELETRODO D MARCAPASSO TEMPORARIO                                                      ;0;0;0;478,27
1000050;          ;KIT ELETRODO D MARCAPASSO TEMPORARIO                                                      ;0;0;0;478,27
1000051;          ;KIT ELETRODO D MARCAPASSO TEMPORARIO                                                      ;0;0;0;478,27
1000052;          ;KIT ELETRODO D MARCAPASSO TEMPORARIO                                                      ;0;0;0;478,27
1000053;          ;KIT ELETRODO D MARCAPASSO TEMPORARIO                                                      ;0;0;0;478,27
1000054;          ;KIT ELETRODO D MARCAPASSO TEMPORARIO                                                      ;0;0;0;478,27
1000055;          ;KIT ELETRODO D MARCAPASSO TEMPORARIO                                                      ;0;0;0;478,27
1000056;          ;KIT ELETRODO D MARCAPASSO TEMPORARIO                                                      ;0;0;0;478,27
1000057;          ;KIT ELETRODO D MARCAPASSO TEMPORARIO                                                      ;0;0;0;478,27
1000058;          ;KIT ELETRODO D MARCAPASSO TEMPORARIO                                                      ;0;0;0;478,27
1000059;          ;KIT ELETRODO D MARCAPASSO TEMPORARIO                                                      ;0;0;0;478,27
1000060;UM        ;(ESPEC.)12X4.00-CAT DILAT PTCA QUANTUM APEX MON                                           ;0;0;0;443,6
1000061;          ;CATETER TOMOGRAFIA P ANALISE IMAGEM INTRAVASCULAR                                         ;0;0;0;4900
1000062;          ;CATETER TOMOGRAFIA P ANALISE IMAGEM INTRAVASCULAR                                         ;0;0;0;4900
1000063;          ;CATETER TOMOGRAFIA P ANALISE IMAGEM INTRAVASCULAR                                         ;0;0;0;4900
1000064;          ;CATETER TOMOGRAFIA P ANALISE IMAGEM INTRAVASCULAR                                         ;0;0;0;4900
1000065;          ;CATETER TOMOGRAFIA P ANALISE IMAGEM INTRAVASCULAR                                         ;0;0;0;4900
1000066;          ;CATETER TOMOGRAFIA P ANALISE IMAGEM INTRAVASCULAR                                         ;0;0;0;4900
1000067;          ;CATETER TOMOGRAFIA P ANALISE IMAGEM INTRAVASCULAR                                         ;0;0;0;4900
1000068;          ;CATETER TOMOGRAFIA P ANALISE IMAGEM INTRAVASCULAR                                         ;0;0;0;4900
1000069;          ;CATETER TOMOGRAFIA P ANALISE IMAGEM INTRAVASCULAR                                         ;0;0;0;4900
1000070;          ;CATETER TOMOGRAFIA P ANALISE IMAGEM INTRAVASCULAR                                         ;0;0;0;4900
1000071;          ;CATETER GUIA (AR2 6F)                                                                     ;0;0;0;130,17
1000072;UM        ;(ESPEC)FG EMERGE MR, OUS 2.50MM X 20MM                                                    ;0;0;0;391,66
1000073;UM        ;15X3.50 CAT DILAT PTCA QUANTUM APEX MON                                                   ;0;0;0;443,6
1000074;UM        ;20X4.00 CAT DILAT PTCA QUANTUM APEX MON                                                   ;0;0;0;443,6
1000075;UM        ;BICO DE  SAIDA PARA O2.                                                                   ;0;0;0;485,85
1000076;UM        ;REBEL MONORAIL SIST DE STENT CROMO PLAT 2,5X24                                            ;0;0;0;944,44
1000077;UM        ;REBEL MONORAIL SIST DE STENT CROMO PLAT 2,5X28                                            ;0;0;0;1000
1000078;UM        ;(FL6)IMPULSE CATETER ANGIOGRAFICO                                                         ;0;0;0;69,44
1000080;UM        ;(ESPEC)(6F PIG 145)IMPULSE CATETER ANGIOGRAFICO                                           ;0;0;0;75
1000081;UM        ;CATETER ULTASSOM ECOGRAFICO OPTCROSS                                                      ;0;0;0;5433,33
1000083;UM        ;KIT GERADOR MARCAPASSO UNICAMERAL (VVI)                                                   ;0;0;0;3000
1000084;UM        ;GERADOR DE PULSO ELETRICO(DDD)(CARDIO)                                                    ;0;0;0;3500
1000085;UM        ;KIT GERADOR PULSO ELE. IMPLAN. CAMARA DUPLA MOD. DDD                                      ;0;0;0;5000
1000086;UM        ;KIT CARDIOVERSOS DESFIBRILADOR COM RESSINCRONIZADOR                                       ;0;0;0;35000
1000087;UM        ;LINHA DE SANGUE VENOSA EQUIPO P/ HEMODIALISE                                              ;0;0;0;6,07
1000088;UM        ; CATETER BALAO NC TREK RX 1.50X12MM BDC                                                   ;0;0;0;371,04
1000089;UM        ; CATETER BALAO NC TREK RX 1.50X15MM BDC                                                   ;0;0;0;371,04
1000090;UM        ; CATETER BALAO NC TREK RX 2.00X20MM BDC                                                   ;0;0;0;371,04
1000091;UM        ; CATETER BALAO NC TREK RX 2.25X12MM BDC                                                   ;0;0;0;371,04
1000092;UM        ; CATETER BALAO NC TREK RX 2.25X15MM BDC                                                   ;0;0;0;371,04
1000093;UM        ; CATETER BALAO NC TREK RX 2.25X20MM BDC                                                   ;0;0;0;371,04
1000094;UM        ; CATETER BALAO NC TREK RX 2.50X08MM BDC                                                   ;0;0;0;371,04
1000095;UM        ; CATETER BALAO NC TREK RX 2.50X15MM BDC                                                   ;0;0;0;371,04
1000096;UM        ; CATETER BALAO NC TREK RX 2.50X20MM BDC                                                   ;0;0;0;371,04
1000097;UM        ; CATETER BALAO NC TREK RX 2.75X08MM BDC                                                   ;0;0;0;371,04
1000098;UM        ; CATETER BALAO NC TREK RX 2.75X12MM BDC                                                   ;0;0;0;371,04
1000099;UM        ; CATETER BALAO NC TREK RX 2.75X15MM BDC                                                   ;0;0;0;371,04
1000100;UM        ; CATETER BALAO NC TREK RX 3.00X08MM BDC                                                   ;0;0;0;371,04
1000101;UM        ; CATETER BALAO NC TREK RX 3.00X15MM BDC                                                   ;0;0;0;371,04
1000102;UM        ; CATETER BALAO NC TREK RX 3.25X08MM BDC                                                   ;0;0;0;371,04
1000103;UM        ; CATETER BALAO NC TREK RX 3.25X12MM BDC                                                   ;0;0;0;371,04
1000104;UM        ;CATETER BALAO NC TREK RX 3.25X15MM BDC                                                    ;0;0;0;371,04
1000105;UM        ; CATETER BALAO NC TREK RX 3.50X08MM BDC                                                   ;0;0;0;371,04
1000106;UM        ; CATETER BALAO NC TREK RX 3.50X12MM BDC                                                   ;0;0;0;371,04
1000107;UM        ; CATETER BALAO NC TREK RX 3.50X15MM BDC                                                   ;0;0;0;371,04
1000108;UM        ; CATETER BALAO NC TREK RX 3.75X08MM BDC                                                   ;0;0;0;371,04
1000109;UM        ; CATETER BALAO NC TREK RX 3.75X12MM BDC                                                   ;0;0;0;371,04
1000110;UM        ; CATETER BALAO NC TREK RX 3.75X15MM BDC                                                   ;0;0;0;371,04
1000111;UM        ; CATETER BALAO NC TREK RX 4.00X08MM BDC                                                   ;0;0;0;371,04
1000112;UM        ; CATETER BALAO NC TREK RX 4.00X12MM BDC                                                   ;0;0;0;371,04
1000113;UM        ; CATETER BALAO NC TREK RX 4.00X15MM BDC                                                   ;0;0;0;371,04
1000114;UM        ; CATETER BALAO NC TREK RX 5.00X12MM BDC                                                   ;0;0;0;371,04
1000115;UM        ;CATETER DIAGNOSTICO ANGIOGRAFICO PERFORMA JL 3.5 6F 100CM BR                              ;0;0;0;79,03
1000116;UM        ;CATETER DIAGNOSTICO ANGIOGRAFICO PERFORMA JL 4.0 6F 100CM BR                              ;0;0;0;79,82
1000117;UM        ;CATETER DIAGNOSTICO ANGIOGRAFICO PERFORMA JR 4.0 6F 100CM BR                              ;0;0;0;79,82
1000118;UM        ;CATETER DIAGNOSTICO ANGIOGRAFICO PERFORMA JL 3.5 5F 100CM BR                              ;0;0;0;79,03
1000119;UM        ;CATETER DIAGNOSTICO ANGIOGRAFICO PERFORMA JL 4.0 5F 100CM BR                              ;0;0;0;79,03
1000120;UM        ;CATETER DIAGNOSTICO ANGIOGRAFICO PERFORMA JR 3.5 5F 100CM BR                              ;0;0;0;79,82
1000121;UM        ;CATETER DIAGNOSTICO ANGIOGRAFICO PERFORMA JR 4.0 5F 100CM BR                              ;0;0;0;79,03
1000122;UM        ;LACO DE CAPTURA CATETER ENDOVASCULAS EN SNARE MINI 120CM DIAMETRO 12X20MM                 ;0;0;0;1658,33
1000123;UM        ;INTRODUTOR CATETER COM E SEM VALVULA 7X55CM (G11633)                                      ;0;0;0;2100
1000124;UM        ;FIO GUIA HIDROFILICO ANG. 035X260CM (H502-3526A)                                          ;0;0;0;476
1000125;UM        ;(ESPEC)FIO GUIA METALICO TEFLONADO AMPLATZ 035X260                                        ;0;0;0;756,3
1000126;UM        ;CATETER BALAO P DILATACAO ADVANCE 5.0X80MM                                                ;0;0;0;3200
1000127;UM        ;STENT PERIFERICO 10X60X120                                                                ;0;0;0;2034,5
1000128;UM        ;STENT PERIFERICO 10X80X120                                                                ;0;0;0;2034,5
1000129;UM        ;CATETER BALAO ADMIRAL 035 8X60X130                                                        ;0;0;0;499,14
1000130;UM        ;REBEL MONORAIL SIST DE STENT CROMO PLAT 3.0X28                                            ;0;0;0;1000
1000131;UM        ;(ESPEC)(5F AL1) IMPULSE CAT ANGIOGRAFICO                                                  ;0;0;0;55
1000132;UM        ;(ESPEC)FG EMERGE MR, OUS 2.00MM X 12MM                                                    ;0;0;0;342
1000133;UM        ;REBEL MONORAIL SIST DE STENT CROMO PLAT 2,75X32                                           ;0;0;0;1000
1000134;UM        ;REBEL MONORAIL SIST DE STENT CROMO PLAT 3,5X08                                            ;0;0;0;1000
1000135;UM        ;EMERGE CATETER DILATACAO PTCA MONORAIL 2,00X15                                            ;0;0;0;391,66
1000137;UM        ;CATETER LIFE CATH PLY 4FR                                                                 ;0;0;0;485,85
1000138;UM        ;PICC VYGON 60CM - 5FR PUR                                                                 ;0;0;0;485,85
1000139;PCT.      ;(NEURO)CATETER VENOSO CENTRAL DE INSERCAO PERIFERICA PICC                                 ;0;0;0;485,85
1000140;UM        ;CATETER BALAO ANGIOPLASTIA PTCA QUANTUM APEX MON 12X4.50MM                                ;0;0;0;429,5
1000141;UM        ;CONJUNTO INTRODUTOR VASCULAR CURTO FEMORAL 11CM 9FR                                       ;0;0;0;149,95
1000142;UM        ;CONJUNTO INTRODUTOR VASCULAR CURTO FEMORAL 11CM 10FR                                      ;0;0;0;173
1000143;UM        ;ESCOVA LIMPEZA INSTRUMENTAIS CANULADOS 80CM X 5MM X 25MM                                  ;50;1297,5;25,95;25,95
1000146;ESC       ;ESCOVA LIMPEZA INSTRUMENTAIS CANULADOS 80CM X 4MM X 25MM                                  ;54;1353,24;25,06;25,06
1000149;UM        ;FIO VICRYL-RAPID-5-0 AG.11MM 3/8-45CM-P-1                                                 ;0;0;0;41,16
1000150;UM        ;FIO POLIGLACTINA *RAPID* 5-0 AG. 13MM 3/8 - 45CM                                          ;624;13715,52;21,98;21,98
1000151;UM        ;FIO VICRYL-RAPID-6-0 AG.11MM 3/8-45CM-P-1                                                 ;0;0;0;31,93
1000152;UM        ;FIO VICRYL-RAPID-4-0 AG.19MM 3/8-45CM-PS2C                                                ;0;0;0;39,47
1000161;UM        ;MACACAO ESPECIAL SALA LIMPA TAM P                                                         ;977;79137;81;81
1000162;UM        ;MACACAO ESPECIAL SALA LIMPA TAM M                                                         ;0;0;0;81
1000163;UM        ;MACACAO ESPECIAL SALA LIMPA TAM G                                                         ;0;0;0;81
1000164;UM        ;MACACAO ESPECIAL SALA LIMPA TAM GG                                                        ;0;0;0;31,68
1000169;UM        ;HASTE FEMORAL MICRO POROS PS-SC - CONE 12/14 12MM(03.021-0)                               ;0;0;0;1694,93
1000170;UM        ;HASTE FEMORAL MICRO POROS PS-SC - CONE 12/14 13MM (03.021-0)                              ;0;0;0;1694,93
1000171;UM        ;HASTE FEMORAL MICRO POROS PS-SC - CONE 12/14 14MM(03.021-0)                               ;0;0;0;1694,93
1000172;UM        ;HASTE FEMORAL MICRO POROS PS-SC - CONE 12/14 15MM (03.021-0)                              ;0;0;0;1694,93
1000173;UM        ;HASTE FEMORAL MICRO POROS PS-SC - CONE 12/14 16MM (03.021-0)                              ;0;0;0;1694,93
1000174;UM        ;HASTE FEMORAL MICRO POROS PS-SC - CONE12/14 17MM (03.021-0)                               ;0;0;0;1694,93
1000175;UM        ;PROTESE FEMORAL CIMENTADA 37,5 - CONE 12/14 0MM (03.016-3)                                ;0;0;0;97,65
1000176;UM        ;PROTESE FEMORAL CIMENTADA 37,5 - CONE 12/14 01MM (03.016-3)                               ;0;0;0;861,84
1000177;UM        ;PROTESE FEMORAL CIMENTADA 37,5 - CONE 12/14 02MM (03.016-3)                               ;0;0;0;882
1000178;UM        ;PROTESE FEMORAL CIMENTADA 37,5 - CONE 12/14 03MM (03.016-3)                               ;0;0;0;882
1000180;UM        ;PROTESE FEMORAL CIMENTADA 44,0 - CONE 12/14 01MM (03.016-3)                               ;0;0;0;861,84
1000181;UM        ;PROTESE FEMORAL CIMENTADA 44,0 - CONE 12/14 02MM (03.016-3)                               ;0;0;0;861,84
1000182;UM        ;PROTESE FEMORAL CIMENTADA 44,0 - CONE 12/14 03MM (03.016-3)                               ;0;0;0;861,84
1000183;UM        ;PROTESE FEMORAL CIMENTADA 44,0 - CONE 12/14 04MM (03.016-3)                               ;0;0;0;882
1000184;UM        ;CALOTA ACETABULAR NAO CIMENTADA METALICA 28X44 (03.010-4)                                 ;0;0;0;861,84
1000185;UM        ;CALOTA ACETABULAR N„O CIMENTADA METALICA 28X46 (03.010-4)                                 ;0;0;0;311,27
1000186;UM        ;CALOTA ACETABULAR NAO CIMENTADA METALICA 28X48 (03.010-4)                                 ;0;0;0;311,27
1000189;UM        ;CALOTA ACETABULAR NAO CIMENTADA METALICA 28X54 (03.010-4)                                 ;1;1027,07;1027,07;1027,07
1000190;UM        ;CALOTA ACETABULAR NAO CIMENTADA 28X56 (03.010-4)                                          ;0;0;0;311,27
1000191;UM        ;CALOTA ACETABULAR NAO CIMENTADA METALICA 28X58 (03.010-4)                                 ;0;0;0;1027,07
1000193;UM        ;CALOTA ACETABULAR NAO CIMENTADA METALICA 28X62 (03.010-4)                                 ;0;0;0;1027,07
1000194;UM        ;CALOTA ACETABULAR NAO CIMENTADA METALICA 28X64 (03.010-4)                                 ;0;0;0;1027,07
1000195;UM        ;CALOTA ACETABULAR NAO CIMENTADO METALICO D44MM (03.010-4)                                 ;0;0;0;311,27
1000197;UM        ;LINER/INSERTO PARA ACETABULO NAO CIMENTADO 28X46 (03.059-7)                               ;0;0;0;372,71
1000198;UM        ;LINER/INSERTO PARA ACETABULO NAO CIMENTADO 28X48 (03.059-7)                               ;0;0;0;311,27
1000200;UM        ;LINER/INSERTO PARA ACETABULO NAO CIMENTADO 28X52 (03.059-7)                               ;0;0;0;264,48
1000201;UM        ;LINER/INSERTO PARA ACETABULO N„O CIMENTADO 28X56 (03.059-7)                               ;0;0;0;264,48
1000202;UM        ;LINER/INSERTO PARA ACETABULO N„O CIMENTADO 28X58(03.059-7)                                ;0;0;0;264,48
1000205;UM        ;LINER/INSERTO PARA ACETABULO N„O CIMENTADO 28X64 (03.059-7)                               ;0;0;0;372,71
1000209;UM        ;LINER/INSERTO ACETABULAR 28X52 (03.059-7)                                                 ;0;0;0;311,27
1000210;UM        ;LINER/INSERTO ACETABULAR 28X54 (03.059-7)                                                 ;0;0;0;311,27
1000211;UM        ;LINER/INSERTO ACETABULAR 28X56 (03.059-7)                                                 ;0;0;0;311,27
1000214;UM        ;LINER/INSERTO ACETABULAR 28X62 (03.059-7)                                                 ;0;0;0;372,71
1000215;UM        ;LINER/INSERTO ACETABULAR 32X52 (03.059-7)                                                 ;0;0;0;1349,43
1000216;UM        ;LINER/INSERTO ACETABULAR 32X58 (03.059-7)                                                 ;0;0;0;372,71
1000217;UM        ;LINER/INSERTO ACETABULAR 32X60 (03.059-7)                                                 ;0;0;0;372,71
1000222;UM        ;ACETABULO BIPOLAR COM TRAVA 28X46 (03.012-0)                                              ;0;0;0;0
1000240;UM        ;ACETABULO CIMENTADO CONSTRICTO MU-STD 28X44 (03.009-0)                                    ;0;0;0;902,16
1000243;UM        ;ACETABULO CIMENTADO CONSTRICTO MU-STD 28X50(03.009-0)                                     ;0;0;0;311,27
1000244;UM        ;ACETABULO CIMENTADO CONSTRICTO MU-STD 28X52 (03.009-0)                                    ;0;0;0;95,91
1000245;UM        ;ACETABULO CIMENTADO CONSTRICTO MU-STD 28X54 (03.009-0)                                    ;0;0;0;264,48
1000248;UM        ;RESTRITOR ACETABULAR 15MM (03.125-9)                                                      ;0;0;0;28,8
1000249;UM        ;RESTRITOR ACETABULAR 18MM (03.125-9)                                                      ;0;0;0;28,8
1000250;UM        ;RESTRITOR PARA CIMENTO 21MM (03.125-9)                                                    ;0;0;0;28,8
1000251;UM        ;RESTRITOR PARA CIMENTO 24MM (03.125-9)                                                    ;0;0;0;28,8
1000252;UM        ;PARAFUSO ACETABULAR ESPONJOSO 6,5X15 (03.076-7)                                           ;0;0;0;95,91
1000253;UM        ;PARAFUSO ACETABULAR ESPONJOSO 6,5X20 (03.076-7)                                           ;22;609,62;27,71;27,71
1000255;UM        ;PARAFUSO ACETABULAR ESPONJOSO 6,5X30 (03.076-7)                                           ;0;0;0;64,58
1000256;UM        ;PARAFUSO ACETABULAR ESPONJOSO 6,5X35 (03.076-7)                                           ;0;0;0;64,58
1000257;UM        ;PARAFUSO ACETABULAR ESPONJOSO 6,5X40 (03.076-7)                                           ;0;0;0;95,91
1000261;UM        ;CABEÁA FEMORAL 28MM -4MM (03.013-9)                                                       ;1;453,43;453,43;453,43
1000264;UM        ;CABEÁA FEMORAL 28MM +3MM (03.013-9)                                                       ;0;0;0;396,28
1000265;UM        ;CABEÁA FEMORAL 28MM +4MM (03.013-9)                                                       ;1;451,53;451,53;451,53
1000267;UM        ;CABEÁA FEMORAL 32MM STD (03.013-9)                                                        ;0;0;0;396,28
1000268;UM        ;CABEÁA FEMORAL 32MM -2MM (03.013-9)                                                       ;0;0;0;0,36
1000269;UM        ;CABEÁA FEMORAL 32MM -4MM (03.013-9)                                                       ;0;0;0;463,34
1000270;UM        ;CABEÁA FEMORAL 32MM +3MM (03.013-9)                                                       ;0;0;0;396,28
1000272;UM        ;CABEÁA FEMORAL 32MM +9MM (03.013-9)                                                       ;0;0;0;0
1000273;UM        ;TELA DE REFORÁO PARA TETO ACETUBULAR TAM.P (03.128-3)                                     ;0;0;0;396,84
1000274;UM        ;TELA DE REFORÁO PARA TETO ACETABULAR TAM.M (03.128-3)                                     ;0;0;0;317,5
1000275;UM        ;TELA DE REFORÁO PARA TETO ACETABULAR TAM. G (03.128-3)                                    ;0;0;0;277,4
1000276;UM        ;CENTRALIZADOR DISTAL - PROTESE FEMORAL (03.007-4)                                         ;0;0;0;861,84
1000277;UM        ;TELA DE REFORÁO FEMORAL 60MM (03.129-1)                                                   ;0;0;0;326,6
1000280;UM        ;MD-COMPONETE ACETABULAR METALICO 56MM (03.010-4)                                          ;0;0;0;1349,43
1000288;UM        ;LINER/INSERTO ACETABULAR 32X54 (03.059-7)                                                 ;0;0;0;1349,43
1000290;UM        ;PARAFUSO ESPONJOSO 4,0 10MM (03.072-4)                                                    ;0;0;0;104,13
1000291;UM        ;PARAFUSO ESPONJOSO 4,0 12MM (03.072-4)                                                    ;0;0;0;104,13
1000292;UM        ;PARAFUSO ESPONJOSO 4,0 14MM (03.072-4)                                                    ;0;0;0;104,13
1000293;UM        ;PARAFUSO ESPONJOSO 4,0 16MM (03.072-4)                                                    ;0;0;0;25
1000294;UM        ;PARAFUSO ESPONJOSO 4,0 18MM (03.072-4)                                                    ;0;0;0;104,13
1000295;UM        ;PARAFUSO ESPONJOSO 4,0 20MM (03.072-4)                                                    ;0;0;0;104,13
1000296;UM        ;PARAFUSO ESPONJOSO 4,0 22MM (03.072-4)                                                    ;0;0;0;104,13
1000297;UM        ;PARAFUSO ENPONJOSO 4,0 24MM (03.072-4)                                                    ;0;0;0;104,13
1000298;UM        ;PARAFUSO ESPONJOSO 4,0 26MM (03.072-4)                                                    ;0;0;0;104,13
1000299;UM        ;PARAFUSO ESPONJOSO 4,0 28MM (03.072-4)                                                    ;0;0;0;104,13
1000300;UM        ;PARAFUSO ESPONJOSO 4,0 30MM (03.072-4)                                                    ;0;0;0;104,13
1000301;UM        ;PARAFUSO ESPONJOSO 4,0 35MM (03.072-4)                                                    ;0;0;0;104,13
1000302;UM        ;PARAFUSO ESPONJOSO 4,0 40MM (03.072-4)                                                    ;0;0;0;104,13
1000303;UM        ;PARAFUSO ESPONJOSO 4,0 45MM (03.072-4)                                                    ;0;0;0;19,09
1000304;UM        ;PARAFUSO ESPONJOSO 4,0 50MM (03.072-4)                                                    ;0;0;0;19,09
1000307;UM        ;PARAFUSO ESPONJOSO 6,5 - ROSCA 16 30MM (03.073-2)                                         ;0;0;0;22,17
1000308;UM        ;PARAFUSO ESPONJOSO 6,5 - ROSCA 16 35MM (03.073-2)                                         ;0;0;0;22,17
1000309;UM        ;PARAFUSO ESPONJOSO 6,5 - ROSCA 16 40MM (03.073-2)                                         ;0;0;0;22,17
1000310;UM        ;PARAFUSO ESPONJOSO 6,5 - ROSCA 16 45MM (03.073-2)                                         ;0;0;0;22,17
1000311;UM        ;PARAFUSO ESPONJOSO 6,5 - ROSCA 16 50MM (03.073-2)                                         ;0;0;0;22,17
1000312;UM        ;PARAFUSO ESPONJOSO 6,5 - ROSCA 16 55MM (03.073-2)                                         ;0;0;0;22,17
1000313;UM        ;PARAFUSO ESPONJOSO 6,5 - ROSCA 16 60MM(03.073-2)                                          ;0;0;0;22,17
1000314;UM        ;PARAFUSO ESPONJOSO 6,5 - ROSCA 16 65MM(03.073-2)                                          ;0;0;0;22,17
1000315;UM        ;PARAFUSO ESPONJOSO 6,5 - ROSCA 16 70MM(03.073-2)                                          ;0;0;0;22,17
1000316;UM        ;PARAFUSO ESPONJOSO 6,5 - ROSCA 16 75MM (03.073-2)                                         ;0;0;0;22,17
1000317;UM        ;PARAFUSO ESPONJOSO 6,5 - ROSCA 16 80MM (03.073-2)                                         ;0;0;0;22,17
1000318;UM        ;PARAFUSO ESPONJOSO 6,5 - ROSCA 16 85MM (03.073-2)                                         ;0;0;0;22,17
1000319;UM        ;PARAFUSO ESPONJOSO 6,5 - ROSCA 16 90MM (03.073-2)                                         ;0;0;0;22,17
1000320;UM        ;PARAFUSO ESPONJOSO 6,5 - ROSCA 16 95MM(03.073-2)                                          ;0;0;0;22,17
1000321;UM        ;PARAFUSO ESPONJOSO 6,5 - ROSCA 16 100MM (03.073-2)                                        ;0;0;0;22,17
1000322;UM        ;PARAFUSO ESPONJOSO 6,5 - ROSCA 16 105MM (03.073-2)                                        ;0;0;0;22,17
1000326;UM        ;PARAFUSO ESPONJOSO 6,5 - ROSCA 32 25MM(03.073-2)                                          ;0;0;0;22,17
1000328;UM        ;PARAFUSO ESPONJOSO 6,5 - ROSCA 32 35MM(03.073-2)                                          ;0;0;0;22,17
1000330;UM        ;PARAFUSO ESPONJOSO 6,5 - ROSCA 32 45MM(03.073-2)                                          ;0;0;0;100
1000331;UM        ;PARAFUSO ESPONJOSO 6,5 - ROSCA 32 50MM(03.073-2)                                          ;0;0;0;100
1000332;UM        ;PARAFUSO ESPONJOSO 6,5 - ROSCA 32 55MM(03.073-2)                                          ;0;0;0;100
1000333;UM        ;PARAFUSO ESPONJOSO 6,5 - ROSCA 32 60MM(03.073-2)                                          ;0;0;0;100
1000334;UM        ;PARAFUSO ESPONJOSO 6,5 - ROSCA 32 65MM(03.073-2)                                          ;0;0;0;100
1000335;UM        ;PARAFUSO ESPONJOSO 6,5 - ROSCA 32 70MM(03.073-2)                                          ;0;0;0;100
1000336;UM        ;PARAFUSO ESPONJOSO 6,5 - ROSCA 32 75MM(03.073-2)                                          ;0;0;0;100
1000337;UM        ;PARAFUSO ESPONJOSO 6,5 - ROSCA 32 80MM(03.073-2)                                          ;0;0;0;100
1000338;UM        ;PARAFUSO ESPONJOSO 6,5 - ROSCA 32 85MM(03.073-2)                                          ;0;0;0;100
1000339;UM        ;PARAFUSO ESPONJOSO 6,5 - ROSCA 32 90MM(03.073-2)                                          ;0;0;0;100
1000345;UM        ;PARAFUSO CORTICAL 4,5 14MM (03.070-8)                                                     ;0;0;0;13,55
1000346;UM        ;PARAFUSO CORTICAL 4,5 16MM (03.070-8)                                                     ;0;0;0;92
1000347;UM        ;PARAFUSO CORTICAL 4,5 18MM (03.070-8)                                                     ;0;0;0;13,55
1000348;UM        ;PARAFUSO CORTICAL 4,5 20MM (03.070-8)                                                     ;0;0;0;13,55
1000349;UM        ;PARAFUSO CORTICAL 4,5 22MM (03.070-8)                                                     ;0;0;0;13,55
1000350;UM        ;PARAFUSO CORTICAL 4,5 24MM (03.070-8)                                                     ;0;0;0;13,55
1000351;UM        ;PARAFUSO CORTICAL 4,5 26MM (03.070-8)                                                     ;0;0;0;13,55
1000352;UM        ;PARAFUSO CORTICAL 4,5 28MM (03.070-8)                                                     ;0;0;0;53,53
1000353;UM        ;PARAFUSO CORTICAL 4,5 30MM (03.070-8)                                                     ;0;0;0;13,55
1000354;UM        ;PARAFUSO CORTICAL 4,5 32MM (03.070-8)                                                     ;0;0;0;13,55
1000355;UM        ;PARAFUSO CORTICAL 4,5 34MM (03.070-8)                                                     ;0;0;0;13,55
1000356;UM        ;PARAFUSO CORTICAL 4,5 36MM (03.070-8)                                                     ;0;0;0;13,55
1000357;UM        ;PARAFUSO CORTICAL 4,5 38MM (03.070-8)                                                     ;0;0;0;13,55
1000358;UM        ;PARAFUSO CORTICAL 4,5 40MM (03.070-8)                                                     ;0;0;0;13,55
1000359;UM        ;PARAFUSO CORTICAL 4,5 42MM (03.070-8)                                                     ;0;0;0;92
1000360;UM        ;PARAFUSO CORTICAL 4,5 44MM (03.070-8)                                                     ;0;0;0;92
1000361;UM        ;PARAFUSO CORTICAL 4,5 46MM (03.070-8)                                                     ;0;0;0;53,53
1000362;UM        ;PARAFUSO CORTICAL 4,5 48MM (03.070-8)                                                     ;0;0;0;13,55
1000363;UM        ;PARAFUSO CORTICAL 4,5 50MM (03.070-8)                                                     ;0;0;0;12,64
1000365;UM        ;PARAFUSO CORTICAL 4,5 54MM (03.070-8)                                                     ;0;0;0;13,55
1000368;UM        ;PARAFUSO CORTICAL 4,5 60MM (03.070-8)                                                     ;0;0;0;13,55
1000375;UM        ;PROTESE FEMORAL TAPER PS TI PRIMARIA 37,5MM 13MM (CERAMICA)                               ;0;0;0;4790
1000378;UM        ;PARAFUSO CANULADO 3,5 42MM                                                                ;0;0;0;70,77
1000379;UM        ;PARAFUSO CANULADO 3,5 38MM                                                                ;0;0;0;70,77
1000381;UM        ;PARAFUSO CANULADO 3,5 48MM                                                                ;0;0;0;70,77
1000382;UM        ;PARAFUSO CANULADO 3,5 50MM                                                                ;0;0;0;70,77
1000383;UM        ;PARAFUSO CANULADO 3,5 56MM                                                                ;0;0;0;70,77
1000385;UM        ;PARAFUSO CANULADO 3,5 32MM (03.062-7)                                                     ;0;0;0;70,77
1000386;UM        ;PARAFUSO CANULADO 3,5 34MM (03.062-7)                                                     ;0;0;0;70,77
1000387;UM        ;PARAFUSO CANULADO 3,5 36MM (03.062-7)                                                     ;0;0;0;70,77
1000388;UM        ;PARAFUSO CANULADO 3,5 40MM (03.062-7)                                                     ;0;0;0;70,77
1000389;UM        ;PARAFUSO CANULADO 3,5 44MM (03.062-7)                                                     ;0;0;0;70,77
1000390;UM        ;PARAFUSO CANULADO 3,5 52MM (03.062-7)                                                     ;0;0;0;70,77
1000391;UM        ;PARAFUSO CANULADO 3,5 60MM (03.062-7)                                                     ;0;0;0;70,77
1000392;UM        ;PARAFUSO CANULADO 4,5 22MM                                                                ;0;0;0;66,9
1000393;UM        ;PARAFUSO CANULADO 4,5 24MM                                                                ;0;0;0;66,9
1000394;UM        ;PARAFUSO CANULADO 4,5 26MM                                                                ;0;0;0;66,9
1000395;UM        ;PARAFUSO CANULADO 4,5 28MM                                                                ;0;0;0;66,9
1000396;UM        ;PARAFUSO CANULADO 4,5 30MM                                                                ;0;0;0;66,9
1000397;UM        ;PARAFUSO CANULADO 4,5 32MM                                                                ;0;0;0;66,9
1000398;UM        ;PARAFUSO CANULADO 4,5 34MM                                                                ;0;0;0;66,9
1000399;UM        ;PARAFUSO CANULADO 4,5 36MM                                                                ;0;0;0;66,9
1000400;UM        ;PARAFUSO CANULADO 4,5 38MM                                                                ;0;0;0;66,9
1000401;UM        ;PARAFUSO CANULADO 4,5 40MM                                                                ;0;0;0;66,9
1000402;UM        ;PARAFUSO CANULADO 4,5 42MM                                                                ;0;0;0;66,9
1000403;UM        ;PARAFUSO CANULADO 4,5 44MM                                                                ;0;0;0;66,9
1000404;UM        ;ROTESE FEMORAL TAPER PS TI PRIMARIA 40.0MM 16MM (CERAMICA)                                ;0;0;0;4790
1000405;UM        ;PROTESE FEMORAL TAPER PS TI PRIMARIA 40.0MM 18MM (CERAMICA)‚Í                             ;0;0;0;4790
1000406;UM        ;CALOTA MD ACETABULAR TI 50X37MM (CERAMICA)                                                ;0;0;0;4500
1000407;UM        ; CALOTA MD ACETABULAR TI 54X39MM (CERAMICA)                                               ;3;13500;4500;4500
1000408;UM        ; CALOTA MD ACETABULAR TI 56X41MM (CERAMICA)                                               ;2;9000;4500;4500
1000409;UM        ; CALOTA MD ACETABULAR TI 60X44MM (CERAMICA)                                               ;0;0;0;4500
1000410;UM        ;INSERTO ACETABULAR MD DELTA 35X28MM (CERAMICA)                                            ;2;11600;5800;5800
1000411;UM        ;INSERTO ACETABULAR MD DELTA 39X32MM (CERAMICA)                                            ;0;0;0;5800
1000412;UM        ;INSERTO ACETABULAR MD DELTA 41X32MM (CERAMICA)                                            ;0;0;0;5800
1000413;UM        ;CABECA FEMORAL INTERCAMBIAVEL 28MM+3.5(CERAMICA)            ‚Í                            ;2;11400;5700;5700
1000414;UM        ;CABECA FEMORAL INTERCAMBIAVEL 32MM -4.0 (CERAMICA)                                        ;1;5700;5700;5700
1000415;UM        ;CABECA FEMORAL INTERCAMBIAVEL 32MM STD (CERAMICA)                                         ;7;39900;5700;5700
1000416;UM        ;CABECA FEMORAL INTERCAMBIAVEL 36MM STD (CERAMICA)                                         ;2;11400;5700;5700
1000419;UM        ;CALOTA MD ACETABULAR TI 46X35MM (CERAMICA)                                                ;0;0;0;4500
1000420;UM        ;CALOTA MD ACETABULAR TI 48X35MM (CERAMICA)                                                ;0;0;0;4500
1000423;UM        ;LACA BLOQUEADA PROXIMAL ACO UMERO 4 FUROS (EXTRA SUS)                                     ;0;0;0;0
1000429;UM        ;CALOTA MD ACETABULAR TI 58X44MM (CERAMICA)                                                ;0;0;0;4500
1000430;UM        ;CABECA FEMORAL INTERCAMBIAVEL 32MM+4 (CERAMICA)                                           ;0;0;0;5700
1000431;UM        ;CALOTA MD ACETABULAR TI 52X37MM (CERAMICA)                                                ;0;0;0;4500
1000432;UM        ;INSERTO ACETABULAR MD DELTA 37X28MM (CERAMICA)                                            ;1;5800;5800;5800
1000433;UM        ;CABECA FEMORAL INTERCAMBIAVEL 28MM-3,5 (CERAMICA)                                         ;2;11400;5700;5700
1000434;UM        ;CABECA FEMORAL INTERCAMBIAVEL 28MM STD (CERAMICA)                                         ;8;45600;5700;5700
1000438;UM        ;PLACA LISS BLOQ.FEMUR DISTAL ACO DIR 10 FUROS (EXTRA SUS)                                 ;0;0;0;896,01
1000439;UM        ;PLACA LISS BLOQ.FEMUR DISTAL ACO DIR 12 FUROS (EXTRA SUS)                                 ;0;0;0;896,01
1000442;UM        ;PLACA LISS BLOQ.FEMUR DISTAL ACO ESQ 08 FUROS (EXTRA SUS)                                 ;0;0;0;896,01
1000443;UM        ;PLACA LISS BLOQ.FEMUR DISTAL ACO ESQ 10 FUROS (EXTRA SUS)                                 ;0;0;0;896,01
1000444;UM        ;PLACA LISS BLOQ.FEMUR DISTAL ACO ESQ 12 FUROS (EXTRA SUS)                                 ;0;0;0;896,01
1000445;UM        ;PROTESE FEMORAL TAPER PS TI PRIMARIA 37.5MM 12MM (CERAMICA)                               ;0;0;0;4790
1000446;UM        ;PROTESE FEMORAL TAPER PS TI PRIMARIA 40.0MM 14MM (CERAMICA)                               ;0;0;0;4790
1000447;UM        ;PARAFUSO CANULADO 7,0 ROSCA 16 30MM (03.064-3)                                            ;57;3536,85;62,05;62,05
1000448;UM        ;PARAFUSO CANULADO 7,0 ROSCA 16 35MM (03.064-3)                                            ;78;4839,9;62,05;62,05
1000449;UM        ;PARAFUSO CANULADO 7,0 ROSCA 16 40MM (03.064-3)                                            ;53;3288,65;62,05;62,05
1000450;UM        ;PARAFUSO CANULADO 7,0 ROSCA 16 45MM (03.064-3)                                            ;19;1178,95;62,05;62,05
1000451;UM        ;PARAFUSO CANULADO 7,0 ROSCA 16 50MM (03.064-3)                                            ;37;2295,85;62,05;62,05
1000452;UM        ;PARAFUSO CANULADO 7,0 ROSCA 16 55MM (03.064-3)                                            ;18;1116,9;62,05;62,05
1000453;UM        ;PARAFUSO CANULADO 7,0 ROSCA 16 60MM (03.064-3)                                            ;75;4653,75;62,05;62,05
1000454;UM        ;PARAFUSO CANULADO 7,0 ROSCA 16 65MM (03.064-3)                                            ;62;3847,1;62,05;62,05
1000455;UM        ;PARAFUSO CANULADO 7,0 ROSCA 16 70MM (03.064-3)                                            ;74;4591,7;62,05;62,05
1000456;UM        ;PARAFUSO CANULADO 7,0 ROSCA 16 75MM (03.064-3)                                            ;26;1613,3;62,05;62,05
1000457;UM        ;PARAFUSO CANULADO 7,0 ROSCA 16 80MM (03.064-3)                                            ;0;0;0;63,2
1000458;UM        ;PARAFUSO CANULADO 7,0 ROSCA 16 85MM (03.064-3)                                            ;0;0;0;63,2
1000459;UM        ;PARAFUSO CANULADO 7,0 ROSCA 16 90MM (03.064-3)                                            ;0;0;0;63,2
1000460;UM        ;PARAFUSO CANULADO 7,0 ROSCA 16 95MM (03.064-3)                                            ;54;3350,7;62,05;62,05
1000461;UM        ;PARAFUSO CANULADO 7,0 ROSCA 16/32 30 A 125MM (03.064-3)                                   ;211;13092,55;62,05;62,05
1000462;UM        ;PARAFUSO CANULADO 7,0 ROSCA 16 105MM (03.064-3)                                           ;21;1303,05;62,05;62,05
1000463;UM        ;PARAFUSO CANULADO 7,0 ROSCA 16 110MM (03.064-3)                                           ;0;0;0;0
1000467;UM        ;PARAFUSO CANULADO 7,0 ROSCA 32 35MM (03.064-3)                                            ;0;0;0;63,2
1000468;UM        ;PARAFUSO CANULADO 7,0 ROSCA 32 40MM (03.064-3)                                            ;38;2357,9;62,05;62,05
1000469;UM        ;PARAFUSO CANULADO 7,0 ROSCA 32 45MM (03.064-3)                                            ;70;4343,5;62,05;62,05
1000470;UM        ;PARAFUSO CANULADO 7,0 ROSCA 32 50MM (03.064-3)                                            ;62;3847,1;62,05;62,05
1000471;UM        ;PARAFUSO CANULADO 7,0 ROSCA 32 55MM (03.064-3)                                            ;69;4281,45;62,05;62,05
1000472;UM        ;PARAFUSO CANULADO 7,0 ROSCA 32 60MM (03.064-3)                                            ;63;3909,15;62,05;62,05
1000473;UM        ;PARAFUSO CANULADO 7,0 ROSCA 32 65MM (03.064-3)                                            ;0;0;0;63,2
1000474;UM        ;PARAFUSO CANULADO 7,0 ROSCA 32 70MM (03.064-3)                                            ;0;0;0;63,2
1000475;UM        ;PARAFUSO CANULADO 7,0 ROSCA 32 75MM (03.064-3)                                            ;27;1675,35;62,05;62,05
1000476;UM        ;PARAFUSO CANULADO 7,0 ROSCA 32 80MM (03.064-3)                                            ;25;1551,25;62,05;62,05
1000477;UM        ;PARAFUSO CANULADO 7,0 ROSCA 32 85MM (03.064-3)                                            ;36;2233,8;62,05;62,05
1000478;UM        ;PARAFUSO CANULADO 7,0 ROSCA 32 90MM (03.064-3)                                            ;73;4529,65;62,05;62,05
1000479;UM        ;PARAFUSO CANULADO 7,0 ROSCA 32 95MM (03.064-3)                                            ;56;3474,8;62,05;62,05
1000480;UM        ;PARAFUSO CANULADO 7,0 ROSCA 32 100MM(03.064-3)                                            ;70;4343,5;62,05;62,05
1000481;UM        ;PARAFUSO CANULADO 7,0 ROSCA 32 105MM(03.064-3)                                            ;61;3785,05;62,05;62,05
1000482;UM        ;PARAFUSO CANULADO 7,0 ROSCA 32 110MM(03.064-3)                                            ;54;3350,7;62,05;62,05
1000483;UM        ;PARAFUSO CANULADO 7,0 ROSCA 32 115MM(03.064-3)                                            ;0;0;0;63,2
1000484;UM        ;PARAFUSO CANULADO 7,0 ROSCA 32 120MM(03.064-3)                                            ;0;0;0;63,2
1000485;UM        ;PARAFUSO CORTICAL 4,5 12-72MM (03.070-8)                                                  ;4755;88881,1;18,692134;61
1000486;UM        ;PARAFUSO MALEOLAR 4,5 25MM (03.074-0)                                                     ;0;0;0;18
1000487;UM        ;PARAFUSO MALEOLAR 4,5 30MM (03.074-0)                                                     ;0;0;0;18,61
1000489;UM        ;PARAFUSO MALEOLAR 4,5 40MM (03.074-0)                                                     ;0;0;0;18,61
1000490;UM        ;PARAFUSO MALEOLAR 4,5 45MM (03.074-0)                                                     ;0;0;0;18,61
1000497;UM        ;PARAFUSO DE INTERFERENCIA DE TITANIO 07X25MM (03.071-6)                                   ;0;0;0;718,49
1000498;UM        ;PARAFUSO DE INTERFERENCIA DE TITANIO 07X30MM (03.071-6)                                   ;0;0;0;225,15
1000499;UM        ;PARAFUSO DE INTERFERENCIA DE TITANIO 08X20MM (03.071-6)                                   ;0;0;0;225,15
1000501;UM        ;PARAFUSO DE INTERFERENCIA DE TITANIO 08X30MM (03.071-6)                                   ;0;0;0;718,49
1000502;UM        ;PARAFUSO DE INTERFERENCIA DE TITANIO 09X20MM (03.071-6)                                   ;0;0;0;225,15
1000503;UM        ;PARAFUSO DE INTERFERENCIA DE TITANIO 09X25MM (03.071-6)                                   ;0;0;0;718,49
1000505;UM        ;PLACA BLOQUEADA RETA 3,5 X 5 FUROS (EXTRA SUS)                                            ;0;0;0;1900
1000506;UM        ;PLACA BLOQUEADA RETA 3,5 X 6 FUROS (EXTRA SUS)                                            ;0;0;0;1900
1000507;UM        ;PARAFUSO CANULADO CONICO EM TITANIO 16MM                                                  ;0;0;0;241,47
1000508;UM        ;PARAFUSO CANULADO CONICO EM TITANIO 18MM                                                  ;0;0;0;241,47
1000509;UM        ;PARAFUSO CANULADO CONICO EM TITANIO 26MM                                                  ;0;0;0;241,47
1000510;UM        ;PARAFUSO CANULADO ESCAFOIDE AUTO COMPRESSIVO 3.0 TAM 10-30MM                              ;112;58464;522;522
1000511;UM        ;PARAFUSO CANULADO ESCAFOIDE 18MM (03.065-1)                                               ;0;0;0;241,47
1000512;UM        ;PARAFUSO CANULADO ESCAFOIDE 20MM (03.065-1)                                               ;0;0;0;241,47
1000513;UM        ;PARAFUSO CANULADO ESCAFOIDE 24MM (03.065-1)                                               ;0;0;0;241,47
1000514;UM        ;PARAFUSO CANULADO ESCAFOIDE 26MM (03.065-1)                                               ;0;0;0;241,47
1000515;UM        ;PARAFUSO CANULADO ESCAFOIDE 28MM (03.065-1)                                               ;0;0;0;257,26
1000516;UM        ;PARAFUSO CANULADO 2,0 HEBERT 14MM                                                         ;18;4584,78;254,71;254,71
1000517;UM        ;PARAFUSO CANULADO 2,7 HEBERT 16MM                                                         ;0;0;0;257,26
1000518;UM        ;PARAFUSO CANULADO 2,7 HEBERT 18MM                                                         ;0;0;0;109,87
1000519;UM        ;PARAFUSO CANULADO 2,7 HEBERT 20MM                                                         ;0;0;0;109,87
1000520;UM        ;PARAFUSO CANULADO 2,7 HEBERT 24MM                                                         ;0;0;0;109,87
1000521;UM        ;PARAFUSO CANULADO 2,7 HEBERT 26MM                                                         ;0;0;0;109,87
1000522;UM        ;PARAFUSO CANULADO 2,7 HEBERT 28MM                                                         ;0;0;0;257,26
1000523;UM        ;PARAFUSO CANULADO 2,7 HEBERT 30MM                                                         ;0;0;0;109,87
1000545;UM        ;(BUCOMAXILO)PLACA L PONTE DIREITA E ESQUERDA (TODOS OS TAMNHOS)                           ;10;1772,8;177,28;177,28
1000546;UM        ;MICRO PLACA L PONTE 8MM X 4FUROS ESQUERDA (05.048-2)                                      ;0;0;0;343,72
1000547;UM        ;MICRO PLACA L PONTE 6MM X 4FUROS ESQUERDA (05.048-2)                                      ;0;0;0;343,72
1000548;UM        ;MICRO PLACA L PONTE 10MM X 4FUROS DIREITA (05.048-2)                                      ;0;0;0;343,72
1000549;UM        ;MICRO PLACA L PONTE 8MM X 4FUROS DIREITA (05.048-2)                                       ;0;0;0;343,72
1000550;UM        ;MICRO PLACA L PONTE 6MM X 4FUROS DIREITA (05.048-2)                                       ;0;0;0;343,72
1000551;UM        ;MICRO PLACA RETA PONTE 10MM X 6FUROS (05.048-2)                                           ;0;0;0;343,72
1000552;UM        ;(BUCOMAXILO)PLACA RETA PONTE (TODOS OS TAMNHOS)                                           ;36;7044,41;195,678055;839,61
1000553;UM        ;(BUCOMAXILO)PLACA T PONTE (TODOS OS TAMANHOS)                                             ;10;1772,8;177,28;177,28
1000554;UM        ;MICRO PLACA T PONTE 6MM X 5FUROS (05.048-2)                                               ;0;0;0;343,72
1000555;UM        ;MICRO PLACA T PONTE 8MM X 5FUROS (05.048-2)                                               ;0;0;0;343,72
1000556;UM        ;MICRO PLACA L OBLIQUA PONTE 8MM X 5FUROS DIREITA (05.048-2)                               ;0;0;0;343,72
1000557;UM        ;MICRO PLACA RETA 4FUROS (05.048-2)                                                        ;0;0;0;343,72
1000558;UM        ;MICRO PLACA RETA 6FUROS (05.048-2)                                                        ;0;0;0;343,72
1000559;UM        ;(BUCOMAXILO)PLACA RETA (TODOS OS TAMANHOS)                                                ;10;3759,79;375,979;839,61
1000560;UM        ;MICRO PLACA RETA 16FUROS (05.048-2)                                                       ;0;0;0;343,72
1000561;UM        ;MICRO PLACA ORBITAL 8FUROS (05.048-2)                                                     ;0;0;0;343,72
1000562;UM        ;(BUCOMAXILO)PLACA L OBLIQ.PONTE DIREITA E ESQUERDA (TODOS OS TAMANHOS)                    ;7;1240,96;177,28;177,28
1000563;UM        ;MICRO PLACA L OBLIQUA PONTE 8MM X 5FUROS ESQUERDA (05.048-2)                              ;0;0;0;343,72
1000564;UM        ;(BUCOMAXILO)PLACA TREVO (TODOS OS TAMANHOS)                                               ;3;531,84;177,28;177,28
1000565;UM        ;MINI PLACA T 6FUROS (05.048-2)                                                            ;0;0;0;343,72
1000566;UM        ;(BUCOMAXILO)PLACA T (TODOS OS TAMANHOS)                                                   ;15;2659,2;177,28;177,28
1000567;UM        ;MINI PLACA L OBLIQUA PONTE 9MM X 6FUROS DF (05.048-2)                                     ;0;0;0;343,72
1000568;UM        ;MINI PLACA L PONTE 12MM X 4FUROS (05.048-2)                                               ;0;0;0;343,72
1000569;UM        ;(BUCOMAXILO)PLACA Y (TODOS OS TAMANHOS)                                                   ;3;531,84;177,28;177,28
1000570;UM        ;MINI PLACA L PONTE 9MM X 4FUROS DF (05.048-2)                                             ;0;0;0;343,72
1000571;UM        ;MINI PLACA L PONTE 9MM X 6FUROS DF (05.048-2)                                             ;0;0;0;343,72
1000572;UM        ;MINI PLACA RETA 12FUROS (05.048-2)                                                        ;0;0;0;343,72
1000573;UM        ;MINI PLACA RETA 16FUROS (05.048-2)                                                        ;0;0;0;343,72
1000574;UM        ;MINI PLACA ORBITAL 6FUROS (05.048-2)                                                      ;0;0;0;343,72
1000575;UM        ;MINI PLACA ORBITAL 8FUROS (05.048-2)]                                                     ;0;0;0;343,72
1000577;UM        ;(BUCOMAXILO)PLACA L (TODOS OS TAMANHOS)                                                   ;0;0;0;361,77
1000578;UM        ;MINI PLACA L PONTE 18MM X 4FUROS DF (05.048-2)                                            ;0;0;0;93,33
1000579;UM        ;(BUCOMAXILO)PLACA T ORBITAL PONTE (TODOS OS TAMANHOS)                                     ;1;177,28;177,28;177,28
1000580;UM        ;MINI PLACA L 6FUROS DF (05.048-2)                                                         ;0;0;0;343,72
1000581;UM        ;MINI PLACA RETA 6FUROS (05.048-2)                                                         ;0;0;0;343,72
1000582;UM        ;PARAFUSO CORTICAL 1,5X5MM (03.066-0)                                                      ;0;0;0;18,06
1000595;UM        ;PARAFUSO CORTICAL 3,5X10MM (03.069-4)                                                     ;0;0;0;94,06
1000596;UM        ;PARAFUSO CORTICAL 3,5X12MM (03.069-4)                                                     ;0;0;0;9,82
1000597;UM        ;PARAFUSO CORTICAL 3,5X14MM (03.069-4)                                                     ;0;0;0;9,82
1000598;UM        ;PARAFUSO CORTICAL 3,5X22MM (03.069-4)                                                     ;0;0;0;9,82
1000599;UM        ;PARAFUSO CORTICAL 3,5X24MM (03.069-4)                                                     ;0;0;0;9,82
1000600;UM        ;PARAFUSO CORTICAL 3,5X30MM (03.069-4)                                                     ;0;0;0;9,82
1000601;UM        ;PARAFUSO CORTICAL 3,5X40MM (03.069-4)                                                     ;0;0;0;9,82
1000604;UM        ;PARAFUSO CORTICAL 2,0X6MM(03.067-8)                                                       ;0;0;0;15,34
1000605;UM        ;PARAFUSO CORTICAL 2,0X8MM(03.067-8)                                                       ;0;0;0;15,34
1000606;UM        ;PARAFUSO CORTICAL 2,0X10MM (03.067-4)                                                     ;0;0;0;15,34
1000607;UM        ;PARAFUSO CORTICAL 2,0X14MM (03.067-4)                                                     ;0;0;0;15,34
1000612;UM        ;PARAFUSO CORTICAL 2,7X8MM (03.068-6)                                                      ;0;0;0;16,94
1000613;UM        ;PARAFUSO CORTICAL 3,5X45MM (03.069-4)                                                     ;0;0;0;9,82
1000614;UM        ;PARAFUSO CORTICAL 3,5X50MM (03.069-4)                                                     ;0;0;0;9,82
1000617;UM        ;PARAFUSO DESLIZANTE MOD 3 - 95MM (03.048-1)                                               ;0;0;0;0
1000619;UM        ;PARAFUSO CORTICAL 1,5X7MM (03.066-0)                                                      ;0;0;0;18,06
1000621;UM        ;PARAFUSO CORTICAL 1,5X11MM (03.066-0)                                                     ;0;0;0;18,06
1000622;UM        ;PARAFUSO CORTICAL 1,5X13MM (03.066-0)                                                     ;0;0;0;18,06
1000623;UM        ;PARAFUSO CORTICAL 1,5X15MM (03.066-0)                                                     ;0;0;0;18,06
1000625;UM        ;(ORT) CAMPO CIRURGICO COM FITA ADESIVA 1,60X1,50M (EXTRA SUS)                             ;0;0;0;12,57
1000626;UM        ;PARAFUSO CORTICAL 2,0X12MM (03.067-8)                                                     ;0;0;0;15,34
1000627;UM        ;PLACA EM T 3,5MM 3X6FUROS (03.099-6)                                                      ;0;0;0;228,65
1000629;UM        ;PARAFUSO CORTICAL 2,0X18MM (03.067-8)                                                     ;0;0;0;15,34
1000630;UM        ;PARAFUSO CORTICAL 2,0X20MM (03.067-8)                                                     ;0;0;0;15,34
1000632;UM        ;PARAFUSO CORTICAL 2,7X12MM (03.068-6)                                                     ;0;0;0;16,94
1000633;UM        ;PARAFUSO CORTICAL 2,7X14MM (03.068-6)                                                     ;0;0;0;16,94
1000634;UM        ;PARAFUSO CORTICAL 2,7X16MM (03.068-6)                                                     ;0;0;0;16,94
1000636;UM        ;PARAFUSO CORTICAL 2,7X20MM (03.068-6)                                                     ;0;0;0;16,94
1000639;UM        ;PARAFUSO CORTICAL 2,7X10MM (03.068-6)                                                     ;0;0;0;16,94
1000640;UM        ;PARAFUSO CORTICAL 2,7X24MM (03.068-6)                                                     ;0;0;0;16,94
1000641;UM        ;PARAFUSO CORTICAL 2,7X26MM (03.068-6)                                                     ;0;0;0;16,94
1000642;UM        ;PARAFUSO CORTICAL 2,7X28MM (03.068-6)                                                     ;0;0;0;16,94
1000646;UM        ;COMPONENTE GLENOIDAL TAM P (03.023-6)                                                     ;0;0;0;198,15
1000647;UM        ;COMPONENTE GLENOIDAL TAM M (03.023-6)                                                     ;0;0;0;198,15
1000648;UM        ;COMPONENTE GLENOIDAL TAM G (03.023-6)                                                     ;0;0;0;198,15
1000649;UM        ;CABEÁA DE OMBRO 39X12MM (03.011-2)                                                        ;0;0;0;426,11
1000650;UM        ;CABEÁA DE OMBRO 39X17MM (03.011-2)                                                        ;0;0;0;426,11
1000651;UM        ;CABEÁA DE OMBRO 39X22MM (03.011-2)                                                        ;0;0;0;426,11
1000652;UM        ;CABEÁA DE OMBRO 44X12MM (03.011-2)                                                        ;0;0;0;426,11
1000653;UM        ;CABEÁA DE OMBRO 44X17MM (03.011-2)                                                        ;0;0;0;426,11
1000654;UM        ;CABEÁA DE OMBRO 44X22MM (03.011-2)                                                        ;0;0;0;426,11
1000655;UM        ;CABEÁA DE OMBRO 49X15MM (03.011-2)                                                        ;0;0;0;426,11
1000656;UM        ;CABEÁA DE OMBRO 49X20MM (03.011-2)                                                        ;0;0;0;426,11
1000657;UM        ;CABEÁA DE OMBRO 49X25MM (03.011-2)                                                        ;0;0;0;426,11
1000658;UM        ;HASTE DE OMBRO INTERCAMBIAL 6,3X90MM (03.029-5)                                           ;0;0;0;793,17
1000659;UM        ;HASTE DE OMBRO INTERCAMBIAL 6,3X125MM (03.029-5)                                          ;0;0;0;793,17
1000660;UM        ;HASTE DE OMBRO INTERCAMBIAL 9,5X125MM (03.029-5)                                          ;0;0;0;793,17
1000661;UM        ;HASTE DE OMBRO INTERCAMBIAL 9,5X150MM (03.029-5)                                          ;0;0;0;793,17
1000662;UM        ;HASTE DE OMBRO INTERCAMBIAL 12,7X125MM (03.029-5)                                         ;0;0;0;793,17
1000663;UM        ;HASTE DE OMBRO INTERCAMBIAL 12,7X150MM (03.029-5)                                         ;0;0;0;793,17
1000664;UM        ;PARAFUSO CANULADO ESCAFOIDE 16MM                                                          ;0;0;0;241,47
1000665;UM        ;PARAFUSO CANULADO ESCAFOIDE 22MM                                                          ;0;0;0;241,47
1000666;UM        ;PARAFUSO CANULADO ESCAFOIDE 30MM                                                          ;0;0;0;241,47
1000667;UM        ;PARAFUSO CANULADO ROSCA PARCIAL 3,0X16MM                                                  ;0;0;0;241,47
1000668;UM        ;PARAFUSO CANULADO ROSCA PARCIAL 3,0X18MM                                                  ;0;0;0;241,47
1000669;UM        ;PARAFUSO CANULADO ROSCA PARCIAL 3,0X20MM                                                  ;0;0;0;241,47
1000670;UM        ;PARAFUSO CANULADO ROSCA PARCIAL 3,0X22MM                                                  ;0;0;0;241,47
1000671;UM        ;PARAFUSO CANULADO ROSCA PARCIAL 3,0X24MM                                                  ;0;0;0;241,47
1000672;UM        ;PARAFUSO CANULADO ROSCA PARCIAL 3,0X26MM                                                  ;0;0;0;241,47
1000673;UM        ;PARAFUSO CANULADO ROSCA PARCIAL 3,0X28MM                                                  ;0;0;0;241,47
1000674;UM        ;PARAFUSO CANULADO ROSCA PARCIAL 3,0X30MM                                                  ;0;0;0;241,47
1000675;UM        ;PARAFUSO CANULADO ROSCA TOTAL 3,0X16MM                                                    ;0;0;0;241,47
1000676;UM        ;PARAFUSO CANULADO ROSCA TOTAL 3,0X18MM                                                    ;0;0;0;241,47
1000677;UM        ;PARAFUSO CANULADO ROSCA TOTAL 3,0X20MM                                                    ;0;0;0;241,47
1000678;UM        ;PARAFUSO CANULADO ROSCA TOTAL 3,0X22MM                                                    ;0;0;0;241,47
1000679;UM        ;PARAFUSO CANULADO ROSCA TOTAL 3,0X24MM                                                    ;0;0;0;241,47
1000680;UM        ;PARAFUSO CANULADO ROSCA TOTAL 3,0X26MM                                                    ;0;0;0;241,47
1000681;UM        ;PARAFUSO CANULADO ROSCA TOTAL 3,0X28MM                                                    ;0;0;0;241,47
1000682;UM        ;PARAFUSO CANULADO ROSCA TOTAL 3,0X30MM                                                    ;0;0;0;241,47
1000683;UM        ;PARAFUSO CANULADO CONICO EM TITANIO 20MM                                                  ;0;0;0;241,47
1000684;UM        ;PARAFUSO CANULADO CONICO EM TITANIO 22MM                                                  ;0;0;0;241,47
1000685;UM        ;PARAFUSO CANULADO CONICO EM TITANIO 24MM                                                  ;0;0;0;241,47
1000686;UM        ;PARAFUSO CANULADO CONICO EM TITANIO 28MM                                                  ;0;0;0;241,47
1000687;UM        ;PARAFUSO CANULADO CONICO EM TITANIO 30MM                                                  ;0;0;0;241,47
1000688;UM        ;HASTE INTRAMEDULAR BLOQUEADA FEMUR 10X340 (03.051-1)                                      ;0;0;0;896
1000689;UM        ;HASTE INTRAMEDULAR BLOQUEADA FEMUR 10X360 (03.051-1)                                      ;0;0;0;896
1000690;UM        ;HASTE INTRAMEDULAR BLOQUEADA FEMUR 10X380 (03.051-1)                                      ;0;0;0;896
1000691;UM        ;HASTE INTRAMEDULAR BLOQUEADA FEMUR 11X380 (03.051-1)                                      ;0;0;0;896
1000692;UM        ;HASTE INTRAMEDULAR BLOQUEADA FEMUR 11X400 (03.051-1)                                      ;0;0;0;896
1000693;UM        ;HASTE INTRAMEDULAR BLOQUEADA FEMUR 12X380 (03.051-1)                                      ;0;0;0;896
1000694;UM        ;HASTE INTRAMEDULAR FLEXIVEL - INFANTIL 2,0MM (03.054-6)                                   ;0;0;0;151,61
1000695;UM        ;HASTE INTRAMEDULAR FLEXIVEL - INFANTIL 2,5MM (03.054-6)                                   ;0;0;0;151,61
1000696;UM        ;HASTE INTRAMEDULAR FLEXIVEL - INFANTIL 3,0MM (03.054-6)                                   ;0;0;0;151,61
1000697;UM        ;HASTE INTRAMEDULAR FLEXIVEL - INFANTIL 3,5MM (03.054-6)                                   ;0;0;0;151,61
1000713;UM        ;HASTE INTRAMEDULAR BLOQUEADA FEMUR 11X360 (03.132-1)                                      ;0;0;0;896
1000715;UM        ;PLACA EM L 2,7 ESQUERDA 5 FUROS (03.131-3)                                                ;0;0;0;124,14
1000716;UM        ;PLACA EM T 2,7X5 FUROS (03.098-8)                                                         ;0;0;0;293,39
1000717;UM        ;PLACA SEMITUBULAR 2,7 3 FUROS (03.107-0)                                                  ;0;0;0;146,63
1000718;UM        ;PLACA SEMITUBULAR 2,7 4 FUROS (03.107-0)                                                  ;0;0;0;146,63
1000719;UM        ;PLACA SEMITUBULAR 2,7 5 FUROS (03.107-0)                                                  ;0;0;0;146,63
1000720;UM        ;PLACA SEMITUBULAR 2,7 6 FUROS (03.107-0)                                                  ;0;0;0;146,63
1000721;UM        ;PLACA SEMITUBULAR 2,7 7 FUROS (03.107-0)                                                  ;0;0;0;146,63
1000722;UM        ;PLACA BLOQUEADA VOLAR LPS DIRETA 4 FUROS (03.139-9)                                       ;0;0;0;293,39
1000723;UM        ;PLACA BLOQUEADA VOLAR LPS DIRETA 5 FUROS (03.139-9)                                       ;0;0;0;293,39
1000724;UM        ;PLACA BLOQUEADA VOLAR LPS DIRETA 6 FUROS (03.139-9)                                       ;0;0;0;293,39
1000725;UM        ;PLACA BLOQUEADA VOLAR LPS DIRETA 7 FUROS (03.139-9)                                       ;0;0;0;293,39
1000726;UM        ;PLACA BLOQUEADA VOLAR LPS DIREITA 8 FUROS (03.139-9)                                      ;0;0;0;293,39
1000727;UM        ;PLACA BLOQUEADA VOLAR LPS ESQUERDA 4 FUROS (03.139-9)                                     ;0;0;0;343,72
1000728;UM        ;PLACA BLOQUEADA VOLAR LPS ESQUERDA 5 FUROS (03.139-9)                                     ;0;0;0;293,39
1000729;UM        ;PLACA BLOQUEADA VOLAR LPS ESQUERDA 6 FUROS (03.139-9)                                     ;0;0;0;293,39
1000730;UM        ;PLACA BLOQUEADA VOLAR LPS ESQUERDA 7 FUROS (03.139-9)                                     ;0;0;0;293,39
1000731;UM        ;PLACA BLOQUEADA VOLAR LPS ESQUERDA 8 FUROS (03.139-9)                                     ;0;0;0;293,39
1000732;UM        ;PLACA BLOQUEADA VOLAR LPS T 4X6 FUROS (03.139-9)                                          ;0;0;0;293,39
1000733;UM        ;PLACA BLOQUEADA VOLAR LPS T 3X4 FUROS (03.139-9)                                          ;0;0;0;293,39
1000734;UM        ;PLACA BLOQUEADA VOLAR LPS T 3X5 FUROS (03.139-9)                                          ;0;0;0;293,39
1000735;UM        ;PLACA BLOQUEADA VOLAR LPS T 4X4 FUROS (03.139-9)                                          ;0;0;0;293,39
1000736;UM        ;PLACA BLOQUEADA VOLAR LPS T 4X5 FUROS (03.139-9)                                          ;0;0;0;293,39
1000737;UM        ;PLACA BLOQUEADA VOLAR LPS T 3X3 FUROS (03.139-9)                                          ;0;0;0;293,39
1000738;UM        ;PARAFUSO BLOQUEADO LPS EM AÁO 3,5X10MM (03.132-1)                                         ;0;0;0;21,6
1000739;UM        ;PARAFUSO BLOQUEADO LPS EM AÁO 3,5X12MM (03.132-1)                                         ;0;0;0;21,6
1000740;UM        ;PARAFUSO BLOQUEADO LPS EM AÁO 3,5X14MM (03.132-1)                                         ;0;0;0;21,6
1000741;UM        ;PARAFUSO BLOQUEADO LPS EM AÁO 3,5X16MM (03.132-1)                                         ;0;0;0;21,6
1000742;UM        ;PARAFUSO BLOQUEADO LPS EM AÁO 3,5X18MM (03.132-1)                                         ;0;0;0;21,6
1000743;UM        ;PARAFUSO BLOQUEADO LPS EM AÁO 3,5X20MM (03.132-1)                                         ;0;0;0;21,6
1000744;UM        ;PARAFUSO BLOQUEADO LPS EM AÁO 3,5X22MM (03.132-1)                                         ;0;0;0;21,6
1000745;UM        ;PARAFUSO BLOQUEADO LPS EM AÁO 3,5X24MM (03.132-1)                                         ;0;0;0;21,6
1000746;UM        ;PARAFUSO BLOQUEADO LPS EM AÁO 3,5X26MM (03.132-1)                                         ;0;0;0;21,6
1000747;UM        ;PARAFUSO BLOQUEADO LPS EM AÁO 3,5X28 (03.139-9)                                           ;0;0;0;21,6
1000750;UM        ;CAGE CERVICAL PEEKPLAN 5,5MM (05.115-6)                                                   ;0;0;0;870,91
1000752;UM        ;CAGE CERVICAL PEEKPLAN 6,5MM (05.115-6)                                                   ;3;3784,23;1261,41;1261,41
1000753;UM        ;CAGE CERVICAL PEEKPLAN 7,0MM (05.115-6)                                                   ;11;13875,51;1261,41;1261,41
1000754;UM        ;CAGE CERVICAL PEEKPLAN 7,5MM (05.115-6)                                                   ;30;37842,3;1261,41;1261,41
1000755;UM        ;CAGE CERVICAL PEEKPLAN 8,0MM (05.115-6)                                                   ;20;25228,2;1261,41;1261,41
1000756;UM        ;MINI PLACA RETA PONTE 9MM X 4FUROS (05.048-2)                                             ;0;0;0;343,72
1000757;UM        ;MICRO PLACA LEFORT 11F AVANCO 8MM ESQUERDA                                                ;0;0;0;343,72
1000758;UM        ;MICRO PLACA LEFORT 11F AVANCO 8MM DIREITA                                                 ;0;0;0;343,72
1000759;UM        ;MINI PLACA PARA MENTO CHIN 2MM                                                            ;0;0;0;343,72
1000760;UM        ;MINI PLACA PARA MENTO CHIN 4MM                                                            ;0;0;0;343,72
1000761;UM        ;MINI PLACA PARA MENTO CHIN 6MM                                                            ;0;0;0;343,72
1000762;UM        ;MINI PLACA PARA MENTO CHIN 8MM                                                            ;0;0;0;343,72
1000763;UM        ;CAGE TORACO LOMBAR MEIA LUA PEEKPLAN 7X25MM (05.115-6)                                    ;0;0;0;791,84
1000764;UM        ;CAGE TORACO LOMBAR MEIA LUA PEEKPLAN 8X25MM (05.115-6)                                    ;0;0;0;1356,21
1000765;UM        ;CAGE TORACO LOMBAR MEIA LUA PEEKPLAN 9X25MM (05.115-6)                                    ;0;0;0;870,91
1000766;UM        ;CAGE TORACO LOMBAR MEIA LUA PEEKPLAN 10X25MM (05.115-6)                                   ;10;13290,9;1329,09;1329,09
1000767;UM        ;CAGE TORACO LOMBAR MEIA LUA PEEKPLAN 11X25MM (05.115-6)                                   ;0;0;0;870,91
1000768;UM        ;CAGE TORACO LOMBAR MEIA LUA PEEKPLAN 12X25MM (05.115-6)                                   ;2;2658,18;1329,09;1329,09
1000770;UM        ;CAGE TORACO LOMBAR MEIA LUA PEEKPLAN 14X25MM (05.115-6)                                   ;0;0;0;1356,21
1000771;UM        ;CAGE TORACO LOMBAR MEIA LUA PEEKPLAN 07X28MM (05.115-6)                                   ;0;0;0;791,84
1000772;UM        ;CAGE TORACO LOMBAR MEIA LUA PEEKPLAN 08X28MM (05.115-6)                                   ;0;0;0;791,84
1000776;UM        ;CAGE TORACO LOMBAR MEIA LUA PEEKPLAN 12X28MM (05.115-6)                                   ;0;0;0;870,91
1000777;UM        ;CAGE TORACO LOMBAR MEIA LUA PEEKPLAN 13X28MM (05.115-6)                                   ;0;0;0;791,84
1000779;UM        ;CAGE TORACO LOMBAR ANGULADO PEEKPLAN 5X7MM (05.115-6)                                     ;0;0;0;1356,21
1000780;UM        ;CAGE TORACO LOMBAR ANGULADO PEEKPLAN 7X9MM (05.115-6)                                     ;0;0;0;1356,21
1000781;UM        ;CAGE TORACO LOMBAR ANGULADO PEEKPLAN 6X8MM (05.115-0)                                     ;0;0;0;1356,21
1000782;UM        ;CAGE TORACO LOMBAR ANGULADO PEEKPLAN 8X10MM (05.115-6)                                    ;0;0;0;1356,21
1000783;UM        ;CAGE TORACO LOMBAR ANGULADO PEEKPLAN 9X11MM (05.115-6)                                    ;0;0;0;1356,21
1000784;UM        ;CAGE TORACO LOMBAR ANGULADO PEEKPLAN 10X12MM (05.115-6)                                   ;0;0;0;1356,21
1000785;UM        ;CAGE CERVICAL BLOQUEADO PEEKPLAN 5,0MM (05.115-6)                                         ;0;0;0;1356,21
1000786;UM        ;CAGE CERVICAL BLOQUEADO PEEKPLAN 5,5MM (05.115-6)                                         ;0;0;0;1356,21
1000787;UM        ;CAGE CERVICAL BLOQUEADO PEEKPLAN 6,0MM (05.115-6)                                         ;0;0;0;1356,21
1000788;UM        ;CAGE TORACO LOMBAR RETO PEEKPLAN 6,0MM (05.115-6)                                         ;0;0;0;1356,21
1000789;UM        ;CAGE TORACO LOMBAR RETO PEEKPLAN 8,0MM (05.115-6)                                         ;0;0;0;1356,21
1000790;UM        ;CAGE TORACO LOMBAR RETO PEEKPLAN 9,0MM (05.115-6)                                         ;0;0;0;1356,21
1000791;UM        ;CAGE TORACO LOMBAR RETO PEEKPLAN 10,0MM (05.115-6)                                        ;0;0;0;870,91
1000792;UM        ;CAGE TORACO LOMBAR RETO PEEKPLAN 12,0MM (05.115-6)                                        ;0;0;0;1356,21
1000793;UM        ;HASTE INTRAMEDULAR FLEXIVEL 1,5MM (03.054-6)                                              ;0;0;0;151,61
1000794;UM        ;HASTE INTRAMEDULAR FLEXIVEL 2,0MM (03.054-6)                                              ;0;0;0;151,61
1000795;UM        ;HASTE INTRAMEDULAR FLEXIVEL 2,5MM (03.054-6)                                              ;0;0;0;151,61
1000796;UM        ;HASTE INTRAMEDULAR FLEXIVEL 3,0MM (03.054-6)                                              ;0;0;0;151,61
1000797;UM        ;HASTE INTRAMEDULAR FLEXIVEL 3,5MM (03.054-6)                                              ;0;0;0;151,61
1000798;UM        ;HASTE INTRAMEDULAR FLEXIVEL 4,0MM (03.054-6)                                              ;0;0;0;151,61
1000799;UM        ;HASTE INTRAMEDULAR FLEXIVEL 4,5MM (03.054-6)                                              ;0;0;0;151,61
1000800;UM        ;HASTE INTRAMEDULAR BLOQUEADA FEMUR 11X420 (03.051-1)                                      ;0;0;0;896
1000802;UM        ;HASTE INTRAMEDULAR BLOQUEADA FEMUR 12X360 (03.051-1)                                      ;0;0;0;896
1000803;UM        ;HASTE INTRAMEDULAR BLOQUEADA FEMUR 12X400 (03.051-1)                                      ;0;0;0;896
1000804;UM        ;HASTE INTRAMEDULAR BLOQUEADA FEMUR 12X420 (03.051-1)                                      ;0;0;0;896
1000805;UM        ;HASTE INTRAMEDULAR BLOQUEADA FEMUR 13X400 (03.051-1)                                      ;0;0;0;896
1000806;UM        ;HASTE INTRAMEDULAR BLOQUEADA FEMUR 13X420 (03.051-1)                                      ;0;0;0;896
1000809;UM        ;PARAFUSO AUTO ROSQUEAVEL 4,0MM CORTICAL 34MM (EXTRA SUS)                                  ;0;0;0;35,89
1000810;UM        ;PLACA 1/3 TUBULAR 2,7 X 3 FUROS (03.130-5)                                                ;0;0;0;92,99
1000811;UM        ;PLACA 1/3 TUBULAR 2,7 X 4 FUROS (03.130-5)                                                ;0;0;0;92,99
1000812;UM        ;PLACA 1/3 TUBULAR 2,7 X 5 FUROS (03.130-5)                                                ;0;0;0;92,99
1000813;UM        ;PLACA 1/3 TUBULAR 2,7 X 6 FUROS (03.130-5)                                                ;0;0;0;87,89
1000814;UM        ;PLACA 1/3 TUBULAR 2,7 X 7 FUROS (03.130-5)                                                ;0;0;0;92,99
1000815;UM        ;HASTE INTRAMEDULAR PROXIMAL 11X170 (03.048-1)                                             ;0;0;0;796,09
1000816;UM        ;FIO STEINMAN ROSQUEADO 1,0 X 250 (03.033-3)                                               ;0;0;0;9,81
1000817;UM        ;PLACA EM L - DIREITA 1,5MM (03.131-3)                                                     ;0;0;0;293,39
1000818;UM        ;PLACA EM L - ESQUERDA 1,5MM (03.131-3)                                                    ;0;0;0;293,39
1000819;UM        ;PLACA EM L - DIREITA 2,7MM (03.131-3)                                                     ;0;0;0;131,35
1000821;UM        ;PLACA EM T - 2,7MM (03.133-0)                                                             ;0;0;0;131,35
1000828;UM        ;PLACA RETA BUCO TITANIO 1,5X6MM 04 FUROS (05.048-2)                                       ;0;0;0;369,04
1000829;UM        ;PLACA RETA PONTE - 9MM - 04 FUROS (05.048-2)                                              ;0;0;0;343,72
1000831;UM        ;PLACA RETA PONTE - 04 FUROS (05.048-2)                                                    ;0;0;0;343,72
1000838;UM        ;CABEÁA FEMORAL 28MM -2MM (03.013-9)                                                       ;0;0;0;396,28
1000839;UM        ;LINER/INSERTO ACETABULAR 32X56 (03.059-7)                                                 ;0;0;0;372,71
1000840;UM        ;CALOTA ACETABULAR N„O CIMENTADA METALICA 32X54 (03.010-4)                                 ;0;0;0;1349,43
1000841;UM        ;CALOTA ACETABULAR N„O CIMENTADA METALICA 32X56 (03.010-4)                                 ;1;1027,07;1027,07;1027,07
1000842;UM        ;CALOTA ACETABULAR N„O CIMENTADA METALICA 32X58 (03.010-4)                                 ;0;0;0;1027,07
1000843;UM        ;CALOTA ACETABULAR N„O CIMENTADA METALICA 32X60 (03.010-4)                                 ;0;0;0;1027,07
1000844;UM        ;PARAFUSO PEDICULAR 4X25MM (05.082-2)(TORACO-LOMBAR)                                       ;0;0;0;293,75
1000845;UM        ;PARAFUSO PEDICULAR 4X30MM (05.082-2)(TORACO-LOMBAR)                                       ;0;0;0;499,95
1000846;UM        ;PARAFUSO PEDICULAR 4X35MM (05.082-2)(TORACO-LOMBAR)                                       ;0;0;0;499,95
1000847;UM        ;PARAFUSO PEDICULAR 4X40MM (05.082-2)(TORACO-LOMBAR)                                       ;0;0;0;499,95
1000848;UM        ;PARAFUSO PEDICULAR 5X25MM (05.082-2)(TORACO-LOMBAR)                                       ;0;0;0;375
1000849;UM        ;PARAFUSO PEDICULAR 5X30MM (05.082-2)(TORACO-LOMBAR)                                       ;0;0;0;499,95
1000850;UM        ;PARAFUSO PEDICULAR 5X35MM (05.082-2)(TORACO-LOMBAR)                                       ;0;0;0;499,95
1000851;UM        ;PARAFUSO PEDICULAR 5X40MM (05.082-2)(TORACO-LOMBAR)                                       ;0;0;0;499,95
1000852;UM        ;PARAFUSO PEDICULAR 5X45MM (05.082-2)(TORACO-LOMBAR)                                       ;0;0;0;499,95
1000854;UM        ;PARAFUSO PEDICULAR 5X60MM (05.082-2)(TORACO-LOMBAR)                                       ;0;0;0;499,95
1000857;UM        ;PARAFUSO PEDICULAR 6X35MM (05.082-2)(TORACO-LOMBAR)                                       ;0;0;0;499,95
1000859;UM        ;PARAFUSO PEDICULAR 6X45MM (05.082-2)(TORACO-LOMBAR)                                       ;0;0;0;499,95
1000861;UM        ;PARAFUSO PEDICULAR 6X55MM (05.082-2)(TORACO-LOMBAR)                                       ;0;0;0;499,95
1000862;UM        ;PARAFUSO PEDICULAR 6X60MM (05.082-2)(TORACO-LOMBAR)                                       ;0;0;0;499,95
1000863;UM        ;PARAFUSO PEDICULAR 6X70MM (05.082-2)(TORACO-LOMBAR)                                       ;0;0;0;499,95
1000870;UM        ;HASTE LONGITUDINAL 5,5X40 (05.033-4) (TORACO-LOMBAR)                                      ;0;0;0;268,74
1000871;UM        ;HASTE LONGITUDINAL 5,5X50 (05.033-4) (TORACO-LOMBAR)                                      ;20;8857,2;442,86;442,86
1000872;UM        ;HASTE LONGITUDINAL 5,5X60 (05.033-4) (TORACO-LOMBAR)                                      ;24;10628,64;442,86;442,86
1000873;UM        ;HASTE LONGITUDINAL 5,5X70 (05.033-4) (TORACO-LOMBAR)                                      ;8;3542,88;442,86;442,86
1000874;UM        ;HASTE LONGITUDINAL 5,5X80 (05.033-4) (TORACO-LOMBAR)                                      ;0;0;0;442,86
1000875;UM        ;HASTE LONGITUDINAL 5,5X90 (05.033-4) (TORACO-LOMBAR)                                      ;8;3542,88;442,86;442,86
1000876;UM        ;HASTE LONGITUDINAL 5,5X100 (05.033-4) (TORACO-LOMBAR)                                     ;8;3542,88;442,86;442,86
1000877;UM        ;HASTE LONGITUDINAL 5,5X110 (05.033-4) (TORACO-LOMBAR)                                     ;8;3542,88;442,86;442,86
1000878;UM        ;HASTE LONGITUDINAL 5,5X120 (05.033-4) (TORACO-LOMBAR)                                     ;8;3542,88;442,86;442,86
1000879;UM        ;HASTE LONGITUDINAL 5,5X150 (05.033-4) (TORACO-LOMBAR)                                     ;20;8857,2;442,86;442,86
1000880;UM        ;HASTE LONGITUDINAL 5,5X200 (05.033-4) (TORACO-LOMBAR)                                     ;44;19485,84;442,86;442,86
1000881;UM        ;HASTE LONGITUDINAL 5,5X220 (05.033-4) (TORACO-LOMBAR)                                     ;0;0;0;461,31
1000882;UM        ;HASTE LONGITUDINAL 5,5X250 (05.033-4) (TORACO-LOMBAR)                                     ;40;17714,4;442,86;442,86
1000883;UM        ;HASTE LONGITUDINAL 5,5X300 (05.033-4) (TORACO-LOMBAR)                                     ;0;0;0;461,31
1000884;UM        ;HASTE LONGITUDINAL 5,5X350 (05.033-4) (TORACO-LOMBAR)                                     ;0;0;0;268,74
1000885;UM        ;HASTE LONGITUDINAL 5,5X400 (05.033-4) (TORACO-LOMBAR)                                     ;0;0;0;461,31
1000888;UM        ;FIO DE KIRCHNER 1,5MM (03.134-8)                                                          ;0;0;0;9,45
1000889;UM        ;FIO DE KIRCHNER 2,0MM (03.134-8)                                                          ;0;0;0;11,99
1000890;UM        ;FIO DE KIRCHNER 2,5MM (03.134-8)                                                          ;0;0;0;6,5
1000891;UM        ;FIO DE KIRCHNER 3,0MM (03.134-8)                                                          ;300;3900;13;13
1000892;UM        ;FIO DE KIRCHNER 3,5MM (03.134-8)                                                          ;0;0;0;6,5
1000893;UM        ;FIO DE KIRCHNER 4,0MM (03.134-8)                                                          ;600;8400;14;14
1000894;UM        ;FIO DE KIRCHNER 4,5MM (03.134-8)                                                          ;2000;28000;14;14
1000895;UM        ;(C.G)RECARGA GRAMPEADOR ENDOSCOPIO LINEAR 45MM BRANCO 2.5X1.0MM                           ;0;0;0;11,38
1000896;UM        ;(C.G)RECARGA GRAMPEADOR ENDOSCOPIO LINEAR 45MM AZUL 3.5X1.5MM                             ;0;0;0;298,1
1000897;UM        ;(C.G)RECARGA GRAMPEADOR ENDOSCOPIO LINEAR 45MM VERDE 4.1X2.0MM                            ;0;0;0;298,1
1000898;UM        ;PARAFUSO CORTICAL 2,0X28MM (03.067-8)                                                     ;0;0;0;173,65
1000899;UM        ;PARAFUSO CORTICAL 2,0X30MM (03.067-8)                                                     ;0;0;0;173,65
1000900;UM        ;PLACA DCP 4,5MM LARGA  - 20 FUROS (03.091-0)                                              ;0;0;0;212,29
1000901;UM        ;PLACA TUBO 135 GRAUS DHS 12 FUROS (03.081-3)                                              ;0;0;0;462,04
1000902;UM        ;PLACA TUBO 95GRAUS DCS 12 FUROS (03.082-1)                                                ;0;0;0;418,37
1000909;UM        ;BARRA LONGITUDINAL 3,5X60 (05.033-4)(OCCIPTO)                                             ;0;0;0;461,31
1000910;UM        ;BARRA LONGITUDINAL 3,5X70 (05.033-4)(OCCIPTO)                                             ;0;0;0;461,31
1000911;UM        ;BARRA LONGITUDINAL 3,5X80 (05.033-4)(OCCIPTO)                                             ;0;0;0;461,31
1000912;UM        ;BARRA LONGITUDINAL 3,5X120 (05.033-4)(OCCIPTO)                                            ;0;0;0;298,1
1000913;UM        ;BARRA LONGITUDINAL 3,5X240 (05.033-4)(OCCIPTO)                                            ;0;0;0;298,1
1000914;UM        ;BARRA LONGITUDINAL 3,5X300 (05.033-4)(OCCIPTO)                                            ;0;0;0;298,08
1000919;UM        ;HASTE PLACA OCCIFIX 2 FUROS                                                               ;0;0;0;1459,48
1000920;UM        ;HASTE PLACA OCCIFIX 3 FUROS                                                               ;0;0;0;1459,48
1000921;UM        ;HASTE PLACA OCCIFIX 4 FUROS                                                               ;0;0;0;1459,48
1000922;UM        ;HASTE PLACA OCCIFIX LONGA 2 FUROS                                                         ;0;0;0;1459,48
1000923;UM        ;HASTE PLACA OCCIFIX LONGA 3 FUROS                                                         ;0;0;0;1459,48
1000924;UM        ;HASTE PLACA OCCIFIX LONGA 4 FUROS                                                         ;0;0;0;1459,48
1000925;UM        ;PLACA CERVICAL 26MM (05.045-8)(CERVICAL ANTERIOR)                                         ;0;0;0;2419,48
1000926;UM        ;PLACA CERVICAL 28MM (05.045-8)(CERVICAL ANTERIOR)                                         ;0;0;0;1075,57
1000927;UM        ;PLACA CERVICAL 30MM (05.045-8)(CERVICAL ANTERIOR)                                         ;0;0;0;1075,57
1000928;UM        ;PLACA CERVICAL 32MM (05.045-8)(CERVICAL ANTERIOR)                                         ;0;0;0;2419,48
1000932;UM        ;PLACA CERVICAL 56MM (05.045-8)(CERVICAL ANTERIOR)                                         ;0;0;0;2419,48
1000933;UM        ;PLACA CERVICAL 42MM (05.045-8)(CERVICAL ANTERIOR)                                         ;0;0;0;2419,48
1000934;UM        ;PLACA CERVICAL 44MM (05.045-8)(CERVICAL ANTERIOR)                                         ;0;0;0;2419,48
1000940;UM        ; PLACA CERVICAL 40MM (05.045-8)(CERVICAL ANTERIOR)                                        ;0;0;0;2419,48
1000942;UM        ;PARAFUSO ESPONJOSO OCCIFIX 3,5X10MM (05.040-7)(OCCIPTO-CERVICAL)                          ;0;0;0;175,76
1000943;UM        ;PARAFUSO ESPONJOSO OCCIFIX 3,5X12MM (05.040-7)(OCCIPTO-CERVICAL)                          ;0;0;0;175,76
1000945;UM        ;PARAFUSO ESPONJOSO OCCIFIX 3,5X16MM (05.040-7)(OCCIPTO-CERVICAL)                          ;0;0;0;175,76
1000946;UM        ;PARAFUSO ESPONJOSO OCCIFIX 3,5X18MM (05.040-7)(OCCIPTO-CERVICAL)                          ;0;0;0;175,76
1000947;UM        ;PARAFUSO ESPONJOSO OCCIFIX 3,5X20MM (05.040-7)(OCCIPTO-CERVICAL)                          ;0;0;0;175,76
1000948;UM        ;PARAFUSO ESPONJOSO OCCIFIX 3,5X24MM (05.040-7)(OCCIPTO-CERVICAL)                          ;0;0;0;175,76
1000951;UM        ;PARAFUSO ESPONJOSO OCCIFIX 3,5X40MM (05.040-7)(OCCIPTO-CERVICAL)                          ;0;0;0;175,76
1000952;UM        ;PORCA PARAFUSO INVERTIDO OCCIFIX (03.005-8)(OCCIPTO-CERVICAL)                             ;0;0;0;85,9
1000953;UM        ;BLOQUEADOR OCCIFIX (OCCIPTO-CERVICAL)                                                     ;0;0;0;86,8
1000954;UM        ;MICRO PARAFUSO POLIAXIAL OCCIFIX II 3,5X12 (05.040-7)(OCCIPTO-CERVICAL)                   ;0;0;0;499,95
1000955;UM        ;MICRO PARAFUSO POLIAXIAL OCCIFIX II 3,5X14 (05.040-7)(OCCIPTO-CERVICAL)                   ;0;0;0;499,95
1000957;UM        ;MICRO PARAFUSO POLIAXIAL OCCIFIX II 3,5X18 (05.040-7)(OCCIPTO-CERVICAL)                   ;0;0;0;499,95
1000958;UM        ;MICRO PARAFUSO POLIAXIAL OCCIFIX II 3,5X22 (05.040-7)(OCCIPTO-CERVICAL)                   ;0;0;0;499,95
1000959;UM        ;MICRO PARAFUSO POLIAXIAL OCCIFIX II 3,5X26 (05.040-7)(OCCIPTO-CERVICAL)                   ;0;0;0;499,95
1000960;UM        ;MICRO PARAFUSO POLIAXIAL OCCIFIX II 3,5X30 (05.040-7)(OCCIPTO-CERVICAL)                   ;0;0;0;499,95
1000961;UM        ;MICRO PARAFUSO POLIAXIAL OCCIFIX II 3,5X35 (05.040-7)(OCCIPTO-CERVICAL)                   ;0;0;0;499,95
1000962;UM        ;MICRO PARAFUSO POLIAXIAL OCCIFIX II 3,5X40 (05.040-7)(OCCIPTO-CERVICAL)                   ;0;0;0;499,95
1000963;UM        ;CONECTOR HASTE/HASTE (DIREITO)(OCCIPTO-CERVICAL)                                          ;0;0;0;55,99
1000968;UM        ;PAFAFUSO CERVICAL 4,0X12MM (OCCIPTO)                                                      ;0;0;0;175,76
1000972;UM        ; PAFAFUSO CERVICAL 4,5X14MM (OCCIPTO)                                                     ;0;0;0;175,76
1000988;UM        ;PLACA TORACO LOMBAR ANTERIOR 58MM (05.049-0)                                              ;0;0;0;2744,98
1000989;UM        ;PLACA TORACO LOMBAR ANTERIOR 76MM (05.049-0)                                              ;0;0;0;86,8
1000990;UM        ;PLACA TORACO LOMBAR ANTERIOR 94MM (05.049-0)                                              ;0;0;0;2744,98
1000992;UM        ;PLACA TORACO LOMBAR ANTERIOR 130MM (05.049-0)                                             ;0;0;0;2744,98
1000993;UM        ;ARRUELA - PORCA PARA PARAFUSO TORACO LOMBAR COM ROSCA (05.041-5)                          ;0;0;0;209,28
1000996;UM        ;PARAFUSO TORACOLOMBAR ANTERIOR 30MM (05.041-5)                                            ;0;0;0;209,28
1000997;UM        ;PARAFUSO TORACOLOMBAR ANTERIOR 35MM (05.041-5)                                            ;0;0;0;209,28
1000998;UM        ;PARAFUSO TORACOLOMBAR ANTERIOR 40MM (05.041-5)                                            ;0;0;0;209,28
1000999;UM        ;PARAFUSO TORACOLOMBAR ANTERIOR 45MM (05.041-5)                                            ;0;0;0;209,28
1001000;UM        ;PARAFUSO TORACOLOMBAR ANTERIOR 50MM (05.041-5)                                            ;0;0;0;209,28
1001001;UM        ;GAIOLA TORACO LOMBAR 17X22X20MM                                                           ;0;0;0;1356,21
1001002;UM        ;GAIOLA TORACO LOMBAR 22X28X30MM                                                           ;0;0;0;1356,21
1001004;UM        ;GAIOLA TORACO LOMBAR 22X28X50MM                                                           ;0;0;0;1356,21
1001005;UM        ;GAIOLA TORACO LOMBAR 26X33X60MM                                                           ;0;0;0;1356,21
1001006;UM        ;GAIOLA TORACO LOMBAR 26X33X70MM                                                           ;0;0;0;1356,21
1001007;UM        ;GAIOLA TORACO LOMBAR 22X28X60MM                                                           ;0;0;0;1356,21
1001008;UM        ;GAIOLA TORACO LOMBAR 17X22X60MM                                                           ;0;0;0;1356,21
1001009;UM        ;GAIOLA TORACO LOMBAR 22X28X70MM                                                           ;0;0;0;1356,21
1001016;UM        ;GAIOLA CERVICAL 8X15MM                                                                    ;0;0;0;1356,21
1001017;UM        ;GAIOLA CERVICAL 8X20MM                                                                    ;0;0;0;528,43
1001018;UM        ;GAIOLA CERVICAL 8X25MM                                                                    ;0;0;0;528,43
1001019;UM        ;GAIOLA CERVICAL 8X30MM                                                                    ;0;0;0;1356,21
1001025;UM        ;GAIOLA CERVICAL 9X12MM                                                                    ;0;0;0;1356,21
1001026;UM        ;GAIOLA CERVICAL 9X16MM                                                                    ;0;0;0;1356,21
1001027;UM        ;GAIOLA CERVICAL 9X20MM                                                                    ;0;0;0;528,43
1001031;UM        ;GAIOLA CERVICAL 12X12MM                                                                   ;0;0;0;528,43
1001032;UM        ;GAIOLA CERVICAL 12X14MM                                                                   ;0;0;0;528,43
1001033;UM        ;GAIOLA CERVICAL 12X16MM                                                                   ;0;0;0;528,43
1001042;UM        ;GAIOLA CERVICAL 14X20MM                                                                   ;0;0;0;528,43
1001052;UM        ;PARAFUSO PEDICULAR MONOAXIAL 5,5X40MM                                                     ;0;0;0;499,95
1001054;UM        ;PARAFUSO PEDICULAR MONOAXIAL 6,5X45MM                                                     ;0;0;0;499,95
1001058;UM        ;PARAFUSO PEDICULAR POLIAXIAL 4,5X40MM                                                     ;140;66493;474,95;474,95
1001060;UM        ;PARAFUSO PEDICULAR POLIAXIAL 5,5X40MM                                                     ;40;18998;474,95;474,95
1001061;UM        ;PARAFUSO PEDICULAR POLIAXIAL 5,5X45MM                                                     ;140;66493;474,95;474,95
1001062;UM        ;PARAFUSO PEDICULAR POLIAXIAL 5,5X50MM                                                     ;50;23747,5;474,95;474,95
1001081;UM        ;HASTE PEDICULAR 6,0X280MM                                                                 ;0;0;0;298,08
1001130;UM        ;GAIOLA CERVICAL 9X14MM                                                                    ;0;0;0;1356,21
1001131;UM        ;CABECA DE RADIO 18X21MM (03.112-7)                                                        ;0;0;0;0
1001132;UM        ;CABECA DE RADIO 18X24MM (03.112-7)                                                        ;0;0;0;0
1001133;UM        ;CABECA DE RADIO 21X24MM (03.112-7)                                                        ;0;0;0;0
1001134;UM        ;CABECA DE RADIO 24X21MM (03.112-7)                                                        ;0;0;0;0
1001144;UM        ;HASTE INTRAMEDULAR PROXIMAL CURTA 10X170MM (03.048-1)                                     ;0;0;0;796,09
1001145;UM        ;HASTE INTRAMEDULAR PROXIMAL CURTA 10X235MM (03.048-1)                                     ;0;0;0;796,09
1001146;UM        ;HASTE INTRAMEDULAR PROXIMAL CURTA 11X235MM (03.048-1)                                     ;0;0;0;796,09
1001147;UM        ;HASTE INTRAMEDULAR PROXIMAL CURTA 12X170MM (03.048-1)                                     ;0;0;0;796,09
1001148;UM        ;HASTE INTRA.FEMORAL PROXIMAL DIREITA 10X340 (03.049-0)                                    ;0;0;0;840,78
1001149;UM        ;HASTE INTRA.FEMORAL PROXIMAL DIREITA 10X360 (03.049-0)                                    ;0;0;0;840,78
1001150;UM        ;HASTE INTRA.FEMORAL PROXIMAL DIREITA 10X380 (03.049-0)                                    ;0;0;0;840,78
1001151;UM        ;HASTE INTRA.FEMORAL PROXIMAL DIREITA 10X400 (03.049-0)                                    ;0;0;0;840,78
1001152;UM        ;HASTE INTRA.FEMORAL PROXIMAL DIREITA 11X340 (03.049-0)                                    ;0;0;0;840,78
1001153;UM        ;HASTE INTRA.FEMORAL PROXIMAL DIREITA 11X360 (03.049-0)                                    ;0;0;0;840,78
1001154;UM        ;HASTE INTRA.FEMORAL PROXIMAL DIREITA 11X380 (03.049-0)                                    ;0;0;0;840,78
1001155;UM        ;HASTE INTRA.FEMORAL PROXIMAL DIREITA 11X400 (03.049-0)                                    ;0;0;0;840,78
1001156;UM        ;HASTE INTRA.FEMORAL PROXIMAL DIREITA 11X420 (03.049-0)                                    ;0;0;0;840,78
1001157;UM        ;HASTE INTRA.FEMORAL PROXIMAL ESQUERDA 10X340 (03.049-0)                                   ;0;0;0;840,78
1001158;UM        ;HASTE INTRA.FEMORAL PROXIMAL ESQUERDA 10X360 (03.049-0)                                   ;0;0;0;840,78
1001159;UM        ;HASTE INTRA.FEMORAL PROXIMAL ESQUERDA 10X380 (03.049-0)                                   ;0;0;0;840,78
1001160;UM        ;HASTE INTRA.FEMORAL PROXIMAL ESQUERDA 10X400 (03.049-0)                                   ;0;0;0;840,78
1001161;UM        ;HASTE INTRA.FEMORAL PROXIMAL ESQUERDA 10X420 (03.049-0)                                   ;0;0;0;840,78
1001162;UM        ;HASTE INTRA.FEMORAL PROXIMAL ESQUERDA 11X340 (03.049-0)                                   ;0;0;0;840,78
1001163;UM        ;HASTE INTRA.FEMORAL PROXIMAL ESQUERDA 11X360 (03.049-0)                                   ;0;0;0;840,78
1001164;UM        ;HASTE INTRA.FEMORAL PROXIMAL ESQUERDA 11X380 (03.049-0)                                   ;0;0;0;840,78
1001165;UM        ;HASTE INTRA.FEMORAL PROXIMAL ESQUERDA 11X400 (03.049-0)                                   ;0;0;0;840,78
1001195;UM        ;PLACA DCP 4,5MM LARGA  - 05 FUROS (03.091-0)                                              ;0;0;0;236,88
1001196;UM        ;PLACA DCP 4,5MM LARGA  - 06 FUROS (03.091-0)                                              ;0;0;0;236,88
1001197;UM        ;PLACA DCP 4,5MM LARGA  - 07 FUROS (03.091-0)                                              ;0;0;0;220
1001202;UM        ;PLACA DCP 4,5MM LARGA  - 12 FUROS (03.091-0)                                              ;0;0;0;236,9
1001203;UM        ;PLACA DCP 4,5MM LARGA  - 14 FUROS (03.091-0)                                              ;0;0;0;236,9
1001204;UM        ;PLACA DCP 4,5MM LARGA  - 16 FUROS (03.091-0)                                              ;0;0;0;236,9
1001205;UM        ;PLACA DCP 4,5MM LARGA  - 18 FUROS (03.091-0)                                              ;0;0;0;236,9
1001206;UM        ;PLACA DCP 4,5MM LARGA  - 20 FUROS (03.091-0)                                              ;0;0;0;236,9
1001208;UM        ;PLACA DCP 4,5MM ESTREITA 04 FUROS (03.090-2)                                              ;7;980;140;140
1001209;UM        ;PLACA DCP 4,5MM ESTREITA 05 FUROS (03.090-2)                                              ;11;1540;140;140
1001210;UM        ;PLACA DCP 4,5MM ESTREITA 06 FUROS (03.090-2)                                              ;11;1540;140;140
1001212;UM        ;PLACA DCP 4,5MM ESTREITA 08 FUROS (03.090-2)                                              ;3;420;140;140
1001213;UM        ;PLACA DCP 4,5MM ESTREITA 09 FUROS (03.090-2)                                              ;15;2100;140;140
1001214;UM        ;PLACA DCP 4,5MM ESTREITA 10 FUROS (03.090-2)                                              ;7;980;140;140
1001215;UM        ;PLACA DCP 4,5MM ESTREITA 12 FUROS (03.090-2)                                              ;9;1260;140;140
1001216;UM        ;PLACA DCP 4,5MM ESTREITA 14 FUROS (03.090-2)                                              ;15;2100;140;140
1001217;UM        ;PLACA DCP 4,5MM ESTREITA 16 FUROS (03.090-2)                                              ;0;0;0;188,7
1001222;UM        ;PLACA 1/3 TUBULAR 3,5 X 06 FUROS (03.083-0)                                               ;0;0;0;130
1001223;UM        ;PLACA 1/3 TUBULAR 3,5 X 07 FUROS (03.083-0)                                               ;0;0;0;130,59
1001224;UM        ;PLACA 1/3 TUBULAR 3,5 X 08 FUROS (03.083-0)                                               ;0;0;0;130,59
1001225;UM        ;PLACA 1/3 TUBULAR 3,5 X 09 FUROS (03.083-0)                                               ;0;0;0;130,59
1001226;UM        ;PLACA 1/3 TUBULAR 3,5 X 10 FUROS (03.083-0)                                               ;0;0;0;130,59
1001227;UM        ;PLACA 1/3 TUBULAR 3,5 X 12 FUROS (03.083-0)                                               ;0;0;0;130,59
1001228;UM        ;PLACA 1/3 TUBULAR 3,5 X 14 FUROS (03.083-0)                                               ;0;0;0;130,59
1001230;UM        ;PLACA 1/3 TUBULAR 4,5 X 03 FUROS (03.084-8)                                               ;0;0;0;150
1001231;UM        ;PLACA 1/3 TUBULAR 4,5 X 04 FUROS (03.084-8)                                               ;0;0;0;159,48
1001232;UM        ;PLACA 1/3 TUBULAR 4,5 X 05 FUROS (03.084-8)                                               ;0;0;0;159,48
1001240;UM        ;PLACA DE RECONSTRUCAO 3,5X04 FUROS (03.092-9)                                             ;0;0;0;191,94
1001241;UM        ;PLACA DE RECONSTRUCAO 3,5X05 FUROS (03.092-9)                                             ;0;0;0;191,94
1001242;UM        ;PLACA DE RECONSTRUCAO 3,5X07 FUROS (03.092-9)                                             ;0;0;0;652,77
1001243;UM        ;PLACA DE RECONSTRUCAO 3,5X09 FUROS (03.092-9)                                             ;0;0;0;191,94
1001244;UM        ;PLACA DE RECONSTRUCAO 3,5X10 FUROS (03.092-9)                                             ;0;0;0;191,94
1001245;UM        ;PLACA DE RECONSTRUCAO 3,5X12 FUROS (03.092-9)                                             ;0;0;0;191,94
1001246;UM        ;PLACA DE RECONSTRUCAO 3,5X14 FUROS (03.092-9)                                             ;0;0;0;191,94
1001251;UM        ;PLACA DE RECONSTRUCAO 4,5X06 FUROS (03.093-7)                                             ;0;0;0;352,65
1001252;UM        ;PLACA DE RECONSTRUCAO 4,5X07 FUROS (03.093-7)                                             ;0;0;0;276,84
1001253;UM        ;PLACA DE RECONSTRUCAO 4,5X08 FUROS (03.093-7)                                             ;0;0;0;276,84
1001254;UM        ;PLACA DE RECONSTRUCAO 4,5X09 FUROS (03.093-7)                                             ;0;0;0;276,84
1001255;UM        ;PLACA DE RECONSTRUCAO 4,5X10 FUROS (03.093-7)                                             ;0;0;0;276,84
1001259;UM        ;PLACA EM TREVO 3,5 X 03 FUROS (03.101-1)                                                  ;0;0;0;214,87
1001261;UM        ;PLACA EM TREVO 3,5 X 05 FUROS (03.101-1)                                                  ;0;0;0;214,87
1001263;UM        ;PLACA EM TREVO 3,5 X 07 FUROS (03.101-1)                                                  ;26;19006;731;731
1001264;UM        ;PLACA EM TREVO 3,5 X 08 FUROS (03.101-1)                                                  ;0;0;0;214,87
1001265;UM        ;PLACA EM TREVO 3,5 X 12 FUROS (03.101-1)                                                  ;0;0;0;214,87
1001266;UM        ;PLACA EM L 4,5 - DIREITA 03 FUROS (03.097-0)                                              ;23;4278;186;186
1001267;UM        ;PLACA EM L 4,5 - DIREITA 04 FUROS (03.097-0)                                              ;42;7812;186;186
1001268;UM        ;PLACA EM L 4,5 - DIREITA 05 FUROS (03.097-0)                                              ;31;5766;186;186
1001269;UM        ;PLACA EM L 4,5 - DIREITA 06 FUROS (03.097-0)                                              ;20;3720;186;186
1001270;UM        ;PLACA EM L 4,5 - DIREITA 07 FUROS (03.097-0)                                              ;38;7068;186;186
1001271;UM        ;PLACA EM L 4,5 - DIREITA 08 FUROS (03.097-0)                                              ;20;3720;186;186
1001272;UM        ;PLACA EM L 4,5 - DIREITA 09 FUROS (03.097-0)                                              ;10;1860;186;186
1001273;UM        ;PLACA EM L 4,5 - DIREITA 10 FUROS (03.097-0)                                              ;49;9114;186;186
1001274;UM        ;PLACA EM L 4,5 - DIREITA 12 FUROS (03.097-0)                                              ;32;5952;186;186
1001275;UM        ;PLACA EM L 4,5 - DIREITA 14 FUROS (03.097-0)                                              ;27;5022;186;186
1001277;UM        ;PLACA EM L 4,5 - ESQUERDA 03 FUROS(03.097-0)                                              ;3;558;186;186
1001278;UM        ;PLACA EM L 4,5 - ESQUERDA 04 FUROS(03.097-0)INCLUI PARAFUSOS                              ;8;1488;186;186
1001279;UM        ;PLACA EM L 4,5 - ESQUERDA 05 FUROS(03.097-0)                                              ;44;8184;186;186
1001280;UM        ;PLACA EM L 4,5 - ESQUERDA 06 FUROS(03.097-0)                                              ;18;3348;186;186
1001281;UM        ;PLACA EM L 4,5 - ESQUERDA 07 FUROS(03.097-0)                                              ;12;2232;186;186
1001282;UM        ;PLACA EM L 4,5 - ESQUERDA 08 FUROS(03.097-0)                                              ;25;4650;186;186
1001283;UM        ;PLACA EM L 4,5 - ESQUERDA 09 FUROS(03.097-0)                                              ;4;744;186;186
1001284;UM        ;PLACA EM L 4,5 - ESQUERDA 10 FUROS(03.097-0)                                              ;21;3906;186;186
1001285;UM        ;PLACA EM L 4,5 - ESQUERDA 12 FUROS(03.097-0)                                              ;18;3348;186;186
1001286;UM        ;PLACA EM L 4,5 - ESQUERDA 14 FUROS(03.097-0)                                              ;11;2046;186;186
1001288;UM        ;PLACA EM T 4,5MM - 03 FUROS (03.100-3)                                                    ;0;0;0;277,1
1001289;UM        ;PLACA EM T 4,5MM - 04 FUROS (03.100-3)                                                    ;27;5130;190;190
1001290;UM        ;PLACA EM T 4,5MM - 05 FUROS (03.100-3)                                                    ;39;7410;190;190
1001291;UM        ;PLACA EM T 4,5MM - 06 FUROS (03.100-3)                                                    ;28;5320;190;190
1001292;UM        ;PLACA EM T 4,5MM - 07 FUROS (03.100-3)                                                    ;0;0;0;280
1001293;UM        ;PLACA EM T 4,5MM - 08 FUROS (03.100-3)                                                    ;25;4750;190;190
1001294;UM        ;PLACA EM T 4,5MM - 09 FUROS (03.100-3)                                                    ;7;1330;190;190
1001295;UM        ;PLACA EM T 4,5MM - 10 FUROS (03.100-3)                                                    ;18;3420;190;190
1001296;UM        ;PLACA EM T 4,5MM - 11 FUROS (03.100-3)                                                    ;0;0;0;277,1
1001297;UM        ;PLACA EM T 4,5MM - 12 FUROS (03.100-3)                                                    ;7;1330;190;190
1001298;UM        ;PLACA EM T 4,5MM - 13 FUROS (03.100-3)                                                    ;0;0;0;277,1
1001299;UM        ;PLACA EM T 4,5MM - 14 FUROS (03.100-3)                                                    ;10;1900;190;190
1001300;UM        ;PLACA PARA CALCANEO DIREITO(03.104-6)                                                     ;0;0;0;253,28
1001301;UM        ;PLACA PARA CALCANEO ESQUERDO(03.104-6)                                                    ;0;0;0;253,28
1001303;UM        ;PLACA TUBO 95GRAUS DCS 05 FUROS (03.082-1)                                                ;0;0;0;446,47
1001304;UM        ;PLACA TUBO 95GRAUS DCS 06 FUROS (03.082-1)                                                ;0;0;0;446,47
1001305;UM        ;PLACA TUBO 95GRAUS DCS 08 FUROS (03.082-1)                                                ;0;0;0;446,47
1001306;UM        ;PLACA TUBO 95GRAUS DCS 10 FUROS (03.082-1)                                                ;0;0;0;418,37
1001307;UM        ;PLACA TUBO 95GRAUS DCS 14 FUROS (03.082-1)                                                ;0;0;0;418,37
1001308;UM        ;PLACA TUBO 95GRAUS DCS 16 FUROS (03.082-1)                                                ;0;0;0;418,37
1001311;UM        ;PLACA DHS 135 02 A 20 FUROS INCLUI PARAF. DESLIZANTE (03.081-3)                           ;538;237258;441;441
1001312;UM        ;PLACA TUBO 135 GRAUS DHS 03 FUROS (03.081-3)                                              ;0;0;0;496,82
1001313;UM        ;PLACA TUBO 135 GRAUS DHS 04 FUROS (03.081-3)                                              ;0;0;0;496,82
1001314;UM        ;PLACA TUBO 135 GRAUS DHS 05 FUROS (03.081-3)                                              ;0;0;0;462,04
1001315;UM        ;PLACA TUBO 135 GRAUS DHS 06 FUROS (03.081-3)                                              ;0;0;0;496,82
1001316;UM        ;PLACA TUBO 135 GRAUS DHS 08 FUROS (03.081-3)                                              ;0;0;0;496,82
1001317;UM        ;PLACA TUBO 135 GRAUS DHS 10 FUROS (03.081-3)                                              ;0;0;0;496,82
1001318;UM        ;PLACA TUBO 135 GRAUS DHS 14 FUROS (03.081-3)                                              ;0;0;0;462,04
1001321;UM        ;PLACA BLOQUEADA RETA 3,5 X 7 FUROS (EXTRA SUS)                                            ;0;0;0;1900
1001322;UM        ;PLACA BLOQUEADA RETA 3,5 X 8 FUROS (EXTRA SUS)                                            ;0;0;0;1900
1001323;UM        ;ANCORA MONTADA METALICA COM AGULHA - 1,9MM (03.002-3)                                     ;0;0;0;197,52
1001325;UM        ;ANCORA MONTADA METALICA COM AGULHA - 2,5MM (03.002-3)                                     ;0;0;0;197,52
1001327;UM        ;ANCORA MONTADA METALICA COM AGULHA - 3,5MM (03.002-3)                                     ;60;11737,2;195,62;195,62
1001328;UM        ;ANCORA MONTADA METALICA COM AGULHA - 4,0MM (03.002-3)                                     ;40;7824,8;195,62;195,62
1001329;UM        ;ANCORA MONTADA METALICA COM AGULHA - 5,0MM (03.002-3)                                     ;211;41275,82;195,62;195,62
1001337;UM        ;FIXADOR LINEAR 200MM (03.040-6)                                                           ;0;0;0;675,01
1001338;UM        ;FIXADOR LINEAR 250MM (03.040-6)                                                           ;0;0;0;259,24
1001339;UM        ;FIXADOR LINEAR 300MM (03.040-6)                                                           ;0;0;0;259,24
1001340;UM        ;FIXADOR LINEAR 350MM (03.040-6)                                                           ;0;0;0;259,24
1001341;UM        ;FIXADOR LINEAR 400MM (03.040-6)                                                           ;0;0;0;259,24
1001349;UM        ;FIXADOR HIBRIDO 400/200 (03.039-2)                                                        ;0;0;0;566,07
1001357;UM        ;FIXADOR PARA FALANGE DUPLA TAM.P (03.060-0)                                               ;0;0;0;421,2
1001361;UM        ;FIXADOR PELVICO TUBULAR/BACIA (03.043-0)                                                  ;0;0;0;522,91
1001364;UM        ;KIT FIXADOR EXTERNO TUBO-TUBO / TUBO-PINO                                                 ;83;53793,13;648,11;648,11
1001372;UM        ;BARRA 100MM (FIXADOR TUBO A TUBO)                                                         ;32;20739,52;648,11;648,11
1001375;UM        ;PINO DE SCHANZ 3,0 X 100MM (03.080-5)                                                     ;0;0;0;25
1001381;UM        ;PINO DE SCHANZ 4,5 X 180MM (03.080-5)                                                     ;0;0;0;25
1001382;UM        ;PINO DE SCHANZ 4,5 X 200MM (03.080-5)                                                     ;0;0;0;0
1001385;UM        ;PINO DE SCHANZ 4,8 X 200MM (03.080-5)                                                     ;0;0;0;0
1001387;UM        ;PINO DE SCHANZ 5,0 X 200MM (03.080-5)                                                     ;0;0;0;0
1001389;UM        ;ARRUELAS 10MM                                                                             ;0;0;0;7,69
1001390;UM        ;ARRUELAS 12MM                                                                             ;0;0;0;7,25
1001391;UM        ;ARRUELAS 14MM                                                                             ;200;1610;8,05;8,05
1001393;UM        ;HASTE INTRAM. BLOQUEADA DE TIBIA 08X280MM (03.052-0)                                      ;0;0;0;668,8
1001394;UM        ;HASTE INTRAM. BLOQUEADA DE TIBIA 08X300MM (03.052-0)                                      ;0;0;0;668,8
1001395;UM        ;HASTE INTRAM. BLOQUEADA DE TIBIA 08X320MM (03.052-0)                                      ;0;0;0;668,8
1001396;UM        ;HASTE INTRAM. BLOQUEADA DE TIBIA 08X340MM (03.052-0)                                      ;0;0;0;668,8
1001397;UM        ;HASTE INTRAM. BLOQUEADA DE TIBIA 08X360MM (03.052-0)                                      ;0;0;0;668,8
1001398;UM        ;HASTE INTRAM. BLOQUEADA DE TIBIA 08X380MM (03.052-0)                                      ;0;0;0;668,8
1001399;UM        ;HASTE INTRAM. BLOQUEADA DE TIBIA 09X280MM (03.052-0)                                      ;0;0;0;668,8
1001400;UM        ;HASTE INTRAM. BLOQUEADA DE TIBIA 09X300MM (03.052-0)                                      ;0;0;0;668,8
1001401;UM        ;HASTE INTRAM. BLOQUEADA DE TIBIA 09X320MM (03.052-0)                                      ;0;0;0;668,8
1001402;UM        ;HASTE INTRAM. BLOQUEADA DE TIBIA 09X340MM (03.052-0)                                      ;0;0;0;668,8
1001403;UM        ;HASTE INTRAM. BLOQUEADA DE TIBIA 09X360MM (03.052-0)                                      ;0;0;0;668,8
1001404;UM        ;HASTE INTRAM. BLOQUEADA DE TIBIA 09X380MM (03.052-0)                                      ;0;0;0;668,8
1001405;UM        ;HASTE INTRAM. BLOQUEADA DE UMERO 7,0 X 260MM (03.053-8)                                   ;0;0;0;1010,46
1001406;UM        ;HASTE INTRAM. BLOQUEADA DE UMERO 7,0 X 270MM (03.053-8)                                   ;0;0;0;1010,46
1001408;UM        ;HASTE INTRAM. BLOQUEADA DE UMERO 8,0 X 220MM (03.053-8)                                   ;0;0;0;1010,46
1001409;UM        ;HASTE INTRAM. BLOQUEADA DE UMERO 8,0 X 240MM (03.053-8)                                   ;0;0;0;1010,46
1001410;UM        ;HASTE INTRAM. BLOQUEADA DE UMERO 8,0 X 250MM (03.053-8)                                   ;0;0;0;1010,46
1001411;UM        ;HASTE INTRAM. BLOQUEADA DE UMERO 8,0 X 260MM (03.053-8)                                   ;0;0;0;1010,46
1001412;UM        ;HASTE INTRAM. BLOQUEADA DE UMERO 8,0 X 270MM (03.053-8)                                   ;0;0;0;1010,46
1001413;UM        ;HASTE INTRAM. BLOQUEADA DE UMERO 8,0 X 280MM (03.053-8)                                   ;0;0;0;1010,46
1001415;UM        ;ENXERTO OSSEO  - HIDROXIAPATITA (EXTRA SUS)                                               ;0;0;0;428,92
1001416;UM        ;CIMENTO ORTOPEDICO (05.011-3)                                                             ;0;0;0;56,95
1001417;UM        ;CIMENTO ORTOPEDICO COM ANTIBIOTICO (03.008-2)                                             ;0;0;0;109,61
1001418;UM        ;FIO DE KIRCHNER 1,0MM (03.134-8)                                                          ;515;4944;9,6;9,6
1001421;UM        ;MINI PLACA RETA PONTE 13,5MM X 4FUROS (05.048-2)                                          ;0;0;0;343,72
1001422;UM        ;MINI PLACA RETA PONTE 9MM X 6FUROS (05.048-2)                                             ;0;0;0;343,72
1001423;UM        ;MINI PLACA RETA PONTE 13,5MM X 6FUROS (05.048-2)                                          ;0;0;0;343,72
1001424;UM        ;MICRO PLACA X PONTE 5MM (05.048-2)                                                        ;0;0;0;343,72
1001425;UM        ;(BUCOMAXILO)PLACA X PONTE (TODOS OS TAMANHOS)                                             ;3;531,84;177,28;177,28
1001440;UM        ;PLACA LISS BLOQ.FEMUR DISTAL DIREITO 04 FUROS (EXTRA SUS)                                 ;0;0;0;3655
1001441;UM        ;PLACA LISS BLOQ.FEMUR DISTAL DIREITO 06 FUROS (EXTRA SUS)                                 ;0;0;0;3655
1001442;UM        ;PLACA LISS BLOQ.FEMUR DISTAL DIREITO 08 FUROS (EXTRA SUS)                                 ;0;0;0;3655
1001443;UM        ;PLACA LISS BLOQ.FEMUR DISTAL DIREITO 10 FUROS (EXTRA SUS)                                 ;0;0;0;3655
1001444;UM        ;PLACA LISS BLOQ.FEMUR DISTAL DIREITO 12 FUROS (EXTRA SUS)                                 ;0;0;0;3655
1001445;UM        ;PLACA LISS BLOQ.FEMUR DISTAL ESQUERDO 04FUROS (EXTRA SUS)                                 ;0;0;0;3655
1001446;UM        ;PLACA LISS BLOQ.FEMUR DISTAL ESQUERDO 06 FUROS(EXTRA SUS)                                 ;0;0;0;3655
1001447;UM        ;PLACA LISS BLOQ.FEMUR DISTAL ESQUERDO 08 FUROS(EXTRA SUS)                                 ;0;0;0;3655
1001448;UM        ;PLACA LISS BLOQ.FEMUR DISTAL ESQUERDO 10 FUROS(EXTRA SUS)                                 ;0;0;0;3655
1001449;UM        ;PLACA LISS BLOQ.FEMUR DISTAL ESQUERDO 12 FUROS(EXTRA SUS)                                 ;0;0;0;3655
1001450;UM        ;SISTEMA BIOPSIA VERTEBRAL(KIT)                                                            ;4;9000;2250;2250
1001451;UM        ;PLACA RETA BUCO TITANIO 1,5X8MM 04 FUROS (05.048-2)                                       ;0;0;0;369,04
1001453;UM        ;CONECTOR HASTE/HASTE (ESQUERDO)(OCCIPTO-CERVICAL)                                         ;0;0;0;55,99
1001454;UM        ;PLACA BLOQUEADA RETA 3,5 X 9 FUROS (EXTRA SUS)                                            ;0;0;0;1900
1001455;UM        ;PLACA BLOQUEADA RETA 3,5 X 10 FUROS (EXTRA SUS)                                           ;0;0;0;1900
1001456;UM        ;(NEURO)CAMPO CIRURGICO DESCARTAVEL 56X84CM - IOBAM                                        ;0;0;0;469,55
1001461;UM        ;MICRO PLACA RETA PONTE 6MM X 6FUROS (05.048-2)                                            ;0;0;0;343,72
1001462;UM        ;MICRO PLACA RETA PONTE 8MM X 4FUROS (05.048-2)                                            ;0;0;0;343,72
1001463;UM        ;(BUCOMAXILO)PLACA Y PONTE (TODOS OS TAMANHOS)                                             ;0;0;0;343,72
1001464;UM        ;MICRO PLACA RETA PONTE 6MM X 4FUROS (05.048-2)                                            ;0;0;0;343,72
1001465;UM        ;MICRO PLACA L OBLIQUA PONTE 8MM X 5FUROS ESQUERDA (05.048-2)                              ;0;0;0;343,72
1001466;UM        ;MICRO PLACA Y PONTE 8MM X 5FUROS (05.048-2)                                               ;0;0;0;343,72
1001467;UM        ;PLACA BLOQUEADA PARA FIBULA ESQ. 9 FUROS                                                  ;0;0;0;847,22
1001468;UM        ;PLACA BLOQUEADA PARA FIBULA ESQ. 11 FUROS                                                 ;0;0;0;847,22
1001469;UM        ;PLACA BLOQUEADA PARA FIBULA ESQ. 12 FUROS                                                 ;0;0;0;847,22
1001470;UM        ;PLACA BLOQUEADA PARA FIBULA ESQ. 13 FUROS                                                 ;0;0;0;847,22
1001471;UM        ;PLACA BLOQUEADA PARA FIBULA DIR. 9 FUROS                                                  ;0;0;0;847,22
1001472;UM        ;PLACA BLOQUEADA PARA FIBULA DIR. 11 FUROS                                                 ;0;0;0;847,22
1001473;UM        ;PLACA BLOQUEADA PARA FIBULA DIR. 12 FUROS                                                 ;0;0;0;847,22
1001474;UM        ;PLACA BLOQUEADA PARA FIBULA DIR. 13 FUROS                                                 ;0;0;0;847,22
1001475;UM        ;PLACA BLOQUEADA EM S PARA CLAVICULA PEQUENA DIRETA                                        ;0;0;0;1550
1001478;UM        ;PLACA BLOQUEADA EM S PARA CLAVICULA PEQUENA ESQUERDA                                      ;0;0;0;1550
1001487;UM        ;PLACA ANGULADA INFANTIL 3,5X25 90∞                                                        ;0;0;0;779,16
1001488;UM        ;PLACA ANGULADA INFANTIL 3,5X30 90∞                                                        ;0;0;0;779,16
1001489;UM        ;PLACA ANGULADA INFANTIL 3,5X32 90∞                                                        ;0;0;0;779,16
1001490;UM        ;PLACA ANGULADA INFANTIL 3,5X35 90∞                                                        ;0;0;0;779,16
1001491;UM        ;PLACA ANGULADA INFANTIL 3,5X40 90∞                                                        ;0;0;0;779,16
1001495;UM        ;CABO DALL MILES M                                                                         ;0;0;0;158,33
1001496;UM        ;CABO DALL MILES G                                                                         ;0;0;0;158,33
1001498;UM        ;PLACA BLOQUEADA P/UMERO PROXIMAL DIREITO 8 FUROS(EXTRA SUS) )                             ;0;0;0;1428,57
1001499;UM        ;PLACA BLOQUEADA P/ UMERO PROXIMAL ESQUERDO 9FUROS (EXTRA SUS)                             ;0;0;0;1428,57
1001500;UM        ;CAMPO PLASTICO CIRURGICO ANTIMICROBIANO 40X60 (EXTRA SUS)                                 ;230;20700;90;90
1001501;UM        ;PLACA BLOQUEADA P/ UMERO PROXIMAL DIREITA 10FUROS (EXTRA SUS)                             ;0;0;0;1428,57
1001502;UM        ;FIO GUIA PERFURADO 2,0X300 (EXTRA SUS)                                                    ;0;0;0;48,07
1001503;UM        ;FIO GUIA PERFURADO 2,4X300 (EXTRA SUS)                                                    ;0;0;0;48,07
1001504;UM        ;FIO GUIA PERFURADO 2,4X350 (EXTRA SUS)                                                    ;0;0;0;48,07
1001505;UM        ;FIO GUIA PERFURADO 2,4X400 (EXTRA SUS)                                                    ;0;0;0;48,07
1001506;UM        ;PARAFUSO CORTICAL COM ARRUELA DENTADA 4,5X40MM (EXTRA SUS)                                ;0;0;0;233,33
1001507;UM        ;PARAFUSO CORTICAL COM ARRUELA DENTADA 4,5X45MM (EXTRA SUS)                                ;0;0;0;233,33
1001508;UM        ;PARAFUSO CORTICAL COM ARRUELA DENTADA 4,5X50MM (EXTRA SUS)                                ;0;0;0;233,33
1001509;UM        ;PARAFUSO CORTICAL COM ARRUELA DENTADA 4,5X55MM (EXTRA SUS)                                ;0;0;0;233,33
1001510;UM        ;PARAFUSO CORTICAL COM ARRUELA DENTADA 4,5X60MM (EXTRA SUS)                                ;0;0;0;233,33
1001511;UM        ;FIO DE CERCLAGEM AÁO 1,0 (EXTRA SUS)                                                      ;76;3021;39,75;39,75
1001512;UM        ;FIO DE CERCLAGEM AÁO 1,2 (EXTRA SUS)                                                      ;76;3021;39,75;39,75
1001513;UM        ;FIO DE CERCLAGEM AÁO 1,5 (EXTRA SUS)                                                      ;47;1836,5;39,074468;8
1001516;UM        ;PARAFUSO ODONTOIDE ROSCA PARCIAL 4,0X42 (COLUNA LOMBAR)                                   ;0;0;0;251,45
1001517;UM        ;GANCHO CROSS LINK (05.082-2)                                                              ;0;0;0;437,18
1001518;UM        ;GANCHO LAMINAR DIREITO/ESQUERDO (05.022-9)                                                ;0;0;0;437,18
1001519;UM        ;BARRA DE LIGAÁAO PARA GANCHO CROSS LINK (05.033-4)                                        ;0;0;0;179,65
1001520;UM        ;TUBO CENTRIFUGACAO TIPO FALCON POLIPROPILENO TRANSPARENTE FUNDO CONICO C/ TAMPA ROSQUEAVEL;0;0;0;0
1001521;UM        ;HASTE INTRAM. BLOQUEADA DE UMERO 7,0 X 250MM (03.053-8)                                   ;0;0;0;1010,46
1001522;UM        ;(MINI FRAGMENTOS 1,5) MICRO PLACA T 7FUROS                                                ;0;0;0;343,72
1001523;UM        ;(MINI FRAGMENTOS 1,5) MICRO PLACA X 6FUROS                                                ;0;0;0;293,39
1001524;UM        ;(MINI FRAGMENTOS 1,5) MICRO PLACA T 4FUROS                                                ;0;0;0;343,72
1001525;UM        ;(MINI FRAGMENTOS 1,5) MICRO PLACA L ESQUERDA 4FUROS                                       ;0;0;0;343,72
1001526;UM        ;(MINI FRAGMENTOS 1,5) MICRO PLACA L DIREITA 4FUROS                                        ;0;0;0;343,72
1001527;UM        ;(MINI FRAGMENTOS 1,5) MICRO PLACA PONTE 4FUROS                                            ;0;0;0;343,72
1001528;UM        ;(MINI FRAGMENTOS 2,0) MINI PLACA Y 7FUROS                                                 ;0;0;0;101,99
1001529;UM        ;(MINI FRAGMENTOS 2,0) MINI PLACA L ESQUERDA 6FUROS                                        ;0;0;0;101,99
1001530;UM        ;(MINI FRAGMENTOS 2,0) MINI PLACA L DIREITA 4FUROS                                         ;0;0;0;101,99
1001531;UM        ;(MINI FRAGMENTOS 2,0) MINI PLACA T 6FUROS                                                 ;0;0;0;101,99
1001532;UM        ;(MINI FRAGMENTOS 2,0) MINI PLACA L ESQUERDA 4FUROS                                        ;0;0;0;101,99
1001533;UM        ;(MINI FRAGMENTOS 2,0) MINI PLACA L DIREITA 6FUROS                                         ;0;0;0;101,99
1001538;UM        ;(MINI FRAGMENTOS 2,5/2,7) PLACA L ESQUERDA 5FUROS                                         ;0;0;0;131,35
1001539;UM        ;(MINI FRAGMENTOS 2,5/2,7) PLACA L DIREITA 5FUROS                                          ;0;0;0;131,35
1001540;UM        ;(MINI FRAGMENTOS 2,5/2,7) PLACA L OBLIQUA ESQUERDA 5FUROS                                 ;0;0;0;131,35
1001541;UM        ;(MINI FRAGMENTOS 2,5/2,7) PLACA L OBLIQUA DIREITA 5FUROS                                  ;0;0;0;131,35
1001543;UM        ;PLACA EM T CURVO BLOQUEADA 4,5 - 2X4                                                      ;0;0;0;1540,11
1001544;UM        ;PLACA EM T CURVO BLOQUEADA 4,5 - 2X5                                                      ;0;0;0;2291,18
1001545;UM        ;PLACA EM T CURVO BLOQUEADA 4,5 - 2X6                                                      ;0;0;0;2291,18
1001547;UM        ;PLACA EM T CURVO BLOQUEADA 4,5 - 2X8                                                      ;0;0;0;2291,18
1001551;UM        ;PLACA EM T BLOQUEADA 4,5 - 2X3                                                            ;0;0;0;277,1
1001552;UM        ;PLACA EM T BLOQUEADA 4,5 - 2X4                                                            ;0;0;0;2291,18
1001553;UM        ;PLACA EM T BLOQUEADA 4,5 - 2X5                                                            ;0;0;0;2291,18
1001554;UM        ;PLACA EM T BLOQUEADA 4,5 - 2X6                                                            ;0;0;0;2291,18
1001556;UM        ;PLACA EM T BLOQUEADA 4,5 - 2X8                                                            ;0;0;0;2291,18
1001560;UM        ;PLACA EM L BLOQUEADA ESQUERDA 4,5 - 2X4                                                   ;0;0;0;1540,11
1001561;UM        ;PLACA EM L BLOQUEADA ESQUERDA 4,5 - 2X5                                                   ;0;0;0;1540,11
1001562;UM        ;PLACA EM L BLOQUEADA ESQUERDA 4,5 - 2X6                                                   ;0;0;0;1540,11
1001564;UM        ;PLACA EM L BLOQUEADA ESQUERDA 4,5 - 2X8                                                   ;0;0;0;293,41
1001569;UM        ;PLACA EM L BLOQUEADA DIREITA 4,5 - 2X4                                                    ;0;0;0;2291,18
1001570;UM        ;PLACA EM L BLOQUEADA DIREITA 4,5 - 2X5                                                    ;0;0;0;2291,18
1001571;UM        ;PLACA EM L BLOQUEADA DIREITA 4,5 - 2X6                                                    ;0;0;0;2291,18
1001573;UM        ;PLACA EM L BLOQUEADA DIREITA 4,5 - 2X8                                                    ;0;0;0;2291,18
1001577;UM        ;PLACA DE SUSTENTA«AO TACO DE GOLFE BLOQUEADA DIREITA 4,5X4                                ;0;0;0;293,41
1001578;UM        ;PLACA DE SUSTENTA«AO TACO DE GOLFE BLOQUEADA DIREITA 4,5X5                                ;0;0;0;293,41
1001579;UM        ;PLACA DE SUSTENTA«AO TACO DE GOLFE BLOQUEADA DIREITA 4,5X6                                ;0;0;0;2291,18
1001580;UM        ;PLACA DE SUSTENTA«AO TACO DE GOLFE BLOQUEADA DIREITA 4,5X8                                ;0;0;0;2291,18
1001585;UM        ;PLACA DE SUSTENTA«AO TACO DE GOLFE BLOQUEADA ESQUERDA 4,5X4                               ;0;0;0;2291,18
1001586;UM        ;PLACA DE SUSTENTA«AO TACO DE GOLFE BLOQUEADA ESQUERDA 4,5X5                               ;0;0;0;2291,18
1001587;UM        ;PLACA DE SUSTENTA«AO TACO DE GOLFE BLOQUEADA ESQUERDA 4,5X6                               ;0;0;0;2291,18
1001588;UM        ;PLACA DE SUSTENTA«AO TACO DE GOLFE BLOQUEADA ESQUERDA 4,5X8                               ;0;0;0;2291,18
1001603;UM        ;PLACA LARGA BLOQUEADA 4,5X6                                                               ;0;0;0;1540,11
1001604;UM        ;PLACA LARGA BLOQUEADA 4,5X7                                                               ;0;0;0;1319,43
1001605;UM        ;PLACA LARGA BLOQUEADA 4,5X8                                                               ;0;0;0;1319,43
1001606;UM        ;PLACA LARGA BLOQUEADA 4,5X9                                                               ;0;0;0;1319,43
1001607;UM        ;PLACA LARGA BLOQUEADA 4,5X10                                                              ;0;0;0;1391,09
1001608;UM        ;PLACA LARGA BLOQUEADA 4,5X12                                                              ;0;0;0;1308,71
1001609;UM        ;PLACA LARGA BLOQUEADA 4,5X14                                                              ;0;0;0;1319,43
1001613;UM        ;PLACA ESTREITA BLOQUEADA 4,5X4                                                            ;0;0;0;1391,09
1001614;UM        ;PLACA ESTREITA BLOQUEADA 4,5X5                                                            ;0;0;0;1391,09
1001615;UM        ;PLACA ESTREITA BLOQUEADA 4,5X6                                                            ;0;0;0;1391,09
1001616;UM        ;PLACA ESTREITA BLOQUEADA 4,5X7                                                            ;0;0;0;1391,09
1001617;UM        ;PLACA ESTREITA BLOQUEADA 4,5X8                                                            ;0;0;0;1391,09
1001618;UM        ;PLACA ESTREITA BLOQUEADA 4,5X9                                                            ;0;0;0;1319,43
1001619;UM        ;PLACA ESTREITA BLOQUEADA 4,5X10                                                           ;0;0;0;1391,09
1001637;UM        ;PARAFUSO AUTO ROSQUEAVEL 5,0X14                                                           ;0;0;0;53,37
1001638;UM        ;PARAFUSO AUTO ROSQUEAVEL 5,0X16                                                           ;0;0;0;53,37
1001639;UM        ;PARAFUSO AUTO ROSQUEAVEL 5,0X18                                                           ;0;0;0;53,37
1001640;UM        ;PARAFUSO AUTO ROSQUEAVEL 5,0X20                                                           ;0;0;0;53,37
1001641;UM        ;PARAFUSO AUTO ROSQUEAVEL 5,0X22                                                           ;0;0;0;53,37
1001642;UM        ;PARAFUSO AUTO ROSQUEAVEL 5,0X24                                                           ;0;0;0;53,37
1001643;UM        ;PARAFUSO AUTO ROSQUEAVEL 5,0X26                                                           ;0;0;0;53,37
1001644;UM        ;PARAFUSO AUTO ROSQUEAVEL 5,0X28                                                           ;0;0;0;53,37
1001645;UM        ;PARAFUSO AUTO ROSQUEAVEL 5,0X30                                                           ;0;0;0;53,37
1001646;UM        ;PARAFUSO AUTO ROSQUEAVEL 5,0X32                                                           ;0;0;0;53,37
1001647;UM        ;PARAFUSO AUTO ROSQUEAVEL 5,0X34                                                           ;0;0;0;53,37
1001648;UM        ;PARAFUSO AUTO ROSQUEAVEL 5,0X36                                                           ;0;0;0;41,69
1001649;UM        ;PARAFUSO AUTO ROSQUEAVEL 5,0X38                                                           ;0;0;0;53,37
1001650;UM        ;PARAFUSO AUTO ROSQUEAVEL 5,0X40                                                           ;0;0;0;41,69
1001651;UM        ;PARAFUSO AUTO ROSQUEAVEL 5,0X42                                                           ;0;0;0;53,37
1001652;UM        ;PARAFUSO AUTO ROSQUEAVEL 5,0X44                                                           ;0;0;0;41,69
1001653;UM        ;PARAFUSO AUTO ROSQUEAVEL 5,0X46                                                           ;0;0;0;53,37
1001654;UM        ;PARAFUSO AUTO ROSQUEAVEL 5,0X48                                                           ;0;0;0;53,37
1001655;UM        ;PARAFUSO AUTO ROSQUEAVEL 5,0X50                                                           ;0;0;0;53,37
1001656;UM        ;PARAFUSO AUTO ROSQUEAVEL 5,0X55                                                           ;0;0;0;41,69
1001657;UM        ;PARAFUSO AUTO ROSQUEAVEL 5,0X58                                                           ;0;0;0;53,37
1001658;UM        ;PARAFUSO AUTO ROSQUEAVEL 5,0X62/ 5,0X66                                                   ;0;0;0;53,37
1001659;UM        ;PARAFUSO AUTO ROSQUEAVEL 5,0X70                                                           ;0;0;0;53,37
1001660;UM        ;PARAFUSO AUTO ROSQUEAVEL 5,0X75                                                           ;0;0;0;41,69
1001661;UM        ;PARAFUSO AUTO ROSQUEAVEL 5,0X78                                                           ;0;0;0;53,37
1001664;UM        ;MANIFOLD 500PSI(TORNEIRA PLASTICA DE 05 VIAS PARA ANGIOGRAFIA E ANGIOPLASTIA, COM ABS EM A;0;0;0;18
1001665;UM        ;ASPIRADOR CIRURGICO DESCARTAVEL COM EXTENSAO 3 MTS PONTA ARREDONDADA ATRAUMATICA ESTERIL  ;558;25718,22;46,09;46,09
1001666;UM        ;(BUCOMAXILO)PLACA SARGITAL (TODOS OS TAMANHOS)                                            ;3;531,84;177,28;177,28
1001668;UM        ;(BUCOMAXILO)PLACA RETA DUPLA PONTE (TODOS OS TAMANHOS)                                    ;0;0;0;361,77
1001669;UM        ;MINI PLACA RETA DUPLA PONTE 13,5MM 8F                                                     ;0;0;0;343,72
1001670;UM        ;MINI PLACA RETA DUPLA PONTE 16,5MM 8F                                                     ;0;0;0;343,72
1001671;UM        ;(BUCOMAXILO)PLACA DUPLA ANGULADA(TODOS OS TAMANHOS)                                       ;2;1679,22;839,61;839,61
1001672;UM        ;MINI PLACA DUPLA ANGULADA 20∞ PONTE 13,5MM DF                                             ;0;0;0;343,72
1001673;UM        ;MINI PLACA DUPLA ANGULADA 20∞ PONTE 16,5MM DF                                             ;0;0;0;343,72
1001674;UM        ;MICRO PLACA LEFORT 11F AVANCO 2MM ESQUERDA                                                ;0;0;0;343,72
1001675;UM        ;MICRO PLACA LEFORT 11F AVANCO 6MM DIREITA                                                 ;0;0;0;343,72
1001676;UM        ;(BUCOMAXILO) PLACA P/MENTO CHIN (TODOS OS TAMANHOS)                                       ;0;0;0;361,77
1001680;UM        ;PARAFUSO DE GRANDES FRAGMENTOS LONGOS (EXTRA SUS)                                         ;0;0;0;1900
1001681;UM        ;PLACA BLOQUEADA ANGULO RETO 3,5CM - 4X4 FUROS (EXTRA SUS)                                 ;0;0;0;1900
1001682;UM        ;PLACA DE UMERO PROXIMAL 3,5CM - 03 FUROS (EXTRA SUS)                                      ;0;0;0;1900
1001683;UM        ;PLACA DE UMERO PROXIMAL 3,5CM - 05 FUROS (EXTRA SUS)                                      ;0;0;0;1900
1001684;UM        ;PLACA DE UMERO PROXIMAL 3,5CM - 06 FUROS (EXTRA SUS)                                      ;0;0;0;1900
1001685;UM        ;PLACA DE UMERO PROXIMAL 3,5CM - 08 FUROS (EXTRA SUS)                                      ;0;0;0;1900
1001686;UM        ;PLACA DE UMERO PROXIMAL 3,5CM - 10 FUROS (EXTRA SUS)                                      ;0;0;0;1900
1001687;UM        ;PLACA DE UMERO PROXIMAL 3,5CM - 12 FUROS (EXTRA SUS)                                      ;0;0;0;1900
1001688;UM        ;PARAFUSO CORTICAL 3,5X26MM (03.069-4)                                                     ;0;0;0;94,06
1001689;UM        ;PARAFUSO CORTICAL 3,5X28MM (03.069-4)                                                     ;0;0;0;9,82
1001690;UM        ;PARAFUSO CORTICAL 3,5X32MM (03.069-4)                                                     ;0;0;0;9,82
1001691;UM        ;PARAFUSO CORTICAL 3,5X36MM (03.069-4)                                                     ;0;0;0;9,82
1001692;UM        ;PARAFUSO CORTICAL 3,5X55MM (03.069-4)                                                     ;0;0;0;94,06
1001693;UM        ;PARAFUSO CORTICAL 3,5X60MM (03.069-4)                                                     ;0;0;0;94,06
1001694;UM        ;PARAFUSO BLOQUEADO CORTICAL 3,5X10MM (EXTRA SUS)                                          ;0;0;0;35,89
1001695;UM        ;PARAFUSO BLOQUEADO CORTICAL 3,5X12MM (EXTRA SUS)                                          ;0;0;0;35,89
1001696;UM        ;PARAFUSO BLOQUEADO CORTICAL 3,5X22MM (EXTRA SUS)                                          ;0;0;0;490
1001697;UM        ;PARAFUSO BLOQUEADO CORTICAL 3,5X24MM (EXTRA SUS)                                          ;0;0;0;490
1001698;UM        ;PARAFUSO BLOQUEADO CORTICAL 3,5X26MM (EXTRA SUS)                                          ;0;0;0;490
1001699;UM        ;PARAFUSO BLOQUEADO CORTICAL 3,5X28MM (EXTRA SUS)                                          ;0;0;0;490
1001700;UM        ;PARAFUSO BLOQUEADO CORTICAL 3,5X30MM (EXTRA SUS)                                          ;0;0;0;490
1001701;UM        ;PARAFUSO BLOQUEADO CORTICAL 3,5X32MM (EXTRA SUS)                                          ;0;0;0;490
1001702;UM        ;PARAFUSO BLOQUEADO CORTICAL 3,5X35MM (EXTRA SUS)                                          ;0;0;0;490
1001703;UM        ;PARAFUSO BLOQUEADO CORTICAL 3,5X38MM (EXTRA SUS)                                          ;0;0;0;490
1001704;UM        ;PARAFUSO BLOQUEADO CORTICAL 3,5X40MM (EXTRA SUS)                                          ;0;0;0;490
1001705;UM        ;PARAFUSO BLOQUEADO CORTICAL 3,5X42MM (EXTRA SUS)                                          ;0;0;0;490
1001706;UM        ;PARAFUSO BLOQUEADO CORTICAL 3,5X45MM (EXTRA SUS)                                          ;0;0;0;490
1001707;UM        ;PARAFUSO BLOQUEADO CORTICAL 3,5X48MM (EXTRA SUS)                                          ;0;0;0;490
1001708;UM        ;PARAFUSO BLOQUEADO CORTICAL 3,5X50MM (EXTRA SUS)                                          ;0;0;0;490
1001709;UM        ;PARAFUSO BLOQUEADO CORTICAL 3,5X52MM (EXTRA SUS)                                          ;0;0;0;490
1001710;UM        ;PARAFUSO BLOQUEADO CORTICAL 3,5X55MM (EXTRA SUS)                                          ;0;0;0;490
1001711;UM        ;PARAFUSO BLOQUEADO CORTICAL 3,5X60MM (EXTRA SUS)                                          ;0;0;0;490
1001712;UM        ;PARAFUSO BLOQUEADO ESPONJOSO 4,0X10MM - RT (EXTRA SUS)                                    ;0;0;0;104,13
1001713;UM        ;PARAFUSO BLOQUEADO ESPONJOSO 4,0X12MM - RT (EXTRA SUS)                                    ;0;0;0;75
1001714;UM        ;PARAFUSO BLOQUEADO ESPONJOSO 4,0X14MM - RT (EXTRA SUS)                                    ;0;0;0;16,63
1001715;UM        ;PARAFUSO BLOQUEADO ESPONJOSO 4,0X16MM - RT (EXTRA SUS)                                    ;0;0;0;16,63
1001716;UM        ;PARAFUSO BLOQUEADO ESPONJOSO 4,0X18MM - RT (EXTRA SUS)                                    ;0;0;0;16,63
1001717;UM        ;PARAFUSO BLOQUEADO ESPONJOSO 4,0X20MM - RT (EXTRA SUS)                                    ;0;0;0;16,63
1001718;UM        ;PARAFUSO BLOQUEADO ESPONJOSO 4,0X22MM - RT (EXTRA SUS)                                    ;0;0;0;16,63
1001719;UM        ;PARAFUSO BLOQUEADO ESPONJOSO 4,0X24MM - RT (EXTRA SUS)                                    ;0;0;0;16,63
1001720;UM        ;PARAFUSO BLOQUEADO ESPONJOSO 4,0X26MM - RT (EXTRA SUS)                                    ;0;0;0;16,63
1001721;UM        ;PARAFUSO BLOQUEADO ESPONJOSO 4,0X28MM - RT (EXTRA SUS)                                    ;0;0;0;104,13
1001722;UM        ;PARAFUSO BLOQUEADO ESPONJOSO 4,0X30MM - RT (EXTRA SUS)                                    ;0;0;0;16,63
1001723;UM        ;PARAFUSO BLOQUEADO ESPONJOSO 4,0X35MM - RT (EXTRA SUS)                                    ;0;0;0;16,63
1001724;UM        ;PARAFUSO BLOQUEADO ESPONJOSO 4,0X40MM - RT (EXTRA SUS)                                    ;0;0;0;104,13
1001725;UM        ;PARAFUSO CORTICAL - TITANIO 5,0X18MM (EXTRA SUS)                                          ;0;0;0;16,63
1001726;UM        ;PARAFUSO CORTICAL - TITANIO 5,0X20MM (EXTRA SUS)                                          ;0;0;0;500
1001727;UM        ;PARAFUSO CORTICAL - TITANIO 5,0X22MM (EXTRA SUS)                                          ;0;0;0;500
1001728;UM        ;PARAFUSO CORTICAL - TITANIO 5,0X24MM (EXTRA SUS)                                          ;0;0;0;500
1001729;UM        ;PARAFUSO CORTICAL - TITANIO 5,0X26MM (EXTRA SUS)                                          ;0;0;0;500
1001730;UM        ;PARAFUSO CORTICAL - TITANIO 5,0X28MM (EXTRA SUS)                                          ;0;0;0;500
1001731;UM        ;PARAFUSO CORTICAL - TITANIO 5,0X30MM (EXTRA SUS)                                          ;0;0;0;500
1001732;UM        ;PARAFUSO CORTICAL - TITANIO 5,0X32MM (EXTRA SUS)                                          ;0;0;0;500
1001733;UM        ;PARAFUSO CORTICAL - TITANIO 5,0X34MM (EXTRA SUS)                                          ;0;0;0;500
1001734;UM        ;PARAFUSO CORTICAL - TITANIO 5,0X36MM (EXTRA SUS)                                          ;0;0;0;500
1001735;UM        ;PARAFUSO CORTICAL - TITANIO 5,0X38MM (EXTRA SUS)                                          ;0;0;0;500
1001736;UM        ;PARAFUSO CORTICAL - TITANIO 5,0X40MM (EXTRA SUS)                                          ;0;0;0;500
1001737;UM        ;PARAFUSO CORTICAL - TITANIO 5,0X42MM (EXTRA SUS)                                          ;0;0;0;500
1001738;UM        ;PARAFUSO CORTICAL - TITANIO 5,0X44MM (EXTRA SUS)                                          ;0;0;0;500
1001739;UM        ;PARAFUSO CORTICAL - TITANIO 5,0X46MM (EXTRA SUS)                                          ;0;0;0;500
1001740;UM        ;PARAFUSO CORTICAL - TITANIO 5,0X48MM (EXTRA SUS)                                          ;0;0;0;500
1001741;UM        ;PARAFUSO CORTICAL - TITANIO 5,0X50MM (EXTRA SUS)                                          ;0;0;0;500
1001742;CX.       ;KIT DE SUTURA DE MENISCO (EXTRA SUS)                                                      ;0;0;0;1500
1001748;UM        ;(HEMO)STENT BIOFREEDOM 2,25X18MM REF. BFRI 2218                                           ;0;0;0;2000,12
1001753;UM        ;(HEMO)STENT BIOFREEDOM  2,25X24MM REF.BFRI 2224                                           ;0;0;0;2000,12
1001754;UM        ;(HEMO)STENT BIOFREEDOM 2,25X28MM REF. BFRI.2228                                           ;0;0;0;2000,12
1001755;UM        ;(HEMO)LINHA DE ALTA PRESSAO DE 75 CM FLEXIVEL NOTA FISCAL 315                             ;0;0;0;15
1001759;UM        ;(ESPEC) STENT FARMACOLOGICO XIENCE ALPINE 2,75X18 AVI NEUTRA                              ;0;0;0;800,17
1001760;UM        ;(ESPEC)STENT FARMACOLOGICO XIENCE ALPINE 2,50X23 AVI NEUTRA.                              ;0;0;0;800,17
1001769;UM        ;(HEMO)CATETER GUIA 6F XB4-100CM REF. 670-056-00                                           ;0;0;0;150
1001770;UM        ;(HEMO)CATETER GUIA 6F-XB3 DE 100CM REF.670-052-00                                         ;0;0;0;150
1001771;UM        ;(HEMO)CATETER GUIA 7FR JR4 DE 100CM REF.778-082-00                                        ;0;0;0;150
1001772;UM        ;(HEMO)CATETER GUIA 7F-XB3 DE 100CM REF.778-052-00                                         ;0;0;0;150
1001775;UM        ;(HEMO)CATETER GUIA 7F JL4 DE 100CM REF.778-004-00                                         ;0;0;0;150
1001777;UM        ;(HEMO)STENT BIOFREEDOM 2,25X14MM. REF. BFRI 2214                                          ;0;0;0;2000,12
1001785;KIT       ;KIT PARA HEMODIALISE BALTON 12FX20CM                                                      ;183;18376,86;100,42;100,42
1001786;UM        ;(HEMO) STENT BIOFREEDOM 2,5X14MM REF. BFRI 2514                                           ;0;0;0;2000,12
1001787;UM        ;(HEMO) STENT BIOFREEDOM 2,50X18MM  REF.BFRI2518                                           ;0;0;0;2000,12
1001788;UM        ;(HEMO) STENT BIOFREEDOM 2,50X24MM REF. BFRI2524                                           ;0;0;0;2000,12
1001789;UM        ;(HEMO) STENT BIOFREEDOM 2,50X28MM REF. BFRI2528                                           ;0;0;0;2000,12
1001790;UM        ;(HEMO) STENT BIOFREEDOM 2,75X14MM REF.BFRI 2714                                           ;0;0;0;2000,12
1001791;UM        ;(HEMO) STENT BIOFREEDOM 2,75X18MM REF. BFRI 2718                                          ;0;0;0;2000,12
1001792;UM        ;(HEMO) STENT BIOFREEDOM 2,75X24MM REF. BFRI 2724                                          ;0;0;0;2000,12
1001793;UM        ;(HEMO) STENT BIOFREEDOM 2,75X28MM REF. BFRI 2728                                          ;0;0;0;2000,12
1001794;UM        ;(HEMO) STENT BIOFREEDOM 3,00X14MM REF. BFRI 3014                                          ;0;0;0;2000,12
1001795;UM        ;(HEMO) STENT BIOFREEDOM 3,00X18MM REF.BFRI 3018                                           ;0;0;0;2000,12
1001796;UM        ;(HEMO) STENT BIOFREEDOM 3,00X24MM REF.BFRI 3024                                           ;0;0;0;2000,12
1001797;UM        ;(HEMO) STENT BIOFREEDOM 3,00X28MM REF.BFRI 3028                                           ;0;0;0;2000,12
1001798;UM        ;(HEMO) STENT BIOFREEDOM 3,50X14MM REF. BFRI3514                                           ;0;0;0;2000,12
1001799;UM        ;(HEMO) STENT BIOFREEDOM 3,50X18MM REF. BFRI 3518                                          ;0;0;0;2000,12
1001800;UM        ;(HEMO) STENT BIOFREEDOM 3,50X24MM REF.BFRI 3524                                           ;0;0;0;2000,12
1001801;UM        ;(HEMO) STENT BIOFREEDOM 3,50X28MM REF. BFRI3528                                           ;0;0;0;2000,12
1001802;UM        ;(CARDIO)INTRODUTOR P/ ELETRODO (LI-08 PLUS G)                                             ;0;0;0;695,88
1001810;UM        ;MEMBRANA FILTRANTE PARA ESPIROMETRIA                                                      ;0;0;0;4,5
1001811;UM        ;HASTE INTRAM. BLOQUEADA DE TIBIA 10X280MM (03.052-0)                                      ;0;0;0;900
1001812;UM        ;PARAFUSO CANULADO 3,5 12MM (03.062-7)                                                     ;0;0;0;100
1001813;UM        ;ARRUELA LISA 3,5 X 4,0MM (03.004-0)                                                       ;0;0;0;7
1001814;UM        ;ARRUELA LISA 4,5 X 5,0MM (03.004-0)                                                       ;0;0;0;7
1001815;UM        ;ARRUELA LISA 6,5 X 7,0MM (03.004-0)                                                       ;0;0;0;7
1001816;UM        ;FIO STEINMAN LISO 2,5MM (05.079-2)                                                        ;0;0;0;13,45
1001817;UM        ;(ESPEC) FIO GUIA P/ HASTE DE TIBIA 2,5MM                                                  ;0;0;0;45
1001818;UM        ;(ESPEC) FIO GUIA P/ HASTE DE TIBIA 3,0MM                                                  ;0;0;0;45
1001819;UM        ;(NEURO)TUBO ENDOTRAQUEAL ARAMADO TAM. 3.5 COM BALAO                                       ;0;0;0;24,57
1001820;UM        ;(NEURO)TUBO ENDOTRAQUEAL ARAMADO TAM. 4.0 COM BALAO                                       ;0;0;0;24,57
1001821;UM        ;(NEURO)TUBO ENDOTRAQUEAL ARAMADO TAM. 5.0                                                 ;0;0;0;24,57
1001822;UM        ;(OFTAL)SONDA CURVA 23G                                                                    ;0;0;0;24,57
1001823;UM        ;AGULHA DESCARTAVEL (40 X 0,80)                                                            ;0;0;0;24,57
1001824;UM        ;(OFTAL)SONDA CURVA 20G.                                                                   ;0;0;0;24,57
1001827;UM        ;PLACA PUDDU CORRETIVA FEMORAL 15MM (EXTRA SUS)                                            ;0;0;0;830,55
1001828;UM        ;PLACA PUDDU CORRETIVA FEMORAL 17,5MM (EXTRA SUS)                                          ;0;0;0;830,55
1001829;UM        ;HASTE INTRAM. BLOQUEADA DE UMERO 7,0 X 210MM (03.053-8)                                   ;0;0;0;1010,46
1001830;UM        ;HASTE INTRAM. BLOQUEADA DE UMERO 7,0 X 220MM (03.053-8)                                   ;0;0;0;1010,46
1001831;UM        ;HASTE INTRAM. BLOQUEADA DE UMERO 7,0 X 230MM (03.053-8)                                   ;0;0;0;1010,46
1001832;UM        ;HASTE INTRAM. BLOQUEADA DE UMERO 7,0 X 240MM (03.053-8)                                   ;0;0;0;1010,46
1001833;UM        ;HASTE INTRAM. BLOQUEADA DE UMERO 7,0 X 300MM (03.053-8)                                   ;0;0;0;1010,46
1001834;UM        ;HASTE INTRAM. BLOQUEADA DE UMERO 8,0 X 230MM (03.053-8)                                   ;0;0;0;1010,46
1001837;UM        ;COBERTURA DE ESPUMA (BAITAIN)MULTISHAPE 14CMX19.5CM REF 33408 SILICONE COM ADESIVO SUAVE. ;0;0;0;50,88
1001838;UM        ;ANCORA NAO ABSORVIVEL 2,5X9MM (IMPACTECK)                                                 ;0;0;0;1435,18
1001839;UM        ;FIO GUIA (MANDRIL) PARA ENTUBACAO OROTRAQUEAL ADULTO 40CM.                                ;303;6029,7;19,9;19,9
1001854;UM        ;ESPACADOR P/ SER USADO EM CONJUNTO C/ INALADORES SPRAY TAM G                              ;0;0;0;24,67
1001855;UM        ;CAPA MICROSCOPIO CIRURGICO C/ VISOR ENTRE 95CMX220CM OU 110CMX250CM.                      ;12;323,04;26,92;26,92
1001856;UM        ;PARAFUSO CORTICAL COM ARRUELA DENTADA 4,5X65MM (EXTRA SUS)                                ;0;0;0;233,33
1001857;UM        ;PARAFUSO CANULADO ROSCA PARCIAL 2,7X12MM                                                  ;0;0;0;109,87
1001858;UM        ;PARAFUSO CANULADO ROSCA PARCIAL 2,7X14MM                                                  ;0;0;0;109,87
1001860;UM        ;PARAFUSO CANULADO ROSCA PARCIAL 2,7X18MM                                                  ;0;0;0;109,87
1001861;UM        ;PARAFUSO CANULADO ROSCA PARCIAL 2,7X20MM                                                  ;0;0;0;109,87
1001862;UM        ;PARAFUSO CANULADO ROSCA PARCIAL 2,7X22MM                                                  ;0;0;0;109,87
1001864;UM        ;PARAFUSO CANULADO ROSCA PARCIAL 2,7X26MM                                                  ;0;0;0;109,87
1001865;UM        ;PARAFUSO CANULADO ROSCA PARCIAL 2,7X28MM                                                  ;0;0;0;109,87
1001866;UM        ;PARAFUSO CANULADO ROSCA PARCIAL 2,7X30MM                                                  ;0;0;0;109,87
1001867;UM        ;PARAFUSO CANULADO ROSCA PARCIAL 2,7X32MM                                                  ;0;0;0;109,87
1001868;UM        ;PARAFUSO CANULADO ROSCA PARCIAL 2,7X34MM                                                  ;0;0;0;109,87
1001869;UM        ;PARAFUSO CANULADO ROSCA PARCIAL 2,7X36MM                                                  ;0;0;0;109,87
1001870;UM        ;PARAFUSO CANULADO ROSCA PARCIAL 2,7X38MM                                                  ;0;0;0;109,87
1001871;UM        ;PARAFUSO CANULADO ROSCA PARCIAL 2,7X40MM                                                  ;0;0;0;109,87
1001872;UM        ;PARAFUSO CANULADO ROSCA PARCIAL 2,7X42MM                                                  ;0;0;0;109,87
1001873;UM        ;PARAFUSO CANULADO ROSCA PARCIAL 2,7X44MM                                                  ;0;0;0;109,87
1001874;UM        ;PARAFUSO CANULADO ROSCA PARCIAL 2,7X46MM                                                  ;0;0;0;109,87
1001875;UM        ;PARAFUSO CANULADO ROSCA PARCIAL 2,7X48MM                                                  ;0;0;0;109,87
1001876;UM        ;PARAFUSO CANULADO ROSCA PARCIAL 2,7X50MM                                                  ;0;0;0;109,87
1001877;UM        ;MASCARA RESPIRADORA P/VAPORES ORGAN. C/CARVAO ATIVADO E FILTRO MEC. E QUIMICO             ;2;31,02;15,51;15,51
1001878;UM        ;CARTUCHO FILTRO QUIMICO P/ RESPIRADOR PURIFICADOR DE AR P/ VAPORES ORGANICOS              ;28;364;13;13
1001879;UM        ;COBERTURA P/ CADAVER (SACO OBITO) TAM P 60X100CM C/ POLIETILENO                           ;400;2688;6,72;6,72
1001880;UM        ;COBERTURA P/ CADAVER (SACO OBITO) TAM M 60X150CM C/ POLIETILENO                           ;1360;11328,8;8,33;8,33
1001881;FR.       ;ALCOOL ABSOLUTO ETILICO ANIDRO 99,33 - 1000ML                                             ;0;0;0;18,14
1001882;UM        ;VALVULA DE DEFLACAO P/ESFIGNOMANOMETRO ANEROIDE.                                          ;10;64,9;6,49;6,49
1001883;UM        ;CONECTOR VALVULADO SISTEMA FECHADO PRESSAO POSITIVA                                       ;4600;19918;4,33;4,33
1001884;UM        ;OXIMETRO DIGITAL DE DEDO,MEDIDOR DE SATURACAO DE OXIGENIO.                                ;0;0;0;60,75
1001885;PCT.      ;AGULHA DE BIOPSIA P/EXAME DE MIELOGRAMA ASP 15X43                                         ;0;0;0;49,98
1001886;UM        ;(NUTR)TERMO-HIGROMETRO DIGITAL AK28 NEW                                                   ;0;0;0;75,25
1001887;UM        ;(NUTR)RIBON CERA EXT. 110X74                                                              ;0;0;0;12,12
1001888;ENV.      ;FIO POLIDIOXANONA (PDS) N.1, 4,0 CM 1/2 CIL ESTR 90 CM FECHAMENTO GERAL                   ;1368;42436,935;31,021151;32,55625
1001889;ENV.      ;FIO POLIDIOXANONA N.1 244 CM 1/2 CIL ESTR 65 MM FECHAMENTO GERAL                          ;0;0;0;114,16
1001890;ENV.      ;FIO POLIPROPILENO N.4-0 AG. 1,7CM 1/2 CIL.EST. 70 CM CARDIOVASCULAR                       ;742;8099,78;10,916145;14,39
1001891;UM        ;BICO DE SAIDA PARA AR COMPRIMIDO.                                                         ;0;0;0;0
1001892;ENV.      ;FIO POLIGLACTINA (VYCRIL) N.2-0 AG 3,1CM 3/8 CIL.EST. 70CM AP. DIGESTIVO                  ;612;4265,64;6,97;6,97
1001893;ENV.      ;FIO NYLON N.10-0 AG 3,8MM 3/8 CIL. EST. COMP 13CM MICROCIRURGIAS                          ;104;4377,36;42,09;42,09
1001894;ENV.      ;FIO POLIESTER ALGODAO N.4-0 S/AG,COMP.15X45CM.                                            ;1120;2174,24;1,941285;1,91
1001895;SC.       ;ITEM EXCLU√≠DO - USAR O C√≥DIGO 814                         FIO POLIGLACTINA 370 N.0 70CM ;0;0;0;17,67
1001896;ENV.      ;ITEM EXCLUIDO USAR O CODIGO 8082 FIO POLIGLACTINA 370 N.3-0 70CM AG. 17MM 1/2 CIL. EST. UR;0;0;0;17,35
1001897;ENV.      ;FIO POLIGLACTINA 370 N.4-0 70CM AG. 19MM 3/8 TRIANG. ESTR. CIRURG PLAST E FECHAMENTO PELE ;2026;14222,52;7,02;7,02
1001898;FR.       ;GLICERINA BI-DESTILADA 5L                                                                 ;0;0;0;0
1001899;ENV.      ;FIO POLIGLECAPRONE N.2-0 AG.3,1CM 3/8 CIL. EST. COMP.70CM APARELHO DIGESTIVO EXCLUIDO (INA;0;0;0;8,3
1001900;ENV.      ;FIO POLIGLACTINA 370 N.4-0 45CM AG.16MM 1/2 TRIANG. EST. CIRURG PLAST/FECHAMENTO PELE     ;252;3676,68;14,59;14,59
1001901;ENV.      ;FIO POLIGLACTINA 370 N.5-0 45CM AG.16MM 1/2 TRIANG. EST. CIRURG PLAST/FECHAMENTO PELE     ;152;3163,12;20,81;20,81
1001902;ENV.      ;FIO POLIPROPILENO N.4-0 AG.26MM 1/2 CIL. EST. C/2AG 90CM CARDIOVASCULAR                   ;12;115,2;9,6;9,6
1001903;ENV.      ;FIO POLIESTER N.10-0 AG.6,5MM 3/8 ESTRIADA 30CM C/2AG OFTALMOLOGIA                        ;78;5383,5;69,01923;42
1001904;UM        ;(HEMO)MICRO MOLA TARGET NANO 1.0MMX2CM REF.542102                                         ;0;0;0;1296
1001905;UM        ;(HEMO)MICRO MOLA TARGET 360 NANO 1.5MMX2CM REF. 542152                                    ;0;0;0;1296
1001906;UM        ;(HEMO)MICRO MOLA TARGET 360 NANO 1.5MMX4CM REF. 542154                                    ;0;0;0;1296
1001907;UM        ;(HEMO)MICRO MOLA TARGET 360 ULTRA 2.0MMX3CM REF. 542203                                   ;0;0;0;1296
1001908;UM        ;(HEMO)MICRO MOLA TARGET 360 ULTRA 2.0MMX4CM REF. 542204                                   ;0;0;0;1296
1001909;UM        ;(HEMO)MICRO MOLA TARGET 360 ULTRA 2.0MMX6CM REF. 542206                                   ;0;0;0;1296
1001910;UM        ;(HEMO)MICRO MOLA TARGET 360 ULTRA 3.0MMX4CM REF.542304                                    ;0;0;0;1296
1001911;UM        ;(HEMO)MICRO MOLA TARGET 360 ULTRA 3.0MMX8CM REF.542308                                    ;0;0;0;1296
1001912;UM        ;(HEMO)MICRO MOLA TARGET 360 ULTRA 4.0MMX6CM REF.542406                                    ;0;0;0;1296
1001913;UM        ;(HEMO)MICRO MOLA TARGET 360 ULTRA 4.0MMX8CM REF.542408                                    ;0;0;0;1296
1001914;UM        ;(HEMO)MICRO MOLA TARGET 360 ULTRA 4.0MMX10CM REF. 542410                                  ;0;0;0;1296
1001915;UM        ;(HEMO)MICRO MOLA TARGET 360 ULTRA 4.0MMX15CM REF. 542415                                  ;0;0;0;1296
1001916;UM        ;(HEMO)MICRO MOLA TARGET 360 ULTRA 5.0MMX10CM REF. 542510                                  ;0;0;0;1296
1001917;UM        ;(HEMO)MICRO MOLA TARGET HELICAL NANO 1.0MMX1CM REF. 543101                                ;0;0;0;1296
1001918;BS.       ;(HEMO)MICRO MOLA TARGET HELICAL NANO 1.0MMX2CM REF. 543102                                ;0;0;0;1296
1001919;UM        ;(HEMO)MICRO MOLA TARGET HELICAL NANO 1.0MMX3CM REF. 543103                                ;0;0;0;1296
1001920;BS.       ;(HEMO)MICRO MOLA TARGET HELICAL NANO 1.5MMX4CM REF. 543154                                ;0;0;0;1296
1001921;BS.       ;(HEMO)MICRO MOLA TARGET HELICAL ULTRA 2.0MMX1CM REF. 543201                               ;0;0;0;1296
1001922;BS.       ;(HEMO)MICRO MOLA TARGET HELICAL ULTRA 2.0MMX2CM REF. 543202                               ;0;0;0;1296
1001923;BS.       ;(HEMO)MICRO MOLA TARGET HELICAL ULTRA 2.0MMX3CM REF. 543203                               ;0;0;0;1296
1001924;BS.       ;(HEMO)MICRO MOLA TARGET HELICAL ULTRA 2.0MMX8CM REF. 543208                               ;0;0;0;1296
1001925;BS.       ;(HEMO)MICRO MOLA TARGET HELICAL ULTRA 2.5MMX4CM REF. 543254                               ;0;0;0;1296
1001926;BS.       ;(HEMO)MICRO MOLA TARGET HELICAL ULTRA 2.5MMX6CM REF. 543256                               ;0;0;0;1296
1001927;BS.       ;(HEMO)MICRO MOLA TARGET HELICAL ULTRA 3.0MMX4CM REF. 543304                               ;0;0;0;1296
1001928;BS.       ;(HEMO)MICRO MOLA TARGET HELICAL ULTRA 3.0MMX6CM REF. 543306                               ;0;0;0;1296
1001929;BS.       ;(HEMO)MICRO MOLA TARGET HELICAL ULTRA 3.0MMX8CM REF. 543308                               ;0;0;0;1296
1001930;BS.       ;(HEMO)MICRO MOLA TARGET HELICAL ULTRA 4.0MMX6CM REF. 543406                               ;0;0;0;1296
1001931;BS.       ;(HEMO)MICRO MOLA TARGET HELICAL ULTRA 4.0MMX8CM REF. 543408                               ;0;0;0;1296
1001932;BS.       ;(HEMO)MICRO MOLA TARGET HELICAL ULTRA 4.0MMX15CM REF 543415                               ;0;0;0;1296
1001933;BS.       ;(HEMO)MICRO MOLA TARGET 360 STANDARD 4.0MMX8CM REF.546408                                 ;0;0;0;1296
1001934;BS.       ;(HEMO)MICRO MOLA TARGET 360 STANDARD 4.0MMX10CM REF.546410                                ;0;0;0;1296
1001935;BS.       ;(HEMO)MICRO MOLA TARGET 360 STANDARD 4.0MMX15CM REF.546415                                ;0;0;0;1296
1001936;BS.       ;(HEMO)MICRO MOLA TARGET 360 STANDARD 5.0MMX15CM REF.546515                                ;0;0;0;1296
1001937;BAR.      ;(HEMO)MICRO MOLA TARGET 360 SOFT 2.00MMX4CM REF.547204                                    ;0;0;0;1296
1001938;BS.       ;(HEMO)MICRO MOLA TARGET 360 SOFT 3.00MMX8CM REF.547308                                    ;0;0;0;1296
1001939;BS.       ;(HEMO)MICRO MOLA TARGET 360 SOFT 3.00MMX10CM REF. 547310                                  ;0;0;0;1296
1001940;BS.       ;(HEMO)MICRO MOLA TARGET 360 SOFT 4.00MMX6CM REF.547406                                    ;0;0;0;1296
1001941;BS.       ;(HEMO)MICRO MOLA TARGET 360 SOFT 4.00MMX8CM REF.547408                                    ;0;0;0;1296
1001942;BS.       ;(HEMO)MICRO MOLA TARGET 360 SOFT 4.00MMX10CM REF.547410                                   ;0;0;0;1296
1001943;BS.       ;(HEMO)MICRO MOLA TARGET 360 SOFT 4.00MMX15CM REF. 547415                                  ;0;0;0;1296
1001944;UM        ;(HEMO)MICRO MOLA TARGET 360 SOFT 5.00MMX10CM REF. 547510                                  ;0;0;0;1296
1001945;BS.       ;(HEMO)MICRO MOLA TARGET 360 SOFT 5.00MMX15CM REF. 547515                                  ;0;0;0;1296
1001946;BS.       ;(HEMO)MICRO MOLA TARGET 360 SOFT 5.00MMX20CM REF. 547520                                  ;0;0;0;1296
1001947;UM        ;(HEMO)MICRO MOLA TARGET 360 SOFT 6.00MMX20CM REF. 547620                                  ;0;0;0;1296
1001948;FR.       ;(PATOL)CAIXA ARQUIVO PARA LAMINAS                                                         ;0;0;0;9,55
1001949;UM        ;(HEMO)STENT REVESTIDO AUTO-EXPANSIVEL 10MM X 10CM REF:FVL10100                            ;0;0;0;18000
1001950;UM        ;(HEMO)STENT REVESTIDO AUTO-EXPANSIVEL 10/100/120MM REF:AASLE10100.                        ;0;0;0;18000
1001951;UM        ;(HEMO)FIO GUIA LUNDERQUIST TEFLONADO 0.355X260CM- PONTA J 15CM REF:104980.                ;0;0;0;1200
1001952;PCT.      ;(NEURO)BROCA CORTANTE TOQUE MACIO 3.0 MM                                                  ;0;0;0;3467,99
1001953;UM        ;(NEUR)BROCA PARA PASSAGEM DO FIO 1.5MM                                                    ;0;0;0;3467,99
1001954;UM        ;(NEURO)BROCA CORTANTE TOQUE MACIO 4.0MM                                                   ;0;0;0;3467,99
1001955;UM        ;(NEURO)BROCA CORTANTE TOQUE AGRESSIVO 4.0MM                                               ;0;0;0;3467,99
1001956;UM        ;(NEURO)BROCA CORTANTE TOQUE MACIO 6.0MM                                                   ;0;0;0;3467,99
1001957;UM        ;(NEURO)BROCA CORTANTE TOQUE MACIO 2.0MM                                                   ;0;0;0;3467,99
1001958;UM        ;(ESPC)STENT FARMACOLOGICO XIENCE ALPINE 2,00X08 AVI NEUTRA                                ;0;0;0;800,17
1001959;UM        ;(ESPC)STENT FARMACOLOGICO XIENCE ALPINE 2,00X12 AVI NEUTRA.                               ;0;0;0;800,17
1001960;UM        ;(ESPEC)STENT FARMACOLOGICO XIENCE ALPINE 2,00X15 AVI NEUTRA                               ;0;0;0;800,17
1001961;UM        ;(ESPEC)STENT FARMACOLOGICO XIENCE ALPINE 2,25X08 AVI NEUTRA.                              ;0;0;0;800,17
1001962;UM        ;(ESP.)STENT FARM. XIENCE ALPINE 2.75X28 AVI NEUTRA REF. 112027-28                         ;0;0;0;800,17
1001963;UM        ;(ESPEC)STENT FARMACOLOGICO XIENCE ALPINE 2,25X15 AVI NEUTRA.                              ;0;0;0;800,17
1001964;UM        ;(ESPEC)STENT FARMACOLOGICO XIENCE ALPINE 2,25X18 AVI NEUTRA.                              ;0;0;0;800,17
1001965;UM        ;(HEMO)STENT FARM. XIENCE ALPINE 2.75X33 AVI NEUTRA REF.112075-33                          ;0;0;0;800,17
1001966;UM        ;(HEMO)STENT FARM. XIENCE ALPINE 2.75X38 AVI NEUTRA REF.1120275-38                         ;0;0;0;800,17
1001967;UM        ;(ESPEC)STENT FARMACOLOGICO XIENCE ALPINE 2,25X23 AVI NEUTRA.                              ;0;0;0;800,17
1001968;UM        ;(ESPEC)STENT FARMACOLOGICO XIENCE ALPINE 2,25X28 AVI NEUTRA.                              ;0;0;0;800,17
1001969;UM        ;(HEMO)STENT FARM. XIENCE ALPINE 3.00X23 AVI NEUTRA REF.1120300-23                         ;0;0;0;800,17
1001970;UM        ;(HEMO)STENT FARM. XIENCE ALPINE 3.00X28 AVI NEUTRA REF.1120300-28                         ;0;0;0;800,17
1001971;UM        ;(HEMO)STENT FARM. XIENCE ALPINE 3.00X33 AVI NEUTRA REF.1120300-33                         ;0;0;0;800,17
1001972;UM        ;(HEMO)STENT FARM. XIENCE ALPINE 3.00X38 AVI NEUTRA REF.1120300-38                         ;0;0;0;800,17
1001973;UM        ;(ESPEC)STENT FARMACOLOGICO XIENCE ALPINE 2,50X33 AVI NEUTRA.                              ;0;0;0;800,17
1001974;UM        ;(ESPEC)STENT FARMACOLOGICO XIENCE ALPINE 2,50X38 AVI NEUTRA.                              ;0;0;0;800,17
1001975;UM        ;(HEMO)STENT FARM. XIENCE ALPINE 2.75X23 AVI NEUTRA.                                       ;0;0;0;800,17
1001976;UM        ;(ESPEC)STENT FARMACOLOGICO XIENCE ALPINE 3.25X12 AVI NEUTRA.                              ;0;0;0;800,17
1001977;UM        ;(ESPEC)STENT FARMACOLOGICO XIENCE ALPINE 3.25X15 AVI NEUTRA.REF:1120325-15                ;0;0;0;800,17
1001978;UM        ;(ESPEC)STENT FARMACOLOGICO XIENCE ALPINE 3.25X18 AVI NEUTRA.                              ;0;0;0;800,17
1001979;UM        ;(ESPEC)STENT FARMACOLOGICO XIENCE ALPINE 3.25X23 AVI NEUTRA.                              ;0;0;0;800,17
1001980;UM        ;(ESPEC)STENT FARMACOLOGICO XIENCE ALPINE 3.25X28 AVI NEUTRA.                              ;0;0;0;800,17
1001981;UM        ;(ESPEC)STENT FARMACOLOGICO XIENCE ALPINE 3.25X33 AVI NEUTRA.                              ;0;0;0;800,17
1001982;UM        ;(ESPEC)STENT FARMACOLOGICO XIENCE ALPINE 3.25X38 AVI NEUTRA.                              ;0;0;0;800,17
1001983;UM        ;(ESPEC)STENT FARMACOLOGICO XIENCE ALPINE 3.50X15 AVI NEUTRA.                              ;0;0;0;800,17
1001984;UM        ;(ESPEC)STENT FARMACOLOGICO XIENCE ALPINE 3.50X18 AVI NEUTRA                               ;0;0;0;800,17
1001985;UM        ;(ESPEC)STENT FARMACOLOGICO XIENCE ALPINE 3.50X23 AVI NEUTRA.                              ;0;0;0;800,17
1001986;UM        ;(ESPEC)STENT FARMACOLOGICO XIENCE ALPINE 3.50X28 AVI NEUTRA.                              ;0;0;0;800,17
1001987;UM        ;(ESPEC)STENT FARMACOLOGICO XIENCE ALPINE 3.50X33 AVI NEUTRA.                              ;0;0;0;800,17
1001988;UM        ;(ESPEC)STENT FARMACOLOGICO XIENCE ALPINE 3.50X38 AVI NEUTRA.                              ;0;0;0;800,17
1001989;UM        ;(ESPEC)STENT FARMACOLOGICO XIENCE ALPINE 4.00X15 AVI NEUTRA.                              ;0;0;0;800,17
1001990;UM        ;(ESPEC)STENT FARMACOLOGICO XIENCE ALPINE 4.00X18 AVI NEUTRA.                              ;0;0;0;800,17
1001991;UM        ;(ESPEC)STENT FARMACOLOGICO XIENCE ALPINE 4.00X23 AVI NEUTRA.                              ;0;0;0;800,17
1001992;UM        ;(ESPEC)STENT FARMACOLOGICO XIENCE ALPINE 4.00X28 AVI NEUTRA.                              ;0;0;0;800,17
1001993;UM        ;(ESPEC)STENT FARMACOLOGICO XIENCE ALPINE 4.00X33 AVI NEUTRA.                              ;0;0;0;800,17
1001994;UM        ;(ESPEC)STENT FARMACOLOGICO XIENCE ALPINE 4.00X38 AVI NEUTRA.                              ;0;0;0;800,17
1001995;UM        ;(ESPEC)CATETER ANGIOGRAFICO OPTITORQUE JUDKINS LEFT JL 3.5,6FR,100CM REF:RH6CL3500M       ;0;0;0;60,74
1001996;UM        ;(ESPEC)CATETER ANGIOGRAFICO OPTITORQUE JUDKINS JL 4.0,6FR,100CM.REF:RH6CL4000M            ;0;0;0;59
1001997;UM        ;(PLASTICA)IMPLANTE MAMARIO DE SILICONE IMPLEO ALTA 270ML                                  ;0;0;0;1250
1002000;KIT       ;ESCOVA LIMPEZA INSTRUMENTAIS CANULADOS 50CM X 2,5MM X 50MM                                ;0;0;0;0
1002001;KIT       ;ESCOVA LIMPEZA INSTRUMENTAIS CANULADOS 35CM X 2,5MM X 50MM                                ;0;0;0;0
1002003;KIT       ;ESCOVA LIMPEZA INSTRUMENTAIS CANULADOS 35CM X 5MM X 50MM                                  ;0;0;0;0
1002004;KIT       ;ESCOVA LIMPEZA INSTRUMENTAIS CANULADOS 45CM X 4MM X 40MM                                  ;0;0;0;0
1002005;KIT       ;ESCOVA LIMPEZA JARROS TIPO ESCOVA DE MAMADEIRA 10 A 15CM                                  ;218;8754,88;40,16;40,16
1002006;KIT       ;ESCOVA LIMPEZA INSTRUMENTAIS CANULADOS 22CM X 1,8MM X 40MM                                ;0;0;0;0
1002007;KIT       ;ESCOVA LIMPEZA INSTRUMENTAIS CANULADOS 22CM X 3,3MM X 40MM                                ;0;0;0;0
1002008;KIT       ;ESCOVA LIMPEZA INSTRUMENTAIS CANULADOS 61CM X 10MM X 50MM                                 ;0;0;0;0
1002009;KIT       ;ESCOVA LIMPEZA INSTRUMENTAIS CANULADOS 50CM X 5MM X 50MM                                  ;0;0;0;0
1002011;UM        ;(HEMO)FIO GUIA FLOPPY (LS)0,014,182CM,J-TIP.                                              ;0;0;0;153,25
1002012;UM        ;(HEMO)FIO GUIA CHOICE INTERMEDIARIO (MS) 0,014,182CM J-TIP.                               ;0;0;0;150
1002013;UM        ;(HEMO)FIO GUIA CHOICE EXTRA SUPORT (ES)0,014 182CM,J-TIP.                                 ;0;0;0;153,25
1002014;UM        ;(HEMO)INTRODUTOR COM VALVULA CONJ.INTROD.CURTO VASCU.P/ PUNCAO RADIAL VAL.HEMOST.LUBRF 5FR;0;0;0;97,47
1002015;UM        ;(HEMO)STENT FARM.XIENCE ALPINE 3.00X18 AVI NEUTRA.                                        ;0;0;0;800,17
1002016;UM        ;(HEMO)SISTEMA DE STENT CORONARIO 2.25 X 37MM DE ELUICAO DE SILIMUS METAFOR REF:MTR22537.  ;0;0;0;854,49
1002017;UM        ;(HEMO)SISTEMA DE STENT CORONARIO 2.25 X 40MM DE ELUICAO DE SILIMUS METAFOR REF:MTR22540.  ;0;0;0;845,49
1002018;UM        ;(HEMO)SISTEMA DE STENT CORONARIO 2.50 X 13MM DE ELUICAO DE SIROLIMUS METAFOR. REF:MTR25013;0;0;0;854,49
1002019;UM        ;(HEMO)SISTEMA DE STENT CORONARIO 2.50 X 19MM DE ELUICAO DE SIROLIMUS METAFOR. REF:MTR25019;0;0;0;854,49
1002020;UM        ;(HEMO)SISTEMA DE STENT CORONARIO 2.50 X 40MM DE ELUICAO DE SIROLIMUS METAFOR. REF:MTR25040;0;0;0;854,49
1002021;UM        ;(HEMO)SISTEMA DE STENT CORONARIO 2.50 X 44MM DE ELUICAO DE SIROLIMUS METAFOR. REF:MTR25044;0;0;0;854,49
1002022;UM        ;(HEMO)SISTEMA DE STENT CORONARIO 2.75 X 13MM DE ELUICAO DE SIRULIMUS METAFOR. REF:MTR27513;0;0;0;854,49
1002023;UM        ;(HEMO)SISTEMA DE STENT CORONARIO 2.75 X 16MM DE ELUICAO DE SIRULIMUS METAFOR. REF:MTR27516;0;0;0;854,49
1002024;UM        ;((HEMO)SISTEMA DE STENT CORONARIO 2.75 X 40MM DE ELUICAO DE SIRULIMUS METAFOR. REF:MTR2754;0;0;0;854,49
1002025;UM        ;((HEMO)SISTEMA DE STENT CORONARIO 2.75 X 44MM DE ELUICAO DE SIRULIMUS METAFOR. REF:MTR2754;0;0;0;854,49
1002026;UM        ;(((HEMO)SISTEMA DE STENT CORONARIO 2.75 X 48MM DE ELUICAO DESIRULIMUS METAFOR. REF:MTR2754;0;0;0;854,49
1002027;UM        ;(HEMO)SISTEMA STENT CORONARIO 3.00 X 08MM DE ELUICAO DE SIROLIMUS METAFOR. REF:MTR30008.  ;0;0;0;854,49
1002028;UM        ;(HEMO)SISTEMA STENT CORONARIO 3.00 X 13MM DE ELUICAO DE SIROLIMUS METAFOR. REF:30013      ;0;0;0;854,49
1002029;UM        ;(HEMO)SISTEMA STENT CORONARIO 3.00 X 16MM DE ELUICAO DE SIROLIMUS METAFOR. REF:30016.     ;0;0;0;854,49
1002030;UM        ;(HEMO)SISTEMA STENT CORONARIO 3.00 X 19MM DE ELUICAO DE SIROLIMUS METAFOR. REF:30019.     ;0;0;0;854,49
1002031;UM        ;(HEMO)SISTEMA STENT CORONARIO 3.00 X 44MM DE ELUICAO DE SIROLIMUS METAFOR. REF:30044.     ;0;0;0;854,49
1002032;UM        ;(HEMO)SISTEMA STENT CORONARIO 3.00 X 48MM DE ELUICAO DE SIROLIMUS METAFOR. REF:30048.     ;0;0;0;854,49
1002033;UM        ;(HEMO)SISTEMA STENT CORONARIO 3.50 X 13MM DE ELUICAO DE SIROLIMUS METAFOR. REF:35013.     ;0;0;0;854,49
1002034;UM        ;(HEMO)SISTEMA STENT CORONARIO 3.50 X 16MM DE ELUICAO DE SIROLIMUS METAFOR. REF:35016.     ;0;0;0;854,49
1002035;UM        ;(HEMO)SISTEMA STENT CORONARIO 3.50 X 19MM DE ELUICAO DE SIROLIMUS METAFOR. REF:35019.     ;0;0;0;854,49
1002036;UM        ;(HEMO)SISTEMA STENT CORONARIO 3.50 X 29MM DE ELUICAO DE SIROLIMUS METAFOR. REF:MTR35029.  ;0;0;0;854,49
1002037;UM        ;(HEMO)SISTEMA STENT CORONARIO 3.50 X 40MM DE ELUICAO DE SIROLIMUS METAFOR. REF:MTR35040.  ;0;0;0;854,49
1002038;UM        ;(HEMO)SISTEMA STENT CORONARIO 3.50 X 44MM DE ELUICAO DE SIROLIMUS METAFOR. REF:MTR35044.  ;0;0;0;854,49
1002039;UM        ;(HEMO)SISTEMA STENT CORONARIO 3.50 X 48MM DE ELUICAO DE SIROLIMUS METAFOR. REF:MTR35048.  ;0;0;0;854,49
1002040;UM        ;(HEMO)SISTEMA STENT CORONARIO 4.00 X 19MM DE ELUICAO DE SIROLIMUS METAFOR. REF:MTR40019.  ;0;0;0;854,49
1002041;UM        ;(HEMO)SISTEMA STENT CORONARIO 4.00 X 29MM DE ELUICAO DE SIROLIMUS METAFOR. REF:MTR40029   ;0;0;0;845,49
1002042;UM        ;(HEMO)SISTEMA STENT CORONARIO 4.00 X 37MM DE ELUICAO DE SIROLIMUS METAFOR. REF:MTR40037.  ;0;0;0;854,49
1002043;UM        ;(NEURO)GRAMPEADOR DESCARTAVEL PARA PELA COM 35 GRAMPOS COM LARGURA 6.9MM  ALTURA 3.9MM    ;0;0;0;143
1002044;UM        ;(NEURO)PERNEIRAS PARA COMPRESSAO  LONGEST UNICA PARA PANTURILHAS E COXA DESCARTAVEL       ;0;0;0;299,44
1002045;UM        ;(HEMO)STENT GRAFT  OCL24 24MM OCCLUDER REF:OCL24                                          ;0;0;0;6666,66
1002046;UM        ;(NEURO)CLIP P/ANEURISMAS SM 100-05, 7,0 X 5,0MM INTRAC. DE TITANIO PERMANENTE.            ;0;0;0;679,16
1002047;UM        ;(NEURO)CLIP P/ANEURISMAS SM 100-08, 7,8 X 8,0MM INTRAC. DE TITANIO PERMANENTE.            ;0;0;0;679,16
1002048;UM        ;(NEURO)CLIP P/ANEURISMAS SM 10-08,  5,5 X 8,0MM INTRAC. DE TITANIO PERMANENTE.            ;0;0;0;679,16
1002049;UM        ;(NEURO)CLIP P/ANEURISMAS SM  10-10, 6,0 X10,0MM INTRAC. DE TITANIO PERMANENTE.            ;0;0;0;679,16
1002050;UM        ;(NEURO)CLIP P/ANEURISMAS SM  10-12, 7,0 X12,0MM INTRAC. DE TITANIO PERMANENTE.            ;0;0;0;679,16
1002051;UM        ;(NEURO)CLIP P/ANEURISMAS SM  30-05, 5,4 X 5,0MM INTRAC. DE TITANIO PERMANENTE.            ;0;0;0;679,16
1002052;UM        ;(NEURO)CLIP P/ANEURISMAS SM  30-10, 6,7 X10,0MM INTRAC. DE TITANIO PERMANENTE.            ;0;0;0;679,16
1002053;UM        ;(NEURO)CLIP P/ANEURISMAS SM  30-12, 7,0 X12,0MM INTRAC. DE TITANIO PERMANENTE.            ;0;0;0;679,16
1002054;UM        ;(NEURO)CLIP P/ANEURISMAS SM  50-05, 3,6 X 5,0MM INTRAC. DE TITANIO PERMANENTE.            ;0;0;0;679,16
1002055;UM        ;(NEURO)CLIP P/ANEURISMAS SM  50-07, 4,2 X 7,0MM INTRAC. DE TITANIO PERMANENTE.            ;0;0;0;679,16
1002056;UM        ;(NEURO)CLIP P/ANEURISMAS SM  60-05, 3,5 X 5,0MM INTRAC. DE TITANIO PERMANENTE.            ;0;0;0;679,16
1002057;UM        ;(NEURO)CLIP P/ANEURISMAS SM  60-07, 4,0 X 7,0MM INTRAC. DE T.ITANIO PERMANENTE            ;0;0;0;679,16
1002058;UM        ;(NEURO)CLIP P/ANEURISMAS SM  90-05, 4,8 X 5,0MM INTRAC. DE TITANIO PERMANENTE             ;0;0;0;679,16
1002059;UM        ;(NEURO)CLIP P/ANEURISMAS SM  90-07, 5,2 X 7,0MM INTRAC. DE TITANIO  PERMANETE             ;0;0;0;679,16
1002060;UM        ;(NEURO)CLIP P/ANEURISMAS TT 500-10  6,0X10MM INTRAC DE TITA NIO PERMANENTE                ;0;0;0;679,16
1002061;UM        ;(NEURO)CLIP P/ANEURISMAS TT 500-12 7,0X12MM INTRAC DE TITAN IO PERMANENTE                 ;0;0;0;679,16
1002062;UM        ;(NEURO)CLIP P/ANEURISMAS SM 10-03 4,1 X 3,0 INTRAC DE TITANIO PERMANETE                   ;0;0;0;679,16
1002063;UM        ;(NEURO)CLIP P/ANEURISMAS SM 10-05 4,8 X 5,0 INTRAC DE TITANIO PERMANENTE                  ;0;0;0;679,16
1002064;UM        ;(NEURO)CLIP P/ANEURISMAS SM 40-03 4,2 X 3,0 INTRAC DE TITANIO PERMANENTE                  ;0;0;0;679,16
1002065;UM        ;(NEURO)CLIP P/ANEURISMAS SM 40-05 4,7 X 5,0 INTRAC DE TITANIO PERMANENTE                  ;0;0;0;679,16
1002066;UM        ;(NEURO)CLIP P/ANEURISMAS SM 40-08 5,3 X 8,0 INTRACR DE TITANIO PERMANENTE                 ;0;0;0;679,16
1002067;UM        ;(NEURO)CLIP P/ANEURISMAS SM 40-10 5,8 X 10,0 INTRAC. DE TITANIO PERMANENTE                ;0;0;0;679,16
1002068;UM        ;(NEURO)CLIP P/ANEURISMAS SM 20-03 4,5 X 3,0 INTRAC DE TITANIO PERMANENTE                  ;0;0;0;679,16
1002069;UM        ;(NEURO)CLIP P/ANEURISMAS SM 20-07 5,4 X 7,0 INTRAC DE TITANIO PERMANENTE                  ;0;0;0;679,16
1002070;UM        ;(NEURO)CLIP P/ANEURISMAS SM 50-03 3,0 X 3,0 INTRAC DE TITANIO PERMANENTE                  ;0;0;0;679,16
1002071;UM        ;(NEURO)CLIP P/ANEURISMAS SM 60-03 3,2 X 3,0 INTRAC DE TITANIO PERMANENTE                  ;0;0;0;679,16
1002072;UM        ;(NEURO)CLIP P/ANEURISMAS SM 70-03 3,0 X 3,0 INTRAC DE TITANIO PERMANENTE                  ;0;0;0;679,16
1002073;UM        ;(NEURO)CLIP P/ANEURISMAS SM 70-05 3,2 X 5,0 INTRAC DE TITANIO PERMANENTE                  ;0;0;0;679,16
1002074;UM        ;(NEURO)CLIP P/ANEURISMAS SM 80-03 3,2 X 3,0 INTRAC DE TITANIO PERMANENTE                  ;0;0;0;679,16
1002075;UM        ;(NEURO)CLIP P/ANEURISMAS SM 80-05 3,6 X 5,0 INTRAC DE TITANIO PERMANENTE                  ;0;0;0;679,16
1002076;UM        ;(NEURO)CLIP P/ANEURISMAS SM 120-05 5,8 X 5,0 INTRAC DE TITANIO PERMANENTE                 ;0;0;0;679,16
1002077;UM        ;(NEURO)CLIP P/ANEURISMAS SM 120-07 6,3 X7,0 INTRAC DE TITAN IO                            ;0;0;0;679,16
1002078;UM        ;(NEURO)CLIP P/ANEURISMAS SM 20-10 5,8 X 10,0 INTRAC DE TITANIO PERMANENTE                 ;0;0;0;679,16
1002079;UM        ;(NEURO)CLIP P/ANEURISMAS SM 300-05 6,0 X 5,0 INTRAC DE TITANIO PERMANENTE                 ;0;0;0;679,16
1002080;UM        ;(NEURO)CLIP P/ANEURISMAS SM 300-10 7,0 X 10,0 INTRAC DE TITANIO PERMANENTE                ;0;0;0;679,16
1002081;UM        ;(NEURO)CLIP P/ANEURISMAS SM 92-07 4,1 X 7,0 INTRAAC.DE TITANIO PERMANENTE                 ;0;0;0;679,16
1002082;UM        ;(NEURO)CLIP P/ANEURISMAS TT 500-05 4,8 X 5,00 INTRAC DE TITANIO PERMANENTE                ;0;0;0;679,16
1002083;UM        ;(NEURO)CLIP P/ANEURISMAS TT 510-08 6,1 X 8,0 INTRAC DE TITA NIO PERMANENTE                ;0;0;0;679,16
1002084;UM        ;(NEURO)CLIP P/ANEURISMAS TT 510-08 6,1 X 8,0 INTRAC DE TITA NIO PERMANENTE                ;0;0;0;679,16
1002085;UM        ;(NEURO)CLIP P/ANEURISMAS MAV RETO SM 2010-02 2,5 X 2,0 INTRAC DE TITANIO PERMANENTE       ;0;0;0;679,16
1002086;UM        ;(NEURO)CLIP P/ANEURISMAS SM 300-03 5,5 X 3,0 INTRAC DE TITA NIO                           ;0;0;0;679,16
1002087;UM        ;(NEURO)CLIP P/ANEURISMAS SM 300-03 5,5 X 3,0 INTRAC DE TITA NIO PERMANENTE                ;0;0;0;679,16
1002088;UM        ;(NEURO)CLIP P/ANEURISMAS SM 300-08 6,5 X 8,0 INTRAC DE TITA NIO PERMANENTE                ;0;0;0;679,16
1002089;UM        ;(NEURO)CLIPS P/ ANEURISMA SM 310-03 5,0 X 3,0 INTRAC DE TITANIO PERMANENTE                ;0;0;0;679,16
1002090;UM        ;(NEURO)CLIPS P/ ANEURISMA SM 320-05 5,0 X 5,0 INTRAC DE TITANIO PERMANENTE                ;0;0;0;679,16
1002091;UM        ;(NEURO)CLIPS P/ ANEURISMA SM 510-06 5,4 X 5,0 INTRAC DE TITANIO PERMANENTE                ;0;0;0;679,16
1002092;UM        ;(NEURO)CLIPS P/ ANEURISMA SM 510-05 5,00 X 5,00 INTRAC DE TITANIO PERMANENTE              ;0;0;0;679,16
1002093;UM        ;(NEURO)CLIPS P/ ANEURISMA SM 510-10 5,40 X 5,00 INTRAC DE TITANIO PERMANENTE              ;0;0;0;679,16
1002094;UM        ;(NEURO)CLIPS P/ ANEURISMA SM 510-10 6,7 X 10,0 INTRAC DE TITTANIO PERMNENTE               ;0;0;0;679,16
1002095;UM        ;(HEMO)FIO GUIA T MSB 0.35 X 260CM, J3 MM TEFLONADO SUPER STIFF REF:51202                  ;0;0;0;195,43
1002096;UM        ;(CARDIO)ENXERTO RETO COLAGENO 8 X 600MM.                                                  ;0;0;0;1131
1002097;UM        ;(CARDIO)ENXERTO RETO COLAGENO 28 X 300MM.                                                 ;0;0;0;850
1002098;UM        ;(CARDIO)ENXERTO RETO COLAGENO 26 X 300MM.                                                 ;0;0;0;854,75
1002099;UM        ;(ESPE)CATETER BALAO PERIFERICO C/SIST. OTW,PASSEO-18 5/200/130,BAIXO PERFIL DE CRUZAMENTO ;0;0;0;300
1002100;UM        ;(HEMO)CATETER BALAO PERIFERICO C/SIST. OTW,PASSEO-35 XEO 4/200/130 BAIXO PERFIL DE CRUZAME;0;0;0;300
1002101;UM        ;(HEMO)CATETER DIAGNOSTICO ANGIOGRAFICO PERFORMA  AL3 5FR /100CM BRAIDED                   ;0;0;0;88,2
1002102;UM        ;(EDA)PINCA DE BIOPSIA PEDRIATRICA 1.8 X 1600MM                                            ;0;0;0;77,77
1002103;UM        ;(HEMO)SISTEMA DE STENT CORONARIO 2.25 X 32MM DE ELUICAO DE SIROLIMUS METAFOR REF:MTR22532 ;0;0;0;854,49
1002104;UM        ;(HEMO)SISTEMA DE STENT CORONARIO 3.50 X 37MM DE ELUICAO DE SIROLIMUS METAFOR REF:MTR35037 ;0;0;0;854,49
1002105;UM        ;(HEMO)SISTEMA DE STENT CORONARIO 4.00 X 13MM DE ELUICAO DE SIROLIMUS METAFOR REF:MTR40013 ;0;0;0;854,49
1002106;UM        ;(HEMO)SISTEMA DE STENT CORONARIO 4.00 X 16MM DE ELUICAO DE S‚SIROLIMUS METAFOR REF:MTR4001;0;0;0;854,49
1002107;UM        ;(HEMO)SISTEMA DE STENT CORONARIO 4.00 X 19MM DE ELUICAO DE SSIROLIMUS METAFOR REF:MTR40019;0;0;0;854,49
1002108;UM        ;(HEMO)SISTEMA DE STENT CORONARIO 4.00 X 40MM DE ELUICAO DE SSIROLIMUS METAFOR REF:MTR40040;0;0;0;854,49
1002109;UM        ;(HEMO)SISTEMA DE STENT CORONARIO 4.50 X 08MM DE ELUICAO DE SSIROLIMUS METAFOR REF:MTR45008;0;0;0;854,49
1002110;UM        ;(HEMO)SISTEMA DE STENT CORONARIO 4.50 X 13MM DE ELUICAO DE SSIROLIMUS METAFOR REF:MTR45013;0;0;0;854,49
1002111;UM        ;(HEMO)SISTEMA DE STENT CORONARIO 4.50 X 16MM DE ELUICAO DE SSIROLIMUS METAFOR REF:MTR45016;0;0;0;854,49
1002112;UM        ;(HEMO)SISTEMA DE STENT CORONARIO 4.50 X 19MM DE ELUICAO DE SSIROLIMUS METAFOR REF:MTR45019;0;0;0;854,49
1002113;UM        ;(HEMO)SISTEMA DE STENT CORONARIO 4.50 X 24MM DE ELUICAO DE SSIROLIMUS METAFOR REF:MTR45024;0;0;0;854,49
1002114;UM        ;(HEMO)DISPOSITIVO DE PROTECAO EMBOLICA SPIDER FX 4.0 X 320 REF:SPD2-040-320               ;0;0;0;2666,66
1002115;UM        ;(HEMO)DISPOSITIVO DE PROTECAO EMBOLICA SPIDER FX 5.0 X 320 REF:SPD2-050-320               ;0;0;0;2666,66
1002116;UM        ;(HEMO)DISPOSITIVO DE PROTECAO EMBOLICA SPIDER FX 6.0 X 320 REF:SPD2-060-320               ;0;0;0;2333,32
1002117;UM        ;(HEMO)DISPOSITIVO DE PROTECAO EMBOLICA SPIDER FX 7.0 X 320 REF:SPD2-070-320.              ;0;0;0;2666,66
1002118;UM        ;(HEMO)CATETER AMPLATZ GOOSE NECK SNARE 20 X 120 REF:GN2000                                ;0;0;0;1500
1002119;UM        ;BOLSA PRESSORICA PARA INFUSAO 1000 ML COM MANOMETRO.                                      ;8;2276,56;284,57;284,57
1002120;UM        ;CURATIVO FILME TRANSPARENTE FLEXIGRID 10X12CM                                             ;0;0;0;12,5
1002121;UM        ;(ESPEC)CATETER BALAO OCLUSOR TRANSFORM COMPLACENTE 5MMX20MM REF:M003ERC05200              ;0;0;0;1900
1002124;UM        ;CABECA DE RADIO 9,0MM (03.112-7)                                                          ;0;0;0;777,59
1002125;UM        ;CABECA DE RADIO 12,0MM (03.112-7)                                                         ;0;0;0;777,59
1002126;UM        ;CABECA DE RADIO 15,0MM (03.112-7)                                                         ;0;0;0;777,59
1002127;UM        ;CABECA DE RADIO 18,0MM (03.112-7)                                                         ;0;0;0;777,59
1002128;UM        ;(CARDIO)SELECTRA MPEP-4                                                                   ;0;0;0;400
1002129;UM        ;(CARDIO)ENXERTO VASCULAR DRACON 30MMX30CM-FLOWWEAVE BIOSEAL REF. 45ST3030 NOTA FISCAL 012.;0;0;0;880
1002130;UM        ;(CARDIO)ENXERTO VASCULAR DRACON 30MMX32CM-FLOWWEAVE BIOSEAL REF.45ST3032 NOTA FISCAL 000.0;0;0;0;880
1002131;UM        ;CARDIO)VALVULA CARDIACA AORTICA ONXAGE-27/29 REF.ONXANGE27/29 NOTA FISCAL 000.012.856     ;0;0;0;3700
1002132;UM        ;CARDIO)VALVULA CARDIACA AORTICA ONXAGE-27 REF,OXANGE-21 NOTAFISCAL 000.012.856            ;0;0;0;3700
1002133;UM        ;(CARDIO)VALVULA CARDIACA AORTICA ONXAE-23 REF.ONXAE-23 NOTAFISCAL 000.012.856             ;0;0;0;3700
1002134;UM        ;(CARDIO) VALVULA CARDIACA AORTICA REF.ONXAE-25 NOTA FISCAL  000.012.856                   ;0;0;0;3700
1002135;UM        ;(CARDIO)VALVULA CARDIACA AORTICA ONXANE-21 REF.ONXANE-21 NOTA FISCAL 000.012.856          ;0;0;0;3700
1002136;UM        ;(CARDIO)VALVULA CARDIACA AORTICA ONXANE-23 REF.ONXANE-23 NOTA FISCAL 000.012.856          ;0;0;0;3700
1002137;UM        ;(CARDIO)VALVULA CARDIACA AORTICA ONXANE-25 RE, ONXANE 25 NOTA FISCAL 000.012.856          ;0;0;0;3700
1002138;UM        ;(CARDIO)VALVULA CARDIACA AORTICA ONXANE-27/29 REF.ONXANE27/29 NOTA FISCAL 000.012.856     ;0;0;0;3700
1002139;UM        ;(CARDIO)VALVULA CARDIACA MITRAL ONXM-25 NOTA FISCAL 000.012.856                           ;0;0;0;3700
1002140;UM        ;(CARDIO)VALVULA CARDIACA MITRAL ONXM-27/29 NOTA FISCAL 000.012.856                        ;0;0;0;3700
1002141;UM        ;(CARDIO)VALVULA CARDIACA MITRAL ONXM-31/33 NOTA FISCAL 000.012.856                        ;0;0;0;3700
1002142;KIT       ;KIT RESERVATORIO REANIMADOR MANUAL, RESERVATORIO 2500ML ADULTO                            ;153;4562,46;29,82;29,82
1002143;UM        ;MINI PLACA T 8 FUROS (05.048-2)                                                           ;0;0;0;101,99
1002144;UM        ;MINI PLACA T 10 FUROS (05.048-2)                                                          ;2;203,98;101,99;101,99
1002146;UM        ;(HEMO)ENXERTO TUBULAR ENDURANT II AUI 23X16X145I NOTA FISCAL161914                        ;0;0;0;10500
1002147;UM        ;(CARDIO) VALVULA CARDIACA ONXAE-27/29 NT FISCAL 012.856                                   ;0;0;0;3700
1002149;UM        ;CIRCUITO RESPIRATORIO DIXTAL INFANTIL P/ VENTILADOR E CARRINHO DE ANESTESIA - EXCLUIR QNDO;0;0;0;371,25
1002222;UM        ;MINI PLACA EM L 2X3 (03.136-4)                                                            ;0;0;0;101,99
1002223;UM        ;HASTE INTRA.FEMORAL PROXIMAL DIREITA 10X420 (03.049-0)                                    ;0;0;0;840,78
1002224;UM        ;(NEURO) DRENO DE SUC√ÄAO CONTINUA 3.2MM                                                   ;0;0;0;31
1002225;UM        ;(CARDIO)CABO/ELETRODO INGEVITY MRI ATIVO 7741                                             ;0;0;0;860
1002226;UM        ;(CARDIO)ELETRODO ENDOC.REL 4F MOLA UN.FA SILICO                                           ;0;0;0;5100
1002227;UM        ;(CARDIO)KIT INTRODUTOR DESCARTAVEL PTFE                                                   ;0;0;0;126,89
1002228;UM        ;(CARDIO)CARDIOVERSOR DESFIBRILADOR IMPL DF4-/IS1                                          ;0;0;0;16086,01
1002230;UM        ;(HEMO) ENDOPROTESE ENDURANT II BIFURCADA 23X16X124 NF:000164813                           ;0;0;0;10500
1002231;UM        ;PARAFUSO AUTO ROSQUEAVEL 3.5MM CORTICAL 08 (EXTRA SUS)                                    ;0;0;0;35,89
1002232;UM        ;(HEMO)SISTEMA DE STENT CORONARIO 4.50 X 29MM DE ELUICAO DE SIROLIMUS METAFOR REF:MTR45029 ;0;0;0;854,49
1002233;UM        ;(HEMO)SISTEMA DE STENT CORONARIO 4.50 X 32MM DE ELUICAO DE SIROLIMUS METAFOR REF:MTR45032 ;0;0;0;854,49
1002234;UM        ;(HEMO)SISTEMA DE STENT CORONARIO 4.50 X 37MM DE ELUICAO DE SIROLIMUS METAFOR. REF:MTR45037;0;0;0;854,49
1002235;UM        ;(HEMO)SISTEMA DE STENT CORONARIO 4.50 X 40MM DE ELUICAO DE SIROLIMUS METAFOR. REF:MTR45040;0;0;0;845,49
1002236;UM        ;(HEMO) CATETER BALAO P/ANGIOPLASTIA CORONARIA 2.25 X 18MM  DE BAIXA COMPLACENCIA (PARA POS;0;0;0;204
1002237;UM        ;(HEMO) CATETER BALAO P/ANGIOPLASTIA CORONARIA 2.50 X 15MM  DE BAIXA COMPLACENCIA (PARA POS;0;0;0;204
1002238;UM        ;(HEMO) CATETER BALAO P/ANGIOPLASTIA CORONARIA 2.75 X 08MM  DE BAIXA COMPLACENCIA (PARA POS;0;0;0;204
1002239;UM        ;(HEMO) CATETER BALAO P/ANGIOPLASTIA CORONARIA 2.75 X 13MM  DE BAIXA COMPLACENCIA (PARA POS;0;0;0;204
1002240;UM        ;(HEMO) CATETER BALAO P/ANGIOPLASTIA CORONARIA 2.75 X 15MM  DE BAIXA COMPLACENCIA (PARA POS;0;0;0;204
1002241;UM        ;(HEMO) CATETER BALAO P/ANGIOPLASTIA CORONARIA 2.75 X 18MM  DE BAIXA COMPLACENCIA (PARA POS;0;0;0;204
1002242;UM        ;(HEMO) CATETER BALAO P/ANGIOPLASTIA CORONARIA 3.00 X 08MM  DE BAIXA COMPLACENCIA (PARA POS;0;0;0;204
1002243;UM        ;(HEMO) CATETER BALAO P/ANGIOPLASTIA CORONARIA 3.00 X 15MM  DE BAIXA COMPLACENCIA (PARA POS;0;0;0;204
1002244;UM        ;(HEMO) CATETER BALAO P/ANGIOPLASTIA CORONARIA 3.50 X 08MM  DE BAIXA COMPLACENCIA (PARA POS;0;0;0;204
1002245;UM        ;(HEMO) CATETER BALAO P/ANGIOPLASTIA CORONARIA 3.50 X 15MM  DE BAIXA COMPLACENCIA (PARA POS;0;0;0;204
1002246;UM        ;(HEMO) CATETER BALAO P/ANGIOPLASTIA CORONARIA 4.00 X 13MM  DE BAIXA COMPLACENCIA (PARA POS;0;0;0;204
1002247;BARC.     ;(HEMO) CATETER BALAO P/ANGIOPLASTIA CORONARIA 4.00 X 15MM  DE BAIXA COMPLACENCIA (PARA POS;0;0;0;204
1002248;BARC.     ;(HEMO) CATETER BALAO P/ANGIOPLASTIA CORONARIA 4.50 X 10MM  DE BAIXA COMPLACENCIA (PARA POS;0;0;0;204
1002249;UM        ;(URO)KIT SONDA URETERAL MSB DUPLO J-F 6.0FR X 26CM.REF:52109                              ;0;0;0;209
1002250;UM        ;(ESP)KIT SONDA URETERAL MSB DUPLO J-F 4.7FR X 26CM.REF:52120                              ;0;0;0;209
1002251;UM        ;(ORT)HASTE BLOQUEADA DE FEMUR PROXIMAL C/BLOQUEIO LONGA DIREITA C/PARAFUSOS 11X300.EXTRA S;0;0;0;2069,15
1002256;UM        ;(ORT)HASTE BLOQUEADA DE FEMUR PROXIMAL C/BLOQUEIO LONGA DIREITA C/PARAFUSOS 11X400.EXTRA S;0;0;0;2069,15
1002257;UM        ;(ORT)HASTE BLOQUEADA DE FEMUR PROXIMAL C/BLOQUEIO LONGA ESQUERDA C/PARAFUSOS 11X300.EXTRA ;0;0;0;2069,15
1002258;UM        ;(ORT)HASTE BLOQUEADA DE FEMUR PROXIMAL C/BLOQUEIO LONGA DIREITA  C/PARAFUSOS 11X320.EXTRA ;0;0;0;2069,15
1002259;UM        ;(ORT)HASTE BLOQUEADA DE FEMUR PROXIMAL C/BLOQUEIO LONGA ESQUERDA COM PARAFUSOS 11X340.EXTR;0;0;0;2069,15
1002260;UM        ;(ORT)HASTE BLOQUEADA DE FEMUR PROXIMAL C/BLOQUEIO LONGA ESQUERDA C/PARAFUSOS 11X360.EXTRA ;0;0;0;2069,15
1002261;UM        ;(ORT)HASTE BLOQUEADA DE FEMUR PROXIMAL C/BLOQUEIO LONGA ESQUERDA C/PARAFUSOS 11X380.EXTRA ;0;0;0;2069,15
1002262;UM        ;(ORT)HASTE BLOQUEADA DE FEMUR PROXIMAL C/BLOQUEIO LONGA ESQUERDA C/PARAFUSOS 11X400.EXTRA ;0;0;0;2069,15
1002263;UM        ;(ORT)HASTE BLOQUEADA DE FEMUR PROXIMAL C/BLOQUEIO.CURTA C/PARAFUSOS.11X170.BILATERAL. EXTR;148;108188;731;731
1002264;UM        ;(ESPEC)EXTRATOR DE GRAMPOS CIRURGICO PROXIMATE                                            ;0;0;0;0
1002265;UM        ;ORTOP FIXADOR CIRCULAR E SEMICIRCULAR - ILIZAROV(03.032-5)                                ;188;233379,44;1241,38;1241,38
1002266;UM        ;(HEMO)CATETER BALAO PERIFERICO C/SIST. OTW,PASSEO-14 3/220/150BAIXO PERFIL DE CRUZAMENTO C;0;0;0;300
1002267;UM        ;(HEMO)CATETER BALAO DE DILATACAO PARA PTCA RX 300X08MM -MOZEC NC REF:MNC30008             ;0;0;0;204
1002268;UM        ;(HEMO)CATETER BALAO DE DILATACAO PARA PTCA RX-400X13MM MOZEC NC REF:MNC40013              ;0;0;0;204
1002269;UM        ;(HEMO)STENT CORONARIO REVESTIDO DE PK PAPYRUS 2,5 X 15                                    ;0;0;0;12500
1002270;UM        ;(HEMO)STENT CORONARIO REVESTIDO DE PK PAPYRUS 3,5 X 15                                    ;0;0;0;12500
1002271;UM        ;(HEMO)CONJUNTO PARA PERICARDIOCENTESE LOCK                                                ;0;0;0;1900
1002272;UM        ;(HEMO)CONECTOR Y SUNMED                                                                   ;0;0;0;50
1002273;UM        ;(HEMO)CATETER GUIA VISTA BRITE 6FR 0,70 JL4.0 SH                                          ;0;0;0;150
1002274;UM        ;(HEMO)CATETER GUIA VISTA BRITE 6FR 0,70 JL5.0                                             ;0;0;0;150
1002275;UM        ;(HEMO) CATETER GUIA VISTA BRITE 7F 078/JL3,5 SH                                           ;0;0;0;150
1002276;UM        ;(HEMO)CATETER GUIA VISTA BRITE 7FR 078 XB3 SH100                                          ;0;0;0;150
1002277;UM        ;(HEMO)CATETER GUIA VISTA BRITE 7FR 78 JR4 SH100                                           ;0;0;0;150
1002278;UM        ;(HEMO)MICROESFERAS CARREADORAS DE FARMACO PARA EMBOLIZA√ßAO DE TUMORES TAM.150-200 MICRONS;0;0;0;12193,18
1002279;AMP.      ;(HEMO)MICROESFERAS CARREADORAS DE FARMACO PARA EMBOLIZA√ßAO DE TUMORES TAMAN.50-100 MICRON;0;0;0;12193,18
1002280;AMP.      ;(HEMO)MICROCATETER CONFECCIONADO EM MATERIAL COMPATIVEL E NYLON,REVESTIDO E PTFE DIAM.PROX;0;0;0;3650
1002281;UM        ;(CARDIO)ENXERTO RETO COLAGENO 24 X 300MM                                                  ;0;0;0;854,75
1002283;UM        ;(HEMO)CATETER BALAO STERLING MONORAIL 5,0MM X 20MM                                        ;0;0;0;1000
1002284;UM        ;(HEMO)CATETER BALAO STERLING MONORAIL 5,5MM X 20MM X 135                                  ;0;0;0;1000
1002285;UM        ;(HEMO)CATETER BALAO STERLING MONORAIL 6,0MM X 20MM                                        ;0;0;0;1000
1002286;UM        ;(HEMO)CATETER ANGIOGRAFICO RADIFOCUS OPTITORQUE SIMMONS 1 5FR X 100CM                     ;0;0;0;54,6
1002287;UM        ;(HEMO)CATETER ANGIOGRAFICO RADIFOCUS OPTITORQUE SIMMONS 2 5FR X 100CM                     ;0;0;0;54,6
1002288;UM        ;(HEMO)CATETER ANGIOGRAFICO RADIFOCUS OPTITORQUE SIDEWINDER SIMMONS 3 5FR X 100CM          ;0;0;0;54,6
1002289;UM        ;(HEMO)CATETER GUIA PARA ANGIOPLASTIA -LAUNCHER 6FR MB2                                    ;0;0;0;150,54
1002290;UM        ;(HEMO)KIT PARA INTRODUCAO DE CATETERS RADIOFOCUS 0.38 5FRX10CM-18G COM GUIA METALICA ANG.E;0;0;0;44,8
1002291;UM        ;(HEMO)KIT PARA INTRODUCAO DE CATETERS RADIOFOCUS 0.38 6FRX10CM-18G COM GUIA METALICA ANG.E;0;0;0;44,8
1002292;UM        ;(HEMO)KIT PARA INTRODUCAO DE CATETERS RADIOFOCUS 0.38 7FRX10CM-18G COM GUIA METALICA ANG.E;0;0;0;44,8
1002293;UM        ;(HEMO)CATETER DE ASPIRACAO EXPORT ADVANCE                                                 ;0;0;0;1952
1002294;UM        ;(HEMO)FIO GUIA C/NUCLEO FIXO REVESTIDO DE PTFE TEFLONADO 0.35 X 260CM CURVA EM J.         ;0;0;0;50,4
1002298;UM        ;(HEMO)FIO GUIA PT2 0,014 X 300CM LIGHT SUPPORT                                            ;0;0;0;250
1002299;UM        ;(HEMO)CATETER BALAO DE DILATACAO PARA PTCA RX 450X08MM -MOZEC NC                          ;0;0;0;204
1002300;UM        ;(HEMO)STENT CORONARIO REVESTIDO DE PK PAPYRUS 3,0 X 15                                    ;0;0;0;12500
1002314;UM        ;(ESPEC)INTRODUTOR RADIAL HIDROF.5FR X 11CM DILAT.17CM GUIA 021X45CM A21G                  ;0;0;0;66
1002315;UM        ;(ESPEC)INTRODUTOR RADIAL HIDROF.6FR X 11CM DILAT.17CM GUIA 021 X 45CM A 21G               ;0;0;0;66
1002316;UM        ;(HEMO)EXTENSOR DE ALTA PRESSAO PARA ANGIOGRAFIA 120CM USADO PARA INJECAO DE CONTRASTE LISO;0;0;0;15
1002318;UM        ;(HEMO)CATETER BALAO DE DILATACAO PARA PTCA RX 200X18MM -MOZEC NC REF:MNC20018             ;0;0;0;204
1002319;UM        ;(HEMO)CATETER BALAO DE DILATACAO PARA PTCA RX 275X23MM -MOZENC REF:MNC27523               ;0;0;0;204
1002320;UM        ;(HEMO)CATETER BALAO DE DILATACAO PARA PTCA RX 200X08MM -MOZEC NC REF:MNC20008             ;0;0;0;204
1002321;UM        ;(HEMO)CATETER BALAO DE DILATACAO PARA PTCA RX - 200X 15MM MOZEC NC - REF:MNC20015         ;0;0;0;204
1002322;UM        ;(HEMO)CATETER BALAO DE DILATACAO PARA PTCA RX - 350X 23MM MOZEC NC - REF:MNC35023         ;0;0;0;204
1002323;UM        ;(HEMO)CATETER BALAO DE DILATACAO PARA PTCA RX 225X15MM -MOZEZEC NC - REF:MNC22515         ;0;0;0;204
1002324;UM        ;(HEMO)CATETER BALAO DE DILATACAO PARA PTCA RX 350X13MM -MOZEZEC NC - REF:MNC35013         ;0;0;0;204
1002325;UM        ;(HEMO)ENDOPROTESE TORACICA COMPOSTA POR ENDOPROTESE DE SUSTENTACAO INTRALUMINAL ENXERTO TU;0;0;0;10500
1002372;PCT.      ;PALITO TIPO ESPETO COLETA FEZES 25CM X 0,3 A 0,4CM C/ 100 UNDS                            ;1422;9740,7;6,85;6,85
1002389;UM        ; PARAFUSO CANULADO 3,5 10 A 60MM (03.062-7)                                               ;321;25134,3;78,3;78,3
1002398;UM        ;INSERTO ACETABULAR MD DELTA 44X36MM (CERAMICA)                                            ;0;0;0;5800
1002399;UM        ;PROTESE FEMORAL TAPER PS TI PRIMARIA 34MM 09MM (CERAMICA)                                 ;0;0;0;4790
1002400;UM        ; PROTESE FEMORAL TAPER PS TI PRIMARIA 37.5MM 10MM (CERAMICA)‚Í                            ;0;0;0;4790
1002401;UM        ; PROTESE FEMORAL TAPER PS TI PRIMARIA 37.5MM 11MM (CERAMICA)                              ;0;0;0;4790
1002402;UM        ; PROTESE FEMORAL TAPER PS TI PRIMARIA 34MM 06MM (CERAMICA)                                ;0;0;0;4790
1002403;UM        ;PROTESE FEMORAL TAPER PS TI PRIMARIA 34MM 07MM (CERAMICA)                                 ;0;0;0;4790
1002410;UM        ;PROTESE FEMORAL TAPER PS TI PRIMARIA 34MM 08MM (CERAMICA)                                 ;0;0;0;4790
1002414;UM        ;PLACA EM L DIVERSOS                                                                       ;1307;243102;186;186
1002443;UM        ;(FONO) PROCESSADOR DE SOM NUCLEOS N6 CP910 PRETO COM ACESSORIOS.                          ;0;0;0;45000
1002444;UM        ;(COLOS)BOLSA COLOSTOMIA REF. 16436 I PECA DE DRENAGEM, PLASTICO ANTIODOR, OPACA COM CLAMP ;0;0;0;97,26
1002445;UM        ;(COLOS) PLACA PARA BOLSA ADULTA REF 11035 FLANGE 60MM                                     ;60;2358;39,3;39,3
1002446;UM        ;(COLOS)ANEL MOLDAVEL REF 12030 INDICADO PARA NIVELAR IRREGULARIDAS CUTANEAS E PROMOVER O S;330;4101,9;12,43;12,43
1002447;UM        ;(COLOS)PROTETOR CUTANEA EM SPRAY REF.12020/423288 SEM ALCOOLCOLOPLAST/CONVATEC,SECAGEM RAP;418;42636;102;102
1002448;UM        ;(COLOS) ADESIVO FLEXIVEL REF. 12072 EM FORMA DE Y, PARA REFORCO,  FIXACAO   E ADERENCIA DO;240;3286;13,691666;12,5
1002449;UM        ;(COLOS) BOLSA OSTOMIA 10367 SISTEMA 2 PECAS COM FILTRO DE CARVAO TIPO CONVEXA RECORTAVEL 1;60;2362,8;39,38;39,76
1002461;UM        ;(ESPEC)PINCA CORPO ESTRANHO DENTE DE RATO,1.8MM 160CM.                                    ;7;10965,99;1566,57;1566,57
1002482;UM        ;(COLOS)  BOLSA NEONALTAL REF.3778 1 PECA TRANSPARENTE, COM DUPLA FUNCAO:INTESTINAL OU URIN;480;21052,8;43,86;43,86
1002483;UM        ;(COLOS))BOLSA DE COLOSTOMIA ADULTO REF. 88302 1 PECA, COM FILTRO DE CARVAO RECORTAVEL 15MM;0;0;0;33,3
1002484;UM        ;(COLOS)BOLSA P/ESTOMIA URINARIA REF 18403 ST.DUAS PECAS COM ARO 57MM HOLLISTER            ;900;45118;50,131111;78,94
1002485;UM        ;(COLOS) PROTETOR CUNTANEO EM PO REF 7906 P/ PERISESTOMIA COM CARBOXIMETICELULOSE, FRASCO C;257;8609,5;33,5;33,5
1002486;UM        ;(COLOS)BOLSA COLETOR PARA ESTOMIA REF. 86711 1 PECA,DRENAVEL,TRASNPARENTE COM JANELA DE VI;0;0;0;42,16
1002487;UM        ;(COLOS)BOLSA DE ESTOMIA INTESTINAL (18184) COM CARVAO FLANGE 70MM RECOSRTAVEL ATE 57MM (HP;950;70937,7;74,671263;74,7
1002488;UM        ;(COLOS)BOLSA E PLACA REF. 421747DRENAVEL COM CARVAO ATIVADO RECORTAVEL 10-40MM E FLANGE AT;210;13194,9;62,832857;64,52
1002489;UM        ;(COLOS) BOLSA DE OSTOMIA REF 402534. DRENAVEL, OPACA, COM CARVAO ATIVADO RECORTAVEL 10-44M;715;56780,85;79,413776;123,32
1002490;UM        ;(COLOS) CINTO ELASTICO ADULTO REF. 175507 AJUSTAVEL COM PRESILHAS DE CONEXAO (CONVATEC)   ;0;0;0;40
1002491;UM        ;(COLOS) BOLSA DE ESTOMIA REF. 22771,DISPOSITIVO INTESTINAL, ADUTO,DRENAVEL,TRANSPARENTE RE;30;1643,4;54,78;54,78
1002492;UM        ;(COLOS)CLAMP PARA BOLSA DE COLOSTOMIA REF. 175635 (CONVATEC)                              ;2290;9160,16348;4,000071;3,8
1002493;UM        ;(COLOS)BOLSA INFANTIL REF 402566, DRENAVEL TRANSPARENTE, SEM FILTRO DE CARVAO ATIVADO COM ;680;15096;22,2;22,2
1002509;UM        ; PLACA 1/3 TUBULAR BLOQUEADA ACO 3.5X6 FUROS(EXTRA SUS)                                   ;0;0;0;182,04
1002510;UM        ; PLACA 1/3 TUBULAR BLOQUEADA ACO 3.5X7 FUROS(EXTRA SUS)                                   ;0;0;0;182,04
1002511;UM        ; PLACA 1/3 TUBULAR BLOQUEADA ACO 3.5X8 FUROS(EXTRA SUS)                                   ;0;0;0;182,04
1002528;UM        ;PARAFUSO ESPONJOSO 6.5 ACO DIVERSOS TAMANHOS(EXTRA SUS)                                   ;50;1775;35,5;35,5
1002529;UM        ;(OPME)PLACA T OBLIQUA DIR.3X7 RADIO DISTA√L TITANEO (EXTRA SUS)                           ;0;0;0;571,42
1002550;UM        ;(HEMO)FIO GUIA TEFLONADO 0,35CM X 260CM PONTA CURVA                                       ;125;10868,75;86,95;86,95
1002551;UM        ;(COLOS) BOLSA INFATIL REF.20922  UMA PECA. DRENAVEL, PLASTICO ANTIODOR, SEM FILTRO DE VARV;70;3420,7;48,867142;68,47
1002552;UM        ;FRALDA DESCARTAVEL INFANTIL SUPER EXTRA GRANDE                                            ;0;0;0;0,68
1002572;UM        ;EMBALAGEM P/ESTERELIZACAO EM SMS 50 X 50.(APROX.)PESADO 50G                               ;0;0;0;0
1002573;UM        ;EMBALAGEM P/ESTERELIZACAO EM SMS 60 X 60 (APROX.)PESADO 50G                               ;10150;7386;0,727684;0,72
1002574;UM        ;EMBALAGEM P/ESTERELIZACAO EM SMS  75 X  75.(APROX.)PESADO 50G                             ;13550;15799,5;1,166014;1,11
1002575;UM        ;EMBALAGEM P/ESTERELIZACAO EM SMS 100 X 100 (APROX.)PESADO 50G                             ;0;0;0;0
1002576;UM        ;EMBALAGEM P/ESTERELIZACAO EM SMS 120 X 120 (APROX.)PESADO 50G                             ;11760;31867,1;2,709787;2,71
1002584;UM        ;(NEFRO)CONECTOR LUER VALVULADO PARA CATETER DE HEMODIALISE PRESSAO NEGATIVA PRIMING 0,21 M;780;3143,4;4,03;4,03
1002585;UM        ;(NEFRO)CURATIVO PARA CATETER DE HEMODIALLISE 7 CMX 9 CM                                   ;0;0;0;0
1002587;UM        ;(NEFRO)KIT CDL 13,5FR-14,5FR X 36CM TIPO PERMICATH LONGA PERMANENCIA - CATETER DUPLO LUMEN;0;0;0;0
1002596;UM        ;FIXADOR P/ CANULAS DE TRAQUEOSTOMIA INFALTIL                                              ;0;0;0;7,46
1002597;UM        ;(ORT)HASTE BLOQUEADA DE FEMUR PROXIMAL C/BLOQUEIO                                         ;97;61789;637;637
1002599;UM        ;PARAFUSO BLOQUEADO DIVERSOS TAMANHOS(RADIO DISTAL ACO)                                    ;0;0;0;0
1002611;UM        ;SONDA P/ ASPIRACAO TRAQUEAL C/ VALVULA N. 24                                              ;980;6605,2;6,74;6,74
1002615;UM        ;CAMPO CIRURGICO ESTERIL ,COM NO MINIMO 1.00X1.40 CM CUMPRIMENTO EM SMS GRAMATURA MINIMA 50;22700;108733;4,79;4,79
1002616;UM        ;CAMPO CIRURGICO ESTERIL DE MESA,COM NO MINIMO 150 X 190CM DE COMPRIMENTO EM SMS, GRAMATURA;0;0;0;7,84
1002617;UM        ;(COLOS)BOLSA DE OSTOMIA REF. 416975 DE UMA PECA DURAHESIVE PLUS DRENAVEL RECORTAVEL 19-64M;0;0;0;23,33
1002619;CX.       ;LUVA DE PROCEDIMENTO NITRILICA DESCARTAVEL SEM PO TAMANHO P                               ;0;0;0;45,07
1002620;CX.       ;LUVA DE PROCEDIMENTO NITRILICA DESCARTAVEL SEM PO TAMANHO M                               ;0;0;0;45,08
1002621;CX.       ;LUVA DE PROCEDIMENTO NITRILICA DESCARTAVEL SEM PO TAMANHO G                               ;0;0;0;49
1002622;UM        ;"SONDA ENDOTRAQUEAL FORMATO EM ""S"" OU ""L"" 7.5 COM BALAO                                    ";60;1044,6;17,41;17,41
1002623;UM        ;"SONDA ENDOTRAQUEL FORMATO EM ""S"" OU ""L"" 8.0 COM BALAO                                     ";60;1282,2;21,37;21,37
1002624;UM        ;CATETER INTRAVENOSO CENTRAL DE SUBCLAVIA 16GA X30CM AGULHA  14GA                          ;121;3586,44;29,64;29,64
1002625;UM        ;CATETER INTRAVENOSO CENTRAL DE SUBCLAVIA 14GA X 30CM AGULHA 14GA                          ;0;0;0;0
1002626;UMA       ;SONDA DE FOLEY N.16 3 VIAS (SILICONE).                                                    ;5970;83128,5;13,924371;13,17
1002638;UM        ;FIO POLIESTER TRANCADO N. 1 REVESTIDO C/ POLIBUTILATO AG. 36MM (VARIACAO +/-1CM),1/2, 75 C;5256;28467,36;5,416164;6,47
1002639;UM        ;GELO REUTILIZAVEL RIGIDO (GELOX) 750ML                                                    ;479;2624,92;5,48;5,48
1002640;UM        ;AVENTAL IMPERMEAVEL FECHADO LONGO DE PVC (VINIL) LAMINADO C/DIMENSOES APROXIMADAS DE 1,40 ;693;16701,3;24,1;24,1
1002644;PAR       ;LUVA DE SEGURANCA LATEX RESISTENTE 100% BUTADIENO TAM G                                   ;1718;3315,74;1,93;1,93
1002645;UM        ;(COLOS)BOLSA DE OSTOMIA REF. 416976 DE UMA PECA DURAHESIVE PLUS DRENAVEL RECORTAVEL 19-64M;0;0;0;14,7
1002646;UM        ;AGULHA DESCARTAVEL (30 X 7.0) C/ DISPOSITIVO DE SEGURANCA                                 ;151700;52692;0,347343;0,36
1002647;BOB.      ;PAPEL GRAU CIRURGICO 08CM X 50M (BOBINA)                                                  ;175;4572,75;26,13;26,13
1002648;PCT.      ;LENCO PARA BANHO, TAMANHO 30 X 35 CM.                                                     ;16817;353157;21;21
1002649;PCT.      ;COMPRESSAS DE GAZE ALGODONADO ESTERIL, COM 15 X 30 CM.                                    ;54039;567409,5;10,5;10,5
1002651;UM        ;ESPONJA LIXA LIMPEZA CAUTERIO(LADO ABRASIVO E LADO ESPONJA) TAMANHO APROXIMADO 7CM X 7 CM.;503;3347,6;6,655268;6,81
1002652;UM        ;CURATIVO FILME TRANSPARENTE 10X12CM RE. IVFS1012 COM FENESTRA VARIACAO DE +/- 1 CM        ;0;0;0;2,35
1002655;UM        ;USAR O CODIGO 756.                                                                        ;0;0;0;0
1002663;UM        ;(NEFRO)LINHA DE SANGUE ARTERIAL PEDIATRICA UNIVERSAL                                      ;300;10491;34,97;34,97
1002664;UM        ;CURATIVO (REF. 9781) FIXADOR HORIZONTAL PARA CATETERES VESICAL E DRENOS, COM BARREIRA DE P;430;31334,1;72,87;72,87
1002665;UM        ;CURATIVO (REF. 23094)8X9CM EM MULTICAMADAS, ABSORVENTE E NAOADERENTE, ESTERIL, COMPOSTO DE;135;2095,2;15,52;15,52
1002666;UM        ;CURATIVO (REF. 20571)10X10CM DE FIBRAS DE ALGINATO DE CALCIOE PRATA, ESTERIL, DERIVADO DE ;650;27846;42,84;42,84
1002667;UM        ;CURATIVO (REF. 20441)10X10CM DE FIBRAS DE ALGINATO DE CALCIO ESTERIL, DERIVADO DE ALGAS MA;385;2283,05;5,93;5,93
1002668;UM        ;CURATIVO (REF. 20541) 9X9CM DE ACAO ANTIMICROBIANA E HYDROLANCE PARA FERIDAS, ESTERIL, COM;0;0;0;98,17
1002669;UM        ;CURATIVO (REF. 33436)10X10CM DE FIBRAS DE CELULOSE E ETILSSULFONATO DE CELULOSE. APRESENTA;0;0;0;30,79
1002670;UM        ;CURATIVO FITA MACIO COM PRATA (BAITAIN) 3X44CM REF 3780 PARAPREENCHIMENTO DE CAVIDADES    ;1440;60422,4;41,96;41,96
1002671;UM        ;CURATIVO (REF. 39643) 19X20CM ESTARIL DE ESPUMA DE POLIURETNO TRIDIMENSIONAL COM BORDA ADE;690;72491,4;105,06;105,06
1002672;UM        ;CURATIVO (REF. 33283) 9X11CM HIDROCOLOIDE, ESTERIL, FLEXIVELFORMATO DE BORBOLETA, COMPOSTO;1720;46302,4;26,92;26,92
1002673;UM        ;CURATIVO (REF. RTE 2,0-10) REDE TUBULAR ELASTICA CALIBRE 2 (17MM) PARA FIXACAO DE CURATIVO;141;21227,53;150,549858;148,18
1002674;UM        ;CURATIVO (REF. RTE 5,0-10) REDE TUBULAR ELASTICA CALIBRE 5 (29MM) PARA FIXACAO DE CURATIVO;65;11967,15;184,11;184,11
1002675;UM        ;CURATIVO (REF. RTE 6,0-10) REDE TUBULAR ELASTICA CALIBRE 6 (57MM)PARA FIXACAO DE CURATIVO,;62;23573,64;380,22;380,22
1002676;UM        ;CURATIVO (REF. RT 10,0-10) REDE TUBULAR ELASTICA CALIBRE 10 (100MM) PARA FIXACAO DE CURATI;62;41225,66;664,93;664,93
1002677;UM        ;CURATIVO (REF 8,0-10) REDE TUBULAR ELASTICA CALIBRE 8 (66MM) PARA FIXACAO DE CURATIVO, COM;62;27543,5;444,25;444,25
1002678;UM        ;(CME)ENVELOPE AUTO-SELANTE 50MMX130MM OU 60MMX130MM                                       ;0;0;0;0,14
1002681;KIT       ;(NEFRO)KIT CTL CURVO 11,5-12FR X 19-21CM CATETER EM POLIURETANO-CATETER TRIPLO LUMEN.     ;0;0;0;182,32
1002682;UM        ;(CME) ENVELOPE AUTO-SELANTE 150MM X 250MM.                                                ;0;0;0;0,25
1002683;UM        ;(CME) ENVELOPE AUTO-SELANTE 150MM X 300MM.                                                ;0;0;0;0,34
1002684;UM        ;(CME) ENVELOPE AUTO-SELANTE 150MM X 150MM.                                                ;0;0;0;0,25
1002685;UM        ;CURATIVO (REF. 3391G)CREME DE BARREIRA PRODUTO 28G                                        ;0;0;0;49,33
1002687;UM        ;AGULHA DESCARTAVEL (13 X 45 ) C/ DISPOSITIVO DE SEGURANCA                                 ;32220;11337,6;0,35188;0,33
1002688;UM        ;CURAT. REF. BK301010 10X10CM  ATIVADO COM PRATA PLUS PODENDO SER UTILIZADO EM AMBOS OS LAD;0;0;0;44,89
1002689;RL.       ;CURATIVO (REF.BK292000)ATADURA DE RAYON 7,6CMX2M, IMPREGNADODE EMULSAO DE PETROLATUM, NAO ;405;25523,1;63,02;63,02
1002690;UM        ;CURAT. REF423289 REMOVEDOR SPRAY 50 ML,COMPOSTO DE 100% DE SILICONE BIOCOMPATIVEL HIPOALER;2950;145287,5;49,25;49,25
1002691;UM        ;CUTAT.AQUACEL PRO/BAITAIN MULTISHAPE REF. 422356/33408 TAMANHO 14X19.5CM .                ;2450;165816;67,68;67,68
1002692;UM        ;CURAT. HIDROC.DUODERM EXTRA TBIN REF. 187903 TAMANHO 15X17.5CM ESTERIL,AUTOADESICO,ABSORVE;790;15405;19,5;19,5
1002694;UM        ;CATETER URETERAL MODELO PIG TAIL 3 FR 12 CM                                               ;0;0;0;4,19
1002708;UM        ;CIRCUITO RESPIRATORIO INFANTIL (INTERMED)COM LINHA PROXIMAL                               ;60;21000;350;350
1002709;UM        ;CIRCUITO RESPIRATORIO INFANTIL NEONATAL (AVEA) SEM LINHA PROXIMAL.                        ;108;37800;350;350
1002710;UM        ;AGULHA  DESCARTAVEL PARA COLETA DE SANGUE A VACUO 25X0,7MM  22GX1                         ;0;0;0;0,3
1002711;FR.       ;DESINCRUSTANTE ACIDO 1000ML                                                               ;0;0;0;0
1002712;UM        ;BANDAGEM ELASTICA COMPRESSIVA REF. 1023616 10CMX3M                                        ;455;18086,25;39,75;39,75
1002713;UM        ;GEL PHMB 100ML REF K372002 PARA LIMPEZA E HIDRAT. DE FERIDASCUTANEAS.                     ;921;28753,62;31,22;31,22
1002714;UMA       ;ABSORVENTE POS PARTO - MEDINDO APROXIMADAMENTE 40CM X 10CM                                ;9850;5614,5;0,57;0,57
1002716;          ;ROLO BOBINA TUBULAR DE PLASTICO TIPO SACO SEM FUNDO SELAVEL PARA SELADORA DA MARCA IMAP PO;180;136800;760;760
1002720;UM        ;CURAT. HIDROCOL.DUODERM EXTRA TBIN REF. 187955 EXTRA FINO,10X10CM COMPOSTO PO CARBOX. SODI;0;0;0;60
1002721;PCT.      ;CURAT.COMPRESSA ESTERIL 15X15CM  NAO ADERENTE COM ESTRUTURA POROSA COMPOSTO POR VISCOSE E ;2252;4886,84;2,17;2,17
1002722;UM        ;CURAT. AQUACEL PRO FOAM REF.421580 24X21.5CM FORMATO SACRAL COM BORDAS DE SILICONE, DE ESP;0;0;0;353,33
1002723;UM        ;CURAT. AVELLE REF.421552 16X16CM ESPUMA PARA TERAPIA POR PRESSAO NEGATIVA.                ;0;0;0;658,19
1002724;UM        ;CURAT. AVELLE APARELHO REF. 422285 PARA TERAPIA POR PRESSAO NEGATIVA PARA TRATAMENTO DE FE;0;0;0;1379,91
1002725;UM        ;CURAT. FIXACAO ELASTICA REF.89598 10X20CM COMPOSICAO VISCOSEE POLIAMIDA COM BORDAS DE TECE;3378;214030,08;63,36;63,36
1002726;UM        ;CURAT. AVELLE REF.421553 16X21CM ESPUMA PARA TERAPIA POR PRESSAO NEGATIVA                 ;0;0;0;693,41
1002727;UM        ;CURAT. HIDROCOL.(DUODERM)CGF REF. 187662 20X20CM FORMATO SACRAL ANATOMICO COMPOSTO POR CAR;203;34626,58138;170,574292;139,171687
1002728;RL.       ;CURAT. BANDAGEM ADESIVA ELASTICA NEUROMUSCULAR 5CMX5CM                                    ;0;0;0;25,6
1002729;UM        ;CURAT.AQUACEL/BAITAIN AG REF.420642/39622 TAMANHO 10X10CM EM ESPUMA DE POLIURETANO COM CAR;0;0;0;91,03
1002730;UM        ;CURAT.CREME BARREIRA SPRAY REF. 423288/12020 50 ML PROT.CUTANEO DE SECAGEM RAPIDA         ;2754;723125,7;262,572875;281,55
1002731;UMA       ;PULSEIRA DE IDENTIFICACAO TERMICA ADULTO 25X270MM ROLO C/ 200 UNIDADES.                   ;0;0;0;2,93
1002784;UM        ;TUBO DE VENTILACAO TIPO SHEPARD.                                                          ;0;0;0;72,85
1002785;UM        ;(COLOS)BOLSA P/ESTOMIA URINARIA (18404) ADULTO 70MM RECORTAVEL 10-44MM.                   ;110;7531;68,463636;100,34
1002787;UM        ;BANDAGEM ELASTICA EM VISCOSE ALGODAO POLIAMIDA DE 10CM X 4M                               ;15;367,05;24,47;24,47
1002788;UM        ;CURATIVO PARA TRAQUEOSTOMIA INFANTIL,EM POLIURETANO, 6 CM X  7 CM                         ;435;2275,05;5,23;5,23
1002789;UM        ;CURATIVO PARA TRAQUEOSTOMIA INFANTIL,EM POLIURETANO, 10 CM X 10 CM.                       ;295;2301;7,8;7,8
1002790;UM        ;FIXADOR DE SENSOR DE OXIMETRO P (L 75MM X C 20MM). REUTILIZAVEL.                          ;670;18364,7;27,41;27,41
1002791;UM        ; FIXADOR DE SENSOR DE OXIMETRO M (L 120MM X C 20MM) REUTILIZAVEL.                         ;670;14003;20,9;20,9
1002792;UM        ;PROTETOR OCULAR PARA FOTOTERAPIA DE 30 CM TOTAL 7,0 X 3,0 C M (OCULOS) E 2,0 CM  NO NARIZ ;175;2135;12,2;12,2
1002793;UM        ;PROTETOR OCULAR PARA FOTOTERAPIA,DE 31 CM TOTAL 10,0 X 5,   0 CM (OCULOS) E 3,0 CM NO NARI;175;2135;12,2;12,2
1002794;UM        ;PROTETOR OCULAR AUTO-COLANTE TAMANHO P - 10 CM                                            ;20;685,4;34,27;34,27
1002798;UM        ;RESERVATORIO PARA TERAPIA POR PRESSAO NEGATIVA VOLUME 800 ML                              ;134;79061,34;590,01;590,01
1002799;UM        ;KIT ESPONJA, TUBO E PELICULA ADESIVA P/ PRESSAO NEGATIVA G                                ;116;91989,16;793,01;793,01
1002801;UM        ;CURATIVO FIXADOR NASAL DE SONDA FORMATO BORBOLETA.                                        ;595;22312,5;37,5;37,5
1002802;UM        ;SOLUCAO PHMB 0,2% AQUOSA P/ ANTISSEPSIA E HIGIENE DE FERIDAS, FRASCO COM 250ML.           ;0;0;0;42,61
1002803;UM        ;LOCAO HIDRATANTE CORPORAL PARA PREVENCAO E CUIDADOS                                       ;0;0;0;17,64
1002804;UM        ;SABONETE ANTISSEPTICO COM PHMB                                                            ;38;760;20;20
1002810;UM        ;CURATIVO MALHA 10X10 CM                                                                   ;380;6779,2;17,84;17,84
1002811;UM        ;GEL DE PECTINA 30 G                                                                       ;1100;26389;23,99;23,99
1002814;UM        ;SISTEMA DE TERAPIA COMPRESSIVA MEDINDO 10 CM X3 METROS.                                   ;42;8695,26;207,03;207,03
1002821;UM        ;PROTETOR CPAP NASAL¬µTAMANHO 0                                                            ;290;19024;65,6;65,6
1002823;UM        ;PROTETOR CPAP NASAL TAMANHO 2                                                             ;150;6133,5;40,89;40,89
1002825;UM        ;KIT ESPONJA, TUBO E PELICULA ADESIVA P/ PRESSAO NEGATIVA M                                ;31;19830,39;639,69;639,69
1002826;UM        ;CURATIVO BOTA DE UNNA.TAMANHO 10X10CM.                                                    ;20;542;27,1;27,1
1002830;PCT.      ;LACRE DE SEGURANCA NUMERADO TIPO ESPINHA DE PEIXE VERMELHO PCT COM 100 UND                ;5;2;0,4;0,4
1002834;PCT.      ;ELASTICO EM LATEX DE COR AMARELO - PCT                                                    ;76;1994,19;26,239342;51,26
1002837;UM        ;TALA DE IMOBILIZACAO ARAMADA TAMANHO P COR AZUL                                           ;51;518,67;10,17;10,17
1002838;UM        ;TALA DE IMOBILIZACAO ARAMADA TAMANHO M COR LARANJA                                        ;33;394,68;11,96;11,96
1002839;UM        ;TALA DE IMOBILIZACAO ARAMADA TAMANHO G COR VERDE                                          ;70;1057,7;15,11;15,11
1002840;UM        ;TALA DE IMOBILIZACAO ARAMADA TAMANHO GG AMARELA                                           ;53;1208,4;22,8;22,8
1002841;UM        ;SALTO ORTOPEDICO DE BORRACHA.                                                             ;6;297,96;49,66;49,66
1002844;          ;BOBINA FILME PELICULA STRETCH (ENCOLHIVEL)MANUAL.                                         ;577;29023,1;50,3;50,3
1002846;UM        ;PRANCHA RIGIDA IMOBILIZADORA PARA TRANSPORTE DE PACIENTES.                                ;128;59338,36;463,580937;444,26
1002848;UM        ;BOBINA PARA UNITARIZACAO DE MEDICAMENTOS TRANSPARENTE.                                    ;0;0;0;200
1002849;UM        ;BOBINA PARA UNITARIZACAO DE MEDICAMENTOS AMBAR.                                           ;0;0;0;133
1002850;          ;BOBINA PARA UNITARIZACAO DE MEDICAMENTOS VERMELHA.                                        ;0;0;0;175
1002855;UM        ;SWAB PARA COLETA E TRANSPORTE COM MEIO STUART                                             ;700;1029;1,47;1,47
1002856;UM        ;TUBO COLETA VACUO SST COM GEL ATIVADOR DE  COAGULO 8,5ML.                                 ;0;0;0;0,73
1002858;PCT.      ;MICROTUBOS DO TIPO EPPENDORF FABRICADOS EM POLIPROPILENO 2ML.                             ;37;1001,59;27,07;27,07
1002859;PCT.      ;MICROTUBOS DO TIPO EPPENDORF FABRICADOS EM POLIPROPILENO 1,5ML.                           ;37;1001,59;27,07;27,07
1002861;PCT.      ;PONTEIRA PARA MICROPIPETA, TIPO GILSON, COR AMARELA - VOLUME1- 200 MICROLITROS C/ 1000 UNI;0;0;0;15,33
1002862;UM        ;PONTEIRA PARA MICROPIPETA, TIPO GILSON, COR AZUL - VOLUME 200 - 1000 MICROLITROS.         ;0;0;0;39,78
1002863;PCT.      ;PONTEIRA PARA MICROPIPETA,TIPO GILSON, COR AMARELA - VOLUME 0,1-10 MICROLITROS.           ;0;0;0;13,84
1002864;UM        ;PONTEIRA PARA MICROPIPETA, TIPO GILSON,COR AMARELA - VOLUME 1- 200UL.                     ;0;0;0;19,74
1002878;UM        ;TUBO PARA COLETA DE SANGUE A VACUO COM CITRATO DE SODIO 3,2% 3,6 ML.                      ;0;0;0;1,57
1002882;          ;BOBINA PICOTADA,TAMANHO 24X35CM,0,03 MICRAS.                                              ;10;195,8;19,58;19,58
1002891;          ;ETIQUETA ADESIVA TERMICA 80 X 60 MM.                                                      ;0;0;0;44,85
1002893;UM        ;FLUXOMETRO 15L 02.                                                                        ;0;0;0;53,33
1002894;UM        ;(COLOS) BOLSA DE COLOSTOMIA ADULTO,REF 11442 2 PECAS  FLANGE50MM, DRENAVEL, PLASTICO ANTIO;30;1258,8;41,96;41,96
1002903;UM        ;TOMADA POSTO PAREDE EXTERNA AR COMPRIMIDO.                                                ;0;0;0;76,86
1002904;UM        ;TOMADA POSTO PAREDE EXTERNA 02.                                                           ;0;0;0;84,86
1002905;UM        ;VALVULA REDUTORA 02,BAIXA PRESSAO.                                                        ;0;0;0;170
1002906;UM        ;VALVULA REDUTORA 02,ALTA PRESSAO.                                                         ;0;0;0;294
1002908;UM        ;VALVULA REGULADORA PARA CILINDRO COM FLUXOMETRO DE AR COMPRIMIDO.                         ;0;0;0;294
1002913;          ;ETIQUETA DE CONTROLE MULTI USO TAMANHOS 12 MM DE CORES VERMELHA.                          ;56;234,5;4,1875;4,1875
1002914;          ;ETIQUETA DE CONTROLE MULTI USO TAMANHOS 12 MM CORES PRETA.                                ;70;285,83345;4,083335;4,083335
1002927;UM        ;CONJUNTO DO PINO DE IMPACTO DOS BICOS PARA OXIGENIO                                       ;0;0;0;20
1002928;UM        ;CONJUNTO DO PINO DE IMPACTO DOS BICOS PARA RA COMPRIMIDO                                  ;0;0;0;20
1002929;UM        ;CONJUNTO DO PINO DE IMPACTO DOS BICOS PARA VACUO                                          ;0;0;0;19,99
1002930;UM        ;VALVULA MEDICINAL DE DUPLA RETENCAO PARA VACUO                                            ;0;0;0;50
1002933;UM        ;AGULHA DESCARTAVEL (13 X 0,3)30G X 1/2                                                    ;700;273;0,39;0,39
1002950;UM        ;PARAFUSO PEDICULAR POLIAXIAL 6,5X40                                                       ;55,99;26592,4505;474,95;474,95
1002951;UM        ;PARAFUSO PEDICULAR POLIAXIAL 6,5X45                                                       ;114;54144,3;474,95;474,95
1002952;UM        ;PARAFUSO PEDICULAR POLIAXIAL 6,5X50                                                       ;128;60793,6;474,95;474,95
1002953;UM        ;PARAFUSO PEDICULAR POLIAXIAL 7,5X40                                                       ;30;14248,5;474,95;474,95
1002954;UM        ;PARAFUSO PEDICULAR POLIAXIAL 7,5X45                                                       ;40;18998;474,95;474,95
1002974;UMA       ;PAS ELETRODO DESCARTAVEL DE CHOQUE ADESIVA-DEA-CONECTOR AZUL/BRANCO REF. LT86830          ;6;1470;245;245
1002975;UM        ;CABO PARA LARINGOSCOPIO CONVENCIONAL ADULTO                                               ;12;1733,28;144,44;144,44
1002993;UM        ;CABO PARA LARINGOSCOPIO CONVENCIONAL INFANTIL                                             ;12;1620;135;135
1003008;UM        ;ESCOVA P/ LIMPEZA DE INSTRUMENTAIS RRIGIDAS CABO AZUL 70X18X10                            ;0;0;0;48,05
1003015;UM        ;CAMPO CIRURGICO ESTERIL LAMINADO 1.00X1.00CM                                              ;450;2497,5;5,55;5,55
1003652;UM        ;(PLASTICA)IMPLANTE MAMARIO DE SILICONE IMPLEO ALTA 300ML                                  ;4;8492,88;2123,22;2123,22
1003653;UM        ;(PLASTICA)IMPLANTE MAMARIO DE SILICONE IMPLEO ALTA 360ML                                  ;2;4246,44;2123,22;2123,22
1003654;UM        ;(PLASTICA)IMPLANTE MAMARIO DE SILICONE IMPLEO ALTA 420ML                                  ;2;4246,44;2123,22;2123,22
3003041;UM        ;APARELHO LEITOR FREESTYLE (MEDIDOR GLICEMICO)                                             ;13;5610;431,538461;350
3003042;UM        ;SENSOR PARA APARELHO FREESTYLE LIBRE 2 PLUS                                               ;129;45620,68;353,648682;361,96
3003043;UMA       ;(COLOS)BOLSA DE UROSTOMIA INFANTIL REF 20917 SISTEMA 1 PECA DRENAVEL, TRANSPARENTE, COM VA;425;34994,5;82,34;82,34
3003048;UMA       ;TIPOIA BRACO, EM TNT GRAMATURA 120 G, TAMANHO GG.                                         ;1180;27140;23;23
3003096;UM        ;SPINELOCK TRAVA DE FIXACAO                                                                ;137;11058,64;80,72;80,72
3003098;UMA       ;HASTE LONGITUDINAL 5,5 X 130MM                                                            ;44;19485,84;442,86;442,86
3003100;UM        ;(COLOS) BOLSA DE ESTOMIA PEDIATRICA REF 3796 1 PECA, DRENAVEL, TRANSPARENTE               ;270;12884,4;47,72;47,72
3003101;UMA       ;BOMBA INFUSAO 780G,TRANSMISSOR.                                                           ;0;0;0;19446
3003102;CX.       ;RESERVATORIO DE INSULINA CX COM 10 UNIDADES                                               ;8;15718,18;1964,7725;7220,09
3003103;CX.       ;CONJUNTO DE INFUSAO QUINCK SET.CAIXA COM 10 UNIDADES                                      ;0;0;0;1268
3003104;CX.       ;SENSOR ENLITE GUARDIAN-3 CAIXA COM 5 UNIDADES                                             ;0;0;0;2140
3003106;UM        ;CINTO PARA OSTOMIA REF(0422)COLOPLAST                                                     ;502;15664,58;31,204342;30,53
3003107;UM        ;(COLOS)REMOVEDOR DE ADESIVO SPRAY REF 12010 50ML COLOPLAST                                ;278;16124;58;58
3003108;UM        ;PARAFUSO CANULADO 2,0 HERBERT 10MM                                                        ;21;5348,91;254,71;254,71
3003109;UM        ;PARAFUSO CANULADO 2,0 HERBERT 12MM                                                        ;20;5094,2;254,71;254,71
3003110;UM        ;PARAFUSO CANULADO 2,0 HERBERT 15MM                                                        ;22;5603,62;254,71;254,71
3003111;UM        ;PARAFUSO CANULADO 2,0 HERBERT 25MM                                                        ;17;4330,07;254,71;254,71
3003112;UM        ;PLACA CERVICAL 65MM- SPINE                                                                ;2;4161,92;2080,96;2080,96
3003113;UM        ;PLACA CERVICAL 67,5MM - SPINE                                                             ;1;2080,96;2080,96;2080,96
3003114;UM        ;PLACA CERVICAL 70MM - SPINE                                                               ;1;2080,96;2080,96;2080,96
3003115;UM        ;PLACA CERVICAL 72,5MM - SPINE                                                             ;1;2080,96;2080,96;2080,96
3003116;UM        ;PLACA CERVICAL 75MM - SPINE                                                               ;1;2080,96;2080,96;2080,96
3003120;UM        ;PARAFUSO CERVICAL 4X12 - SPINE                                                            ;0;0;0;168,75
3003121;UM        ;PARAFUSO CERVICAL 4X14 - SPINE                                                            ;68;11475;168,75;168,75
3003122;UM        ;PARAFUSO CERVICAL 4X16 - SPINE                                                            ;68;11475;168,75;168,75
3003125;UM        ;PARAFUSO CERVICAL 4,35X16 - SPINE                                                         ;40;6750;168,75;168,75
3003170;UM        ;PARAFUSO CANULADO 2,0 HERBERT 16MM                                                        ;24;6113,04;254,71;254,71
3003171;UM        ;PARAFUSO CANULADO 2,0 HERBERT 18MM                                                        ;40;10188,4;254,71;254,71
3003172;UM        ;PARAFUSO CANULADO 2,0 HERBERT 20MM                                                        ;26;6622,46;254,71;254,71
3003173;UM        ;PARAFUSO CANULADO 2,0 HERBERT 22MM                                                        ;20;5094,2;254,71;254,71
3003174;UM        ;PARAFUSO CANULADO 2,0 HERBERT 24MM                                                        ;16;4075,36;254,71;254,71
3003175;UM        ;PARAFUSO CANULADO 2,0 HERBERT 26MM                                                        ;18;4584,78;254,71;254,71
3003176;UM        ;PARAFUSO CANULADO 2,0 HERBERT 28MM                                                        ;16;4075,36;254,71;254,71
3003177;UM        ;PARAFUSO CANULADO 2,0 HERBERT 30MM                                                        ;18;4584,78;254,71;254,71
3003178;UM        ;(URO)ELETRODO TIPO FACA RETA PARA CANETA DE BISTURI ELETRICO.                             ;3;764,13;254,71;254,71
3003179;UM        ;(NEFRO)DIALISADOR CAPILAR USO UNICO ALTO FLUXO SUPERFICIE DE 1,0 M.                       ;24;3984;166;166
3003189;UM        ;(BUCOMAXILO)PARAF.CORTICAL 1,5 (TODOS OS TAMANHOS)                                        ;0;0;0;154,36
3003191;UM        ;(BUCOMAXILO)PARAF.CORTICAL 2,0 (TODOS OS TAMANHOS)                                        ;0;0;0;154,36
3003192;UM        ;(BUCOMAXILO)PARAF.CORTICAL 2,3 (TODOS OS TAMANHOS)                                        ;0;0;0;0
3003193;UM        ;PARAFUSO BLOQUEIO BUCOMAXILO                                                              ;48;2074,56;43,22;43,22
3003200;UM        ;(NEFRO) KIT LINHA DE SANGUE ARTERIAL/VENOSA                                               ;0;0;0;0
3003205;UM        ;MEIA ELASTICA DE SILICONE PARA AMPUTACAO (TIPO COTO)                                      ;0;0;0;590
3003217;UMA       ;MEIA DE COMPRESAO P/ PARTE SUPERIOR DA PERNA(COXA)                                        ;1;1360;1360;1360
3003218;UMA       ;MEIA DE COMPRESAO P/ PARTE INFERIOR DA PERNA (PANTURRILHA)                                ;1;1170;1170;1170
3003219;UMA       ;MEIA DE COMPRESSAO PARA O PPE.                                                            ;1;367;367;367
3003220;UMA       ;CATETER HIDROFILICO N 12 MASCULINO COM BOLSA INTEGRADA                                    ;0;0;0;31,27
3003221;UMA       ;CATETER HIDROFILICO N 12 FEMININO COM BOLSA INTERGRADA                                    ;0;0;0;0
3003223;UMA       ;(COLOS)BOLSA P/COLOSTOMIA E ILEOSTOMIA REF.422159 ADULTA CONVEXA, OPACA 1 PECA (CONVATEC) ;30;4500;150;150
3003236;UMA       ;CATETER HIDROFILICO N 12 FEMININO  COM BOLSA INTEGRADA                                    ;560;17511,2;31,27;31,27
3003237;UMA       ;(ESPEC)GUIA DE BIOPSIA RETAL COMPATIVEL COM APARELHO TOSHIBA                              ;100;14705;147,05;147,05
3003238;UMA       ;(ESPEC)GUIA DE BIOPSIA RETAL COMPATIVEL COM APARELHO PHILIPS                              ;100;14705;147,05;147,05
3003283;UMA       ;BOLSA DE MANEJO DE FISTULA REF 14050 TAMANHO 104X159MM                                    ;20;12901;645,05;645,05
3003355;PCT.      ;COMPRESSA DE GASE ESTERIL 10X10 PACOTE C/ 10 UND                                          ;0;0;0;0
3003356;UM        ;TOMA DUPLA C/ VALVULA IMPACTO OXIGENIO                                                    ;0;0;0;70
3003363;UM        ;CATETER URETRAL HIDROFILO N.10, DESC. FEM.                                                ;130;1855,1;14,27;14,27
3003365;UM        ;CATETER URETRAL HIDROFILO N.14 DESC. MASC.                                                ;2880;42336;14,7;14,7
3003368;UM        ;CATETER URETRAL DE POLIURETANO N.06 PEDIATRICO.                                           ;510;5694,99966;11,166666;11,166666
3003377;UMA       ;APLICADOR QUICKSSET MMT-305 QS.                                                           ;0;0;0;125
3003378;UMA       ;TRANSMISSOR GUARDIAN LINK 3.A ESCOLHER ENTRE: MMT-7810 E MMT7919W1.                       ;0;0;0;3492
3003380;UM        ;FIO GUIA PONTA NITINOL PONTA HIDROFILICA, TAM 0,025X450CM                                 ;0;0;0;0
3003398;UM        ;(COLOS)BOLSA DE IELOSTOMIA CONVEXA REF 89511 COM FILTRO DE CARVAO ATIVADO.                ;750;34815;46,42;46,42
3003399;UM        ;(OPME)FIO FIXO SMAT CORR. PADRAO (HEXAPODE INFANTIL)                                      ;4;12202,24;3050,56;3050,56
3003400;UM        ;(OPME)PORCA MODELO PADRAO(HEXAPODE INFANTIL)                                              ;4;7600;1900;1900
3003401;UM        ;(OPME)SPT DE ARTICULACAO DUPLA (STRUTS)TAMANHO M (HEXAPODE INFANTIL)                      ;4;8120;2030;2030
3003402;UM        ;(OPME)ANEL FIXADOR DE FURO DUPLO ALUMINIO 165MM (HEXAPODE INFANTIL)                       ;2;18000;9000;9000
3003403;UM        ;(OPME)PARAFUSO DE LIGAMENTO PEQUENO 12MM (HEPAPODE INFANTIL)                              ;2;3600;1800;1800
3003404;UM        ;(OPME)PARAFUSO DE LIGAMENTO MEDIO 16MM (HEXAPODE INFANTIL)                                ;6;11100;1850;1850
3003405;UM        ;(OPME)SPY DE ART. DUPLA (STRUTS)M (HEXAPODE INFANTIL)                                     ;2;4060;2030;2030
3003406;UM        ;(OPME)PARAFUSO SHOULDER BOLT ALUMINIO 06MM CINZA (HEXAPODE INFANTIL)                      ;14;24640;1760;1760
3003407;UM        ;BARRA 150MM (FIXADOR TUBO A TUBO)                                                         ;25;16202,75;648,11;648,11
3003408;UM        ;BARRA 200MM (FIXADOR TUBO A TUBO)                                                         ;39;25276,29;648,11;648,11
3003409;UM        ;BARRA 250MM (FIXADOR TUBO A TUBO)                                                         ;30;19443,3;648,11;648,11
3003410;UM        ;BARRA 300MM (FIXADOR TUBO A TUBO)                                                         ;10;6481,1;648,11;648,11
3003411;UM        ;BARRA 350MM (FIXADOR TUBO A TUBO)                                                         ;50;32405,5;648,11;648,11
3003413;          ;PARAFUSO ESPONJOSO R.PARCIAL EM TITANIO 4,0X10MM (EXTRA SUS)                              ;4;300;75;75
3003414;          ;PARAF.ESPONJOSO R.PARCIAL EM TITANIO 4,0X12MM (EXTRA SUS)                                 ;4;300;75;75
3003415;          ;PARAF. ESPONJOSO R.PARCIAL EM TITANIO 4,0X14MM (EXTRA SUS)                                ;4;300;75;75
3003416;          ;PARAF. ESPONJOSO R.PARCIAL EM TITANIO 4,0X16MM (EXTRA SUS)                                ;4;300;75;75
3003417;          ;PARAF. ESPONJOSO R.PARCIAL EM TITANIO 4,0X18MM (EXTRA SUS)                                ;4;300;75;75
3003418;          ;PARAF. ESPONJOSO R.PARCIAL EM TITANIO 4,0X20MM (EXTRA SUS)                                ;4;300;75;75
3003419;          ;PARAF. ESPONJOSO R.PARCIAL EM TITANIO 4,0X22MM (EXTRA SUS)                                ;4;300;75;75
3003420;          ;PARAF. ESPONJOSO R.PARCIAL EM TITANIO 4,0X24MM (EXTRA SUS)                                ;4;300;75;75
3003421;          ;PARAF.ESPONJOSO R.PARCIAL EM TITANIO 4,0X26M (EXRA SUS)                                   ;4;300;75;75
3003422;          ;PARAF.ESPONJOSO R.PARCIAL EM TITANIO 4,0X28MM (EXTRA SUS)                                 ;4;300;75;75
3003423;          ;PARAF. ESPONJOSO R.PARCIAL EM TITANIO 4,0X30MM (EXTRA SUS)                                ;12;900;75;75
3003424;          ;PARAF. ESPONJOSO R.PARCIAL EM TITANIO 4,0X35MM (EXTRA SUS)                                ;8;600;75;75
3003425;          ;PARAF. ESPONJOSO R.PARCIAL EM TITANIO 4,0X40MM (EXRA SUS)                                 ;8;600;75;75
3003426;          ;PARAF. ESPONJOSO R.PARCIAL EM TITANIO 4,0X45MM (EXTRA SUS)                                ;8;600;75;75
3003427;          ;PARAFUSO ESPONJOSO ROSCA TOTAL EM TITANIO 4,0X10MM (EXTRA SUS)                            ;4;320;80;80
3003428;          ;PARAF. ESPONJOSO ROSCA TOTAL EM TITANIO 4,0X12MM (EXTRA SUS)                              ;4;320;80;80
3003429;          ;PARAF. ESPONJOSO ROSCA TOTAL EM TITANIO 4,0X14MM (EXTRA SUS)                              ;4;320;80;80
3003430;          ;PARAF.ESPONJOSO ROSCA TOTAL EM TTITANIO 4,0X16MM (EXTRA SUS)                              ;4;320;80;80
3003431;          ;PARAF. ESPONJOSO ROSCA TOTAL EM TITANIO 4,0X18MM (EXTRA SUS)                              ;4;320;80;80
3003432;          ;PARAF. ESPONJOSO ROSCA TOTAL EM TITANIO 4,0X20MM (EXTRA SUS)                              ;4;320;80;80
3003433;          ;PARAF. ESPONJOSO ROSCA TOTAL EM TITANIO 4,0X22MM (EXTRA SUS)                              ;4;320;80;80
3003434;          ;PARAF. ESPONJOSO ROSCA TOTAL EM TITANIO 4,0X24MM (EXTRA SUS)                              ;4;320;80;80
3003435;          ;PARAF. ESPONJOSO ROSCA TOTAL EM TITANIO 4,0X26MM (EXTRA SUS)                              ;4;320;80;80
3003436;          ;PARAF. ESPONJOSO ROSCA TOTAL EM TITANIO 4,0X28MM (EXTRA SUS)                              ;10;752,48;75,248;80
3003437;          ;PARAF. ESPONJOSO ROSCA TOTAL EM TITANIO 4,0X30MM (EXTRA SUS)                              ;4;320;80;80
3003438;          ;PARAF. ESPONJOSO ROSCA TOTAL EM TITANIO 4,0X35MM (EXTRA SUS)                              ;4;320;80;80
3003439;          ;PARAF. ESPONJOSO ROSCA TOTAL EM TITANIO 4,0X40MM (EXTRA SUS)                              ;4;320;80;80
3003440;          ;PARAF. ESPONJOSO ROSCA TOTAL EM TITANIO 4,0X45MM (EXTRA SUS)                              ;4;320;80;80
3003441;          ;PARAF. ESPONJOSO ROSCA TOTAL EM TITANIO 4,0X50MM (EXTRA SUS)                              ;4;320;80;80
3003442;          ;PARAF. ESPONJOSO ROSCA TOTAL EM TITANIO 4,0X55MM (EXTRA SUS)                              ;4;320;80;80
3003443;          ;PARAF. ESPONJOSO ROSCA TOTAL EM TITANIO 4,0X60MM (EXTRA SUS)                              ;4;320;80;80
3003447;          ;PARAF. CORTICAL R.PARCIAL EM TITANIO 3,5X16MM (EXTRA SUS)                                 ;0;0;0;75
3003448;          ;PARAF. CORTICAL R. PARCIAL EM TITANIO 3,5X18MM (EXTRA SUS)                                ;2;150;75;75
3003449;          ;PARAF. CORTICAL R.PARCIAL EM TITANIO 3,5X20MM (EXTRA SUS)                                 ;2;150;75;75
3003450;          ;PARAF. CORTICAL R.PARCIAL EM TITANIO 3,5X22MM (EXTRA SUS)                                 ;2;150;75;75
3003451;          ;PARAF. CORTICAL R.PARCIAL EM TITANIO 3,5X24M (EXTRA SUS)                                  ;2;150;75;75
3003452;          ;PARAF. CORTICAL R.PARCIAL EM TITANIO 3,5X26MM (EXTRA SUS)                                 ;2;150;75;75
3003453;          ;PARAF. CORTICAL R.PARCIAL EM TITANIO 3,5X28MM (EXTRA SUS)                                 ;2;150;75;75
3003454;          ;PARAF. CORTICAL R.PARCIAL EM TITANIO 3,5X30MM (EXTRA SUS)                                 ;2;150;75;75
3003455;          ;PARAF. CORTICAL R.PARCIAL EM TITANIO 3,5X32MM (EXRA SUS)                                  ;2;150;75;75
3003456;          ;PARAF. CORTICAL R.PARCIAL EM TITANIO 3,5X34MM (EXTRA SUS)                                 ;2;150;75;75
3003457;          ;PARAF. CORTICAL R.PARCIAL EM TITANIO 3,5X36MM (EXTRA SUS)                                 ;2;150;75;75
3003458;          ;PARAF. CORTICAL R.PARCIAL EM TITANIO 3,5X38MM (EXTRA SUS)                                 ;2;150;75;75
3003459;          ;PLACA HOOK PARA CLAVICULA EM TITANIO 3,5 (INCLUI PARAFUSOS) EXTRA SUS                     ;6;9866,64;1644,44;1644,44
3003460;          ;PLACA P/ UMERO ANTERO MEDIAL DIR. E ESQ. EM TITANIO 3,5MM (INCLUI PARAF.) EXTRA SUS       ;9;31500;3500;3500
3003461;          ;PLACA P/ UMERO PROXIMAL EM TITANIO 3,5MM (INCLUI PARAF.) EXTRA SUS                        ;6;10500;1750;1750
3003462;          ;PLACA DCP EM TITANIO 3,5 (ENGLOBA TODAS AS MEDICAS) EXTRA SUS                             ;21;10500;500;500
3003463;          ;PLACA 1/3 TUBULAR EM TITANIO 3,5MM (ENGLOBA TODA AS MEDIDAS) EXTRA SUS                    ;1;182,04;182,04;182,04
3003464;          ;PARAF. CORTICAL AUTO ROSQ.EM TITANIO 3,5X10MM (EXTRA SUS)                                 ;6;432,48;72,08;72,08
3003465;          ;PARAF. CORTICAL AUTO ROSQ.EM TITANIO 3,5X12MM (EXTRA SUS)                                 ;6;432,48;72,08;72,08
3003466;          ;PARAF. CORTICAL AUTO ROSQ. EM TITANIO 3,5X14MM (EXTRA SUS)                                ;6;432,48;72,08;72,08
3003467;          ;PARAF. CORTICAL AUTO ROSQ. EM TITANIO 3,5X16MM (EXTRA SUS)                                ;6;432,48;72,08;72,08
3003468;          ;PARAF. CORTICAL AUTO ROSQ. EM TITANIO 3,5X18MM (EXTRA SUS)                                ;6;432,48;72,08;72,08
3003469;          ;PARAF. CORTICAL AUTO ROSQ. EM TITANIO 3,5X20MM (EXTRA SUS)                                ;6;432,48;72,08;72,08
3003470;          ;PARAF. CORTICAL AUTO ROSQ. EM TITANIO 3,5X22MM (EXTRA SUS)                                ;6;432,48;72,08;72,08
3003471;          ;PARAF. CORTICAL AUTO ROSQ. EM TITANIO 3,5X24MM (EXTRA SUS)                                ;6;432,48;72,08;72,08
3003472;          ;PARAF. CORTICAL AUTO ROSQ. EM TITANIO 3,5X26MM (EXTRA SUS)                                ;6;432,48;72,08;72,08
3003473;          ;PARAF. CORTICAL AUTO ROSQ. EM TITANIO 3,5X28MM (EXTRA SUS)                                ;6;432,48;72,08;72,08
3003474;          ;PARAF. CORTICAL AUTO ROSQ. EM TITANIO 3,5X30MM (EXTRA SUS)                                ;6;432,48;72,08;72,08
3003475;          ;PARAF. CORTICAL AUTO ROSQ. EM TITANIO 3,5X32MM (EXTRA SUS)                                ;6;432,48;72,08;72,08
3003476;          ;PARAF. CORTICAL AUTO ROSQ. EM TITANIO 3,5X34MM (EXTRA SUS)                                ;12;864,96;72,08;72,08
3003477;          ;PARAF. CORTICAL AUTO ROSQ. EM TITANIO 3,5X38MM (EXTRA SUS)                                ;6;432,48;72,08;72,08
3003478;          ;PARAF. CORTICAL AUTO ROSQ. EM TITANIO 3,5X40MM (EXTRA SUS)                                ;4;288,32;72,08;72,08
3003479;          ;PARAF. CORTICAL AUTO ROSQ. EM TITANIO 3,5X45MM (EXTRA SUS)                                ;4;288,32;72,08;72,08
3003480;          ;PARAF. CORTICAL AUTO ROSQ. EM TITANIO 3,5X50MM (EXTRA SUS)                                ;4;288,32;72,08;72,08
3003481;          ;PARAF. CORTICAL AUTO ROSQ. EM TITANIO 3,5X55MM (EXTRA SUS)                                ;4;288,32;72,08;72,08
3003482;          ;PARAF. CORTICAL AUTO ROSQ. EM TITANIO 3,5X60MM (EXTRA SUS)                                ;4;288,32;72,08;72,08
3003483;          ;PARF. CORTICAL BLOQUEADO EM TITANIO 3,5X12MM (EXTRA SUS)                                  ;6;432,48;72,08;72,08
3003484;          ;PARAF. COTICAL BLOQUEADO EM TITANIO 3,5X14MM (EXTRA SUS)                                  ;6;432,48;72,08;72,08
3003485;          ;PARAF. CORTICAL BLOQUEADO EM TITANIO 3,5X16MM (EXTRA SUS)                                 ;0;0;0;72,08
3003486;          ;PARAF. CORTICAL BLOQUEADO EM TITANIO 3,5X18MM (EXTRA SUS)                                 ;0;0;0;72,08
3003487;          ;PARAF. CORTICAL BLOQUEADA EM TITANIO 3,5X20MM (EXTRA SUS)                                 ;5;360,4;72,08;72,08
3003488;          ;PARAF. CORTICAL BLOQUEADO EM TITANIO 3,5X22MM (EXTRA SUS)                                 ;6;432,48;72,08;72,08
3003489;          ;PARAF. CORTICAL BLOQUEADO EM TITANIO 3,5X24MM (EXTRA SUS)                                 ;6;432,48;72,08;72,08
3003490;          ;PARAF. CORTICAL BLOQUEADO EM TITANIO 3,5X26MM (EXTRA SUS)                                 ;6;432,48;72,08;72,08
3003491;          ;PARAF. CORTICAL BLOQUEADO EM TITANIO 3,5X28MM (EXTRA SUS)                                 ;6;432,48;72,08;72,08
3003492;          ;PARAF. CORTICAL BLOQUEADO EM TITANIO 3,5X30MM (EXTRA SUS)                                 ;6;432,48;72,08;72,08
3003493;          ;PARAF. CORTICAL BLOQUEADO EM TITANIO 3,5X32MM (EXTRA SUS)                                 ;6;432,48;72,08;72,08
3003494;          ;PARAF. CORTICAL BLOQUEADO EM TITANIO 3,5X34MM (EXTRA SUS)                                 ;6;432,48;72,08;72,08
3003495;          ;PARAF. CORTICAL BLOQUEADO EM TITANIO 3,5X36MM (EXTRA SUS)                                 ;6;432,48;72,08;72,08
3003496;          ;PARAF. CORTICAL BLOQUEADO EM TITANIO 3,5X38MM (EXTRA SUS)                                 ;6;432,48;72,08;72,08
3003497;          ;PARAF. CORTICAL BLOQUEADO EM TITANIO 3,5X40MM (EXTRA SUS)                                 ;6;432,48;72,08;72,08
3003498;          ;PARAF. CORTICAL BLOQUEADO EM TITANIO 3,5X45MM (EXTRA SUS)                                 ;5;360,4;72,08;72,08
3003499;          ;PARAF. CORTICAL BLOQUEADO EM TITANIO 33,5X50MM (EXTRA SUS)                                ;6;432,48;72,08;72,08
3003500;          ;PARAF. CORTICAL BLOQUEADO EM TITANIO 3,5X55MM (EXTRA SUS)                                 ;4;288,32;72,08;72,08
3003501;          ;PARAF. CORTICAL BLOQUEADO EM TITANIO 3,5X60MM (EXTRA SUS)                                 ;4;288,32;72,08;72,08
3003502;          ;PARAFUSO PEDICULAR POLIAXIAL 6,5X55MM                                                     ;70;33246,5;474,95;474,95
3003503;          ;PARAFUSO PEDICULAR POLIAXIAL 7,5X30MM                                                     ;30;14248,5;474,95;474,95
3003504;          ;PARAFUSO PEDICULAR POLIAXIAL 7,5X35MM                                                     ;30;14248,5;474,95;474,95
3003505;          ;PARAFUSO PEDICULAR POLIAXIAL 7,5X50MM                                                     ;70;33246,5;474,95;474,95
3003506;          ;PARAFUSO PEDICULAR POLIAXIAL 7,5X55MM                                                     ;70;33246,5;474,95;474,95
3003512;          ;HASTE LONGITUDINAL 5,5X140MM (TORACO-LOMBAR)                                              ;24;10628,64;442,86;442,86
3003513;          ;PARAFUSO PEDICULAR POLIAXIAL 4,5X35MM                                                     ;134;63643,3;474,95;474,95
3003514;UM        ;(COLOS)BOLSA DE COLOSTOMIA/ILEOOSTOMIA REF 421749, SISTEMA DUAS PECAS, FLANGE 70MM, COM TR;40;4932,8;123,32;123,32
3003515;UM        ;(COLOS)PLACA PAARA BOLSA COLOSTOMIA REF 413163, ADESICO DE RESINA SINTETICA E TECIDO MICRO;60;4821,6;80,36;80,36
3003528;          ;PLACA BLOQ.P/CLAVICULA DIR. EM TITANIO 4FUROS (EXTRA SUS)                                 ;1;2013;2013;2013
3003530;          ;PLACA BOLQ. P/CLAVICULA DIR. EM TITANIO 8FUROS (EXTRA SUS)                                ;1;2013;2013;2013
3003531;          ;PLACA BLOQ. P/CLAVICULA ESQ. EM TITANIO 4FUROS (EXTRA SUS)                                ;1;2013;2013;2013
3003532;          ;PLACA BLOQ. P/CLAVICULA ESQ. EM TITANIO 6FUROS (EXTRA SUS)                                ;1;2013;2013;2013
3003533;          ;PLACA BLOQ. P/CLAVICULA ESQ. EM TITANIO 8FUROS (EXTRA SUS)                                ;1;2013;2013;2013
3003534;          ;PLACA BLOQ. P/UMERO POSTERIOR DIR. 3FUROS (EXTRA SUS)                                     ;2;5755,55;2877,775;3500
3003535;          ;PLACA BLOQ. P/UMERO POSTERIOR LATERAL DIR. 5FUROS (EXTRA SUS)                             ;2;5755,55;2877,775;3500
3003536;          ;PLACA BLOQ. P/UMERO POSTERIOR LATERAL DIR. 7FUROS (EXTRA SUS)                             ;2;5755,55;2877,775;3500
3003537;          ;PLACA BLOQ. P/UMERO POSTERIOR LATERAL ESQ. 3FUROS (EXTRA SUS)                             ;2;5755,55;2877,775;3500
3003538;          ;PLACA BLOQ. P/UMERO POSTERIOR LATERAL ESQ. 5FUROS (EXTRA SUS)                             ;1;3500;3500;3500
3003539;          ;PLACA BLOQ. P/UMERO POSTERIOR LATERAL ESQ. 7FUROS (EXTRA SUS)                             ;2;5755,55;2877,775;3500
3003540;UM        ;PLACA BLOQ. P/OLECRANO DIR. 2-10 FUROS (EXTRA SUS)                                        ;17;25965,22;1527,365882;1500
3003541;          ;PLACA BLOQ. P/OLECRANO DIR. 3FUROS (EXTRA SUS)                                            ;1;1965,22;1965,22;1965,22
3003542;          ;PLACA BLOQ. P/OLECRANO DIR. 4FUROS (EXTRA SUS)                                            ;1;1965,22;1965,22;1965,22
3003543;          ;PLACA BLOQ. P/OLECRANO DIR. 5FUROS (EXTRA SUS)                                            ;1;1965,22;1965,22;1965,22
3003544;          ;PLACA BLOQ. P/OLECRANO DIR. 6FUROS (EXTRA SUS)                                            ;1;1965,22;1965,22;1965,22
3003545;          ;PLACA BLOQ. P/OLECRANO DIR. 7FUROS (EXTRA SUS)                                            ;1;1965,22;1965,22;1965,22
3003546;          ;PLACA BLOQ, P/OLECRANO ESQ. 3FUROS (EXTRA SUS)                                            ;1;1965,22;1965,22;1965,22
3003547;UM        ;PLACA BLOQ. P/OLECRANO ESQ. 2-10 FUROS (EXTRA SUS)                                        ;23;34965,22;1520,226956;1500
3003548;          ;PLACA BLOQ. P/OLECRANO ESQ. 5FUROS (EXTRA SUS)                                            ;1;1965,22;1965,22;1965,22
3003549;          ;PLACA BLOQ. P/OLECRANO ESQ. 6FUROS (EXTRA SUS)                                            ;1;1965,22;1965,22;1965,22
3003550;          ;PLACA BLOQ. P/OLECRANO ESQ. EM 7FUROS (EXTRA SUS)                                         ;1;1965;1965;1965
3003551;          ;PLACA BLOQ. P/CLAVICULA DISTAL DIR. 5FUROS (EXTRA SUS)                                    ;1;1633,33;1633,33;1633,33
3003552;          ;PLACA BLOQ. P/CLAVICULA DISTAL DIR. 6FUROS (EXTRA SUS)                                    ;1;1633,33;1633,33;1633,33
3003553;          ;PLACA BLOQ. P/CLAVICULA DISTAL DIR. 7FUROS (EXTRA SUS)                                    ;1;1633,33;1633,33;1633,33
3003554;          ;PLACA BLOQ. P/CLAVICULA DISTAL DIR. 8FUROS (EXTRA SUS)                                    ;1;1633,33;1633,33;1633,33
3003555;          ;PLACA BLOQ. P/CLAVICULA DISTAL ESQ. 4FUROS (EXTRA SUS)                                    ;1;1633,33;1633,33;1633,33
3003556;          ;PLACA BLOQ. P/CLAVICULA DISTAL ESQ. 5FUROS (EXTRA SUS)                                    ;1;1633,33;1633,33;1633,33
3003557;          ;PLACA BLOQ. P/CLAVICULA DISTAL ESQ. 6FUROS (EXTRA SUS)                                    ;1;1633,33;1633,33;1633,33
3003558;          ;PLACA BLOQ. P/CLAVICULA DISTAL ESQ 7FUROS (EXTRA SUS)                                     ;1;1633,33;1633,33;1633,33
3003559;          ;PLACA BLOQ. P/CLAVICULA DISTAL ESQ. 8FUROS (EXTRA SUS)                                    ;1;1633,33;1633,33;1633,33
3003560;          ;PLACA BLOQ. T OBLIQUA DIR. 3FUROS (EXTRA SUS)                                             ;1;1250,98;1250,98;1250,98
3003561;          ;PLACA BLOQ. T OBLIQUA DIR. 4FUROS (EXTRA SUS)                                             ;1;1133,33;1133,33;1133,33
3003562;          ;PLACA BLOQ. T OBLIQUA DIR. 6FUROS (EXTRA SUS)                                             ;1;1250,98;1250,98;1250,98
3003563;          ;PLACA BLOQ. T OBLIQUA DIR. 8FUROS (EXTRA SUS)                                             ;1;1250,98;1250,98;1250,98
3003564;          ;PLACA BLOQ. T OBLIQUA DIR. 10FUROS (EXTRA SUS)                                            ;1;1250,98;1250,98;1250,98
3003565;          ;PLACA BLOQ. T OBLIQUA DIR. 12FUROS (EXTRA SUS)                                            ;1;1250,98;1250,98;1250,98
3003566;          ;PLACA BLOQ. T OBLIQUA ESQ. 3FUROS (EXTRA SUS)                                             ;1;1264,31;1264,31;1264,31
3003567;          ;PLACA BLOQ. T OBLIQUA ESQ. 4FUROS (EXTRA SUS)                                             ;1;1264,31;1264,31;1264,31
3003568;          ;PLACA BLOQ. T OBLIQUA ESQ. 6FUROS (EXTRA SUS)                                             ;1;1264,31;1264,31;1264,31
3003569;          ;PLACA BLOQ. T OBLIQUA ESQ. 10FUROS (EXTRA SUS)                                            ;1;356,81;356,81;356,81
3003570;          ;PLACA BLOQ. T OBLIQUA ESQ. 12FUROS (EXTRA SUS)                                            ;1;356,81;356,81;356,81
3003571;          ;PARAF. CORTICAL BLOQUEADO EM TITANIO 3,5X10MM (EXTRA SUS)                                 ;4;288,32;72,08;72,08
3003572;          ;PARAF. CORTICAL R.TOTAL EM TITANIO 2,5X12MM (EXTRA SUS)                                   ;7;504,56;72,08;72,08
3003573;          ;PARAF. CORTICAL R.TOTAL EM TITANIO 2,5X14MM (EXTRA SUS)                                   ;8;576,64;72,08;72,08
3003574;          ;PARAF. CORTICAL R.TOTAL EM TITANIO 2,5X16MM (EXTRA SUS)                                   ;8;576,64;72,08;72,08
3003575;          ;PARAF. CORTICAL R.TOTAL EM TITANIO 2,5X18MM (EXTRA SUS)                                   ;8;576,64;72,08;72,08
3003576;          ;PARAF. CORTICAL R.TOTAL EM TITANIO 2,5X20MM (EXTRA SUS)                                   ;8;576,64;72,08;72,08
3003577;          ;PARAF. CORTICAL R.TOTAL EM TITANIO 2,5X22MM (EXTRA SUS)                                   ;8;576,64;72,08;72,08
3003578;          ;PARAF. CORTICAL R.TOTAL EM TITANIO 2,5X24MM (EXTRA SUS)                                   ;8;576,64;72,08;72,08
3003579;          ;PARAF. CORTICAL R.TOTAL EM TITANIO 2,5X26MM (EXTRA SUS)                                   ;8;576,64;72,08;72,08
3003580;          ;PARAF. CORTICAL R.TOTAL EM TITANIO 2,5X28MM (EXTRA SUS)                                   ;8;576,64;72,08;72,08
3003581;          ;PARAF. CORTICAL R.TOTAL EM TITANIO 2,5X30MM (EXTRA SUS)                                   ;8;576,64;72,08;72,08
3003582;          ;PARAF. CORTICAL R.PARCIAL EM TITANIO 2,5X12MM (EXTRA SUS)                                 ;6;432,48;72,08;72,08
3003583;          ;PARAF. CORTICAL R.PARCIAL EM TITANIO 2,5X14MM (EXTRA SUS)                                 ;8;576,64;72,08;72,08
3003584;          ;PARAF. CORTICAL R.PARCIAL EM TITANIO 2,5X16MM (EXTRA SUS)                                 ;8;576,64;72,08;72,08
3003585;          ;PARAF. CORTICAL R.PARCIAL EN TITANIO 2,5X18MM (EXTRA SUS)                                 ;8;576,64;72,08;72,08
3003586;          ;PARAF. CORTICAL R.PARCIAL EM TITANIO 2,5X20MM (EXTRA SUS)                                 ;8;576,64;72,08;72,08
3003587;          ;PARAF. CORTICAL R.PARCIAL EM TITANIO 2,5X22MM (EXTRA SUS)                                 ;8;576,64;72,08;72,08
3003588;          ;PARAF. CORTICAL R.PARCIAL EM TITANIO 2,5X24MM (EXTRA SUS)                                 ;8;576,64;72,08;72,08
3003589;          ;PARAF. CORTICAL R.PARCIAL EM TITANIO 2,5X26MM (EXTRA SUS)                                 ;8;576,64;72,08;72,08
3003590;          ;PARAF. CORTICAL R.PARCIAL EM TITANIO 2,5X28MM (EXTRA SUS)                                 ;8;576,64;72,08;72,08
3003591;          ;PARAF. CORTICAL R.PARCIAL EM TITANIO 2,5X30MM (EXTRA SUS)                                 ;8;576,64;72,08;72,08
3003596;          ;PARAFUSO CANULADO CONICO COMPRESS 2,0X15MM                                                ;7;1782,97;254,71;254,71
3003597;          ;FIO PARA CERCLAGEM 0.6MM                                                                  ;30;1192,5;39,75;39,75
3003598;          ;PARAFUSO CANULADO M.M. R.P. 2.0X10MM                                                      ;10;2547,1;254,71;254,71
3003599;          ;PARAFUSO CANULADO M.M. R.P. 2.0X12MM                                                      ;8;2037,68;254,71;254,71
3003600;          ;PARAFUSO CANULADO M.M. R.P. 2.0X14MM                                                      ;12;3056,52;254,71;254,71
3003601;          ;PARAFUSO CANULADO M.M. R.P. 2.0X15MM                                                      ;8;2037,68;254,71;254,71
3003602;          ;PARAFUSO CANULADO M.M. R.P. 2.0X16MM                                                      ;12;3056,52;254,71;254,71
3003603;          ;PARAFUSO CANULADO M.M. R.P. 2.0X18MM                                                      ;7;1782,97;254,71;254,71
3003604;          ;PARAFUSO CANULADO M.M. R.P. 2.0X20MM                                                      ;12;3056,52;254,71;254,71
3003605;          ;PARAFUSO CANULADO M.M. R.P. 2.0X22MM                                                      ;12;3056,52;254,71;254,71
3003606;          ;PARAFUSO CANULADO M.M. R.P. 2.0X24MM                                                      ;12;3056,52;254,71;254,71
3003607;          ;PARAFUSO CANULADO M.M. R.P. 2.0X25MM                                                      ;12;3056,52;254,71;254,71
3003608;          ;PARAFUSO CANULADO M.M. R.P. 2.0X26MM                                                      ;10;2547,1;254,71;254,71
3003609;          ;PARAFUSO CANULADO M.M. R.P. 2.0X28MM                                                      ;12;3056,52;254,71;254,71
3003610;          ;PARAFUSO CANULADO M.M. R.P. 2.0X30MM                                                      ;12;3056,52;254,71;254,71
3003611;          ;PARAFUSO CANULADO M.M. R.T. 2.0X10MM                                                      ;7;1782,97;254,71;254,71
3003612;          ;PARAFUSO CANULADO M.M. R.T. 2.0X12MM                                                      ;10;2547,1;254,71;254,71
3003613;          ;PARAFUSO CANULADO M.M. R.T. 2.0X14MM                                                      ;10;2547,1;254,71;254,71
3003614;          ;PARAFUSO CANULADO M.M. R.T. 2.0X15MM                                                      ;10;2547,1;254,71;254,71
3003615;          ;PARAFUSO CANULADO M.M. R.T. 2.0X16MM                                                      ;10;2547,1;254,71;254,71
3003616;          ;PARAFUSO CANULADO M.M. R.T. 2.0X18MM                                                      ;3;764,13;254,71;254,71
3003617;          ;PARAFUSO CANULADO M.M. R.T. 2.0X20MM                                                      ;10;2547,1;254,71;254,71
3003618;          ;PARAFUSO CANULADO M.M. R.T. 2.0X22MM                                                      ;6;1528,26;254,71;254,71
3003619;          ;PARAFUSO CANULADO M.M. R.T. 2.0X24MM                                                      ;10;2547,1;254,71;254,71
3003620;          ;PARAFUSO CANULADO M.M. R.T. 2.0X25MM                                                      ;9;2292,39;254,71;254,71
3003621;          ;PARAFUSO CANULADO M.M. R.T. 2.0X26MM                                                      ;10;2547,1;254,71;254,71
3003622;          ;PARAFUSO CANULADO M.M. R.T. 2.0X28MM                                                      ;7;1782,97;254,71;254,71
3003623;          ;PARAFUSO CANULADO M.M. R.T. 2.0X30MM                                                      ;10;2547,1;254,71;254,71
3003624;          ;PAAFUSO CANULADO CONICO COMPRESS 2,0X10MM                                                 ;6;1528,26;254,71;254,71
3003625;          ;PARAFUSO CANULADO CONICO COMPRESS 2,0X12MM                                                ;6;1528,26;254,71;254,71
3003626;          ;PARAFUSO CANULADO CONICO COMPRESS 2,0X14MM                                                ;6;1528,26;254,71;254,71
3003627;          ;PARAFUSO CANULADO CONICO COMPRESS 2,0X16MM                                                ;10;2547,1;254,71;254,71
3003628;          ;PARAFUSO CANULADO CONICO COMPRESS 2,0X18MM                                                ;10;2547,1;254,71;254,71
3003629;          ;PARAFUSO CANULADO CONICO COMPRESS 2,0X20MM                                                ;10;2547,1;254,71;254,71
3003630;          ;PARAFUSO CANULADO CONICO COMPRESS 2,0X22MM                                                ;10;2547,1;254,71;254,71
3003631;          ;PARAFUSO CANULADO CONICO COMPRESS 2,0X24MM                                                ;10;2547,1;254,71;254,71
3003632;          ;PARAFUSO CANULADO CONICO COMPRESS 2,0X25MM                                                ;10;2547,1;254,71;254,71
3003633;          ;PARAFUSO CANULADO CONICO COMPRESS 2,0X26MM                                                ;10;2547,1;254,71;254,71
3003634;          ;PARAFUSO CANULADO CONICO COMPRESS 2,0X28MM                                                ;10;2547,1;254,71;254,71
3003635;          ;PARAFUSO CANULADO CONICO COMPRESS 2,0X30MM                                                ;10;2547,1;254,71;254,71
3003636;          ;CATETER BALAO P/DILATACAO PERIFERICA PASSEO-35 4/170/130                                  ;1;740,74;740,74;740,74
3003637;          ;(HEMO)CATETER BALAO PERIFERICO C/SIST. OTW, PASSEO-35 XEO 4/170/130                       ;4;2962,96;740,74;740,74
3003638;          ;CATETER URETRAL DUPLO J P/DRENAGEM INFANTIL 4,8FR/12CM                                    ;40;15360;384;384
3003639;          ;FIO POLIDIOXANONA MONOFILAMENTO 5-0/75CM/AGULHA 1/2 CILINDRICA                            ;50;1146,5;22,93;22,93
3003640;          ;(CARDIO)ELETRODO ATRIAL SOLIA S 53                                                        ;7;6825;975;975
3003641;          ;(CARDIO)ELETRODO VENTRICULAR SOLIA S 60                                                   ;7;6825;975;975
3003642;          ;(CARDIO) MARCAPASSO CAMARRA DUPLA EVITY 6                                                 ;23;120208,35;5226,45;5226,45
3003643;          ;MARCAPASSO CARDIACO IMPLANTAVEL C/RESSINCRONIZADOR                                        ;9;138134,64;15348,29333;15348,33
3003644;          ;QUICKFLEX MICRO-ELETRODO ENDO. P/SEIO CORONARIO                                           ;7;7414,02;1059,145714;975
3003645;          ;ELETRODO TENDRIL STS MRI 2088TC/52CM                                                      ;14;12614;901;901
3003646;          ;ELETRODO TENDRIL STS MRI 2088TC/58CM                                                      ;5;4505;901;901
3003647;          ;DISPOSITIVO DE CORTE UNIVERSAL                                                            ;7;350;50;50
3003648;          ;FIO GUIA GUIDEWIRE/TORQUE 4078G/180                                                       ;7;2303;329;329
3003649;          ;BAINHA INTRODUTORA DIVISIVEL SNAP 10.5X13, FIO GUIA 038X50CM AGULHA 18GX7CM               ;6;708;118;118
3003650;          ;ELETRODO DURATA DF4, 65CM, MONOCOIL                                                       ;8;34824;4353;4353
3003651;          ;CARDIOVERSOR IMPLANTAVEL INIFY ASSURA DF4                                                 ;5;197405;39481;39481
3003652;          ;ELETRODO BIPOLAR MYOPORE 54CM                                                             ;3;39138;13046;13046
3003653;          ;BAINHA INTRODUTORA DIVISIVEL PRELUDE SNAP 6FX13CM, FIO GUIA 038X50CM                      ;11;1298;118;118
3003654;          ;BAINHA INTRODUTORA DIVISIVEL PRELUDE SNAP 8FX13CM, FIO GUIA 038X50CM                      ;9;1062;118;118
3003655;          ;BAINHA INTRODUTORA DIVISIVEL PRELUDE SNAP 7FX13CM, FIO GUIA 038X50CM                      ;9;1062;118;118
3003656;          ;CATETER SWAN GANZ ADULTO 7F 4 VIAS 110CM                                                  ;5;6000;1200;1200
3003657;          ;CPS DIRE CATETER INIVERSAL GUIA EXTERNO CORTAVEL                                          ;6;1200;200;200
3003658;          ;MRI DR QC ELIPSE DF4 GERADOR DE PULSO                                                     ;7;203070;29010;29010
3003659;          ;QUADRA ASSURA MP DF4 MRI/CD3371-40QC                                                      ;1;38881;38881;38881
3003660;          ;CPS IAM UNIVERSAL BUB-90-59CM                                                             ;8;2290;286,25;287
3003662;          ;MRI ELETRODO QUARTET                                                                      ;1;1073;1073;1073
3003663;UM        ;HASTE INTRAM. BLOQUEADA DE TIBIA 10X320MM (03.052-0)                                      ;0;0;0;0
3003664;UM        ;HASTE INTRAM.BLOQUEADA DE TIBIA(INCLUI TODODS OS TAMANHOS)                                ;188;149742;796,5;796,5
3003665;          ;PINCA P/RETIRADA DE CORPO ESTRANHO DENTE DE RATO TUBO DE METAL 2.3MM X 230CM              ;10;15387,5;1538,75;1538,75
3003666;          ;ENDOSCOPIO RIGIDO AV 30(GRAUS)/4MM/30CM                                                   ;2;35314,2;17657,1;17657,1
3003667;          ;RESSECTOSCOPIO BIPOLAR                                                                    ;1;53085,99;53085,99;53085,99
3003668;          ;CAIXA PARA CISTOSCOPIO(CX DE ESTERELIZACAO)                                               ;1;9014,98;9014,98;9014,98
3003669;          ;(PLASTICA)IMPLANTE MAMARIO DE SILICONE IMPLEO ALTA 240ML                                  ;2;4246,44;2123,22;2123,22
3003670;          ;(PLASTICA)IMPLANTE MAMARIO DE SILICONE IMPLEO ALTA 520ML                                  ;2;4246,44;2123,22;2123,22
3003671;          ;KIT LAVAGEM PULSATIL CIRURGICO DESCARTAVEL                                                ;35;15750;450;450
3003672;          ;PARF.CORTICAL AUTO ROSQ.TITANIO 3,5X36MM (EXTRA SUS)                                      ;0;0;0;72,08
3003673;          ;PARAF. ESPONJOSO R.PARCIAL TITANIO 4,0X50MM (EXTRA SUS)                                   ;0;0;0;75
3003674;          ;PLACA BLOQ.EM T 3X3FUROS TITANIO (EXTRA SUS)                                              ;0;0;0;571,42
3003675;          ;PLACA BLOQ. T OBLIQUA ESQUERDA 3X5FUROS (EXTRA SUS)                                       ;0;0;0;1133,33
3003676;          ;PLACA BLOQ. T OBLIQUA ESQUERDA 3X7FUROS (EXTRA SUS)                                       ;0;0;0;1133,33
3003677;          ;PLACA BLOQ. T OBLIQUA DIREITA 3X5FUROS (EXTRA SUS)                                        ;0;0;0;1133,33
3003678;          ;PLACA BLOQ. T OBLIQUA DIREITA 3X7FUROS (EXTRA SUS)                                        ;0;0;0;1133,33
3003679;          ;PLACA BLOQ. RECONSTRUCAO TITANIO 4FUROS (EXTRA SUS)                                       ;0;0;0;352,65
3003680;          ;PLACA BLOQ. RECONSTRUCAO TITANIO 5FUROS (EXTRA SUS)                                       ;0;0;0;352,65
3003681;          ;PLACA BLOQ. RECONSTRUCAO TITANIO 6FUROS (EXTRA SUS)                                       ;0;0;0;352,65
3003682;          ;PLACA BLOQ. RECONSTRUCAO TITANIO 7FUROS (EXTRA SUS)                                       ;0;0;0;352,65
3003683;          ;PLACA BLOOQ.RECONSTRUCAO TITANIO 8FUROS (EXTRA SUS)                                       ;0;0;0;352,65
3003684;          ;PLACA BLOQ.RECONSTRUCAO TITANIO 10FUROS (EXTRA SUS)                                       ;0;0;0;352,65
3003685;          ;PLACA BLOQ.RECONSTRUCAO TITANIO 12FUROS (EXTRA SUS)                                       ;6;432,48;72,08;72,08
3003686;          ;HASTE INTRAMEDULAR DE FEMUR(TODAS AS MEDIDAS)                                             ;70;44590;637;637
3003687;          ;PARAFUSO DESLIZANTE MODELO 3(TODODS OS TAMANHOS)                                          ;0;0;0;0
3003688;          ;PLACA T 4,5 (TODOS OS TAMANHOS)                                                           ;21;3990;190;190
3003689;          ;PLACA 1/3 TUBULAR 4,5(TODOS OS TAMANHOS)                                                  ;41;5740;140;140
3003690;          ;PARAFUSO ESPONJOSO RC/RL (TODOS OS TAMANHOS)                                              ;650;18011,5;27,71;27,71
3003694;UM        ;CABECA FEMORAL INTERCAMBIAVEL 32MM+7.0 (CERAMICA)                                         ;0;0;0;5700
3003695;UM        ;PLACA BLOQUEADA PARA ARTRODESE DE PUNHO 3,5(CURTA,LONGA E RETA)EM TITANIO(EXTRA SUS)      ;3;4933,32;1644,44;1644,44
3003696;UM        ;PLACA PARA UMERO DISTAL LATERAL DIREITA/ESQUERDA 3,5 EM TITANIO (EXTRA SUS)               ;6;13533,3;2255,55;2255,55
3003697;UM        ;(BUCOMAXILO)PLACA L PONTE DF(TODOS OS TAMANHOS)                                           ;35;6204,8;177,28;177,28
3003698;UM        ;(CPRE)PAPILOTOMO TRIPLO LUMEN 4.4FR DE 20MM X 200CM.                                      ;191;208190;1090;1090
3003700;UMA       ;(CPRE)FIO GUIA TIPO BILIAR 0,025X450CM                                                    ;235;135125;575;575
3003701;UMA       ;(CPRE)FIO GUIA HIDROFILICO BILIAR STANDARD 0,035X450CM                                    ;198;113850;575;575
3003702;UM        ;(OFTALMO)IMPLANTE OFTALMOLOGICO ORBITAL-14MM                                              ;2;14000;7000;7000
3003703;UM        ;(OFTALMO)IMPLANTE OFTALMOLOGICO ORBITAL-16MM                                              ;2;14000;7000;7000
3003704;UM        ;(OFTALMO)IMPLANTE OFTALMOLOGICO ORBITAL-18MM                                              ;2;14000;7000;7000
3003705;UM        ;BROCA CIRURGICA LISA 3,7X300MMX40MM                                                       ;2;25,8;12,9;12,9
3003706;UM        ;HASTE PFN LONGA DIREITA                                                                   ;547;243415;445;445
3003707;UM        ;HASTE PFN LONGA ESQUERDA                                                                  ;448;199360;445;445
3003708;UM        ;PLACA DCP ESTREITA 4,5 DE 4 A 20 FUROS                                                    ;510;71400;140;140
3003709;UM        ;PLACA DCP LARGA 4,5 DE 4 A 20 FUROS                                                       ;331;46340;140;140
3003710;UMA       ;PLACA EM T 4,5 INCLUI PARAFUSOS                                                           ;806;153140;190;190
3003711;UM        ;HASTE PFN CURTA                                                                           ;513;375003;731;731
3003714;UM        ;BICO DE SAIDA PARA OXIGENIO                                                               ;95;1375,6;14,48;14,48
3003715;UM        ;BICO DE SAIDA PARA AR COMPRIMIDO                                                          ;95;2115,65;22,27;22,27
3003716;UMA       ;BOLSA PARA ESTOMIA ADULTA, REF 422199 CONVEXA, OPACA, SITEMA DE 1 PECA.                   ;0;0;0;150
3003741;UM        ;PARAFUSO CANULADO CONICO AUTO COMPRESSIVO 3.0 TAM 10-30MM                                 ;93;46500;500;500
3003742;UM        ;AGULHA PARA SUTURA DE MENISCO                                                             ;35;20475;585;585
3003743;UM        ;DISPOSITIVO DE REPARO DE MENISCO COM 7 DISPAROS                                           ;8;28000;3500;3500
3003744;UM        ;FIO ACO TIPO ACIFLEX N.5 (EXTRA SUS)                                                      ;24;714,48;29,77;29,77
3003745;UM        ;CAMPO CIRURGICO INCISIONAL ANTIMICROBIANO 10CMX25CM                                       ;510;22950;45;45
3003746;UM        ;CAMPO CIRURGICO INCISIONAL ANTIMICROBIANO 30CMX45CM                                       ;200;13300;66,5;66,5
3003747;PCT.      ;(ESPEC)PORTA LAMINA CAPACIDADE PARA 03 LAMINAS DE PLASTICO TIPO FRASCO PCT C/100UND       ;21,5;2150;100;100
3003748;UM        ;(CIR GERAL)DRENAGEM DE VIA BILIAR(DRENO DE PIGTAIL)08FR                                   ;45;42499,8;944,44;944,44
3003749;UM        ;(CIR GERAL)DRENAGEM DE VIA BILIAR(DRENO DE PIGTAIL)10FR                                   ;45;43999,65;977,77;977,77
3003750;UM        ;(CIR GERAL)DRENAGEM DE VIA BILIAR(DRENO DE PIGTAIL)12FR                                   ;45;43999,65;977,77;977,77
3003751;UM        ;(ESPEC)AGULHA P/BIOPSIA DE MAMA 14GX12MM DESC.SEMIAUTOMATICA SEM PISTOLA                  ;100;6938;69,38;69,38
3003752;UM        ;(ESPEC)AGULHA P/BIOPSIA DE MAMA 16GX160MM DESC SEMIAUTOMATICA SEM PISTOLA                 ;100;7111;71,11;71,11
3003753;UM        ;(ESPEC)AGULHA P/BIOPSIA DE MAMA 16GX100MM DESC.SEMIAUTOMATICA SEM PISTOLA                 ;100;7305;73,05;73,05
3003754;UM        ;(ESPEC)AGULHA P/BIOPSIA DE MAMA 14GX120MM P/UTILIZA√ÄCAO EM INSTRUMENTO AUTOMATICO DE BIOP;100;6274;62,74;62,74
3003755;UM        ;(ESPEC)GUIA DE BIOPSIA RETAL COMPATIVEL COM APARELHO GE                                   ;100;14705;147,05;147,05
3003756;UM        ;(ESPEC)TROCARTER DESCARTAVEL PARA LAPAROSCOPIA 11MMX10CM                                  ;180;29700;165;165
3003757;UM        ;PARAFUSO AUTO ROSQUEAVEL 5,0X65                                                           ;0;0;0;41,69
3003758;UM        ;(C.GERAL)TESOURA COAGULADORA ULTRASSONICA 5MM LAMINA RETA 23CM E 36CM                     ;479;887203,8;1852,2;1852,2
